:0200000460009A
:100000004643464200000156000000000103030081
:1000100000000000000000000000000000000000E0
:1000200000000000000000000000000000000000D0
:1000300000000000000000000000000000000000C0
:1000400000000000010408000000000000000000A3
:100050000000800000000000000000000000000020
:100060000000000000000000000000000000000090
:100070000000000000000000000000000000000080
:10008000EB04180A063204260000000000000000FD
:10009000050404240000000000000000000000002F
:1000A0000000000000000000000000000000000050
:1000B0000604000000000000000000000000000036
:1000C0000000000000000000000000000000000030
:1000D00020041808000000000000000000000000DC
:1000E0000000000000000000000000000000000010
:1000F0000000000000000000000000000000000000
:10010000D8041808000000000000000000000000F3
:100110000204180804200000000000000000000095
:1001200000000000000000000000000000000000CF
:10013000600400000000000000000000000000005B
:1001400000000000000000000000000000000000AF
:10015000000000000000000000000000000000009F
:10016000000000000000000000000000000000008F
:10017000000000000000000000000000000000007F
:10018000000000000000000000000000000000006F
:10019000000000000000000000000000000000005F
:1001A000000000000000000000000000000000004F
:1001B000000000000000000000000000000000003F
:1001C000000100000010000001000000000000001D
:1001D000000001000000000000000000000000001E
:1001E000000000000000000000000000000000000F
:1001F00000000000000000000000000000000000FF
:10020000FFFFFFFFFFFFFFFFFFFFFFFFFFFFFFFFFE
:10021000FFFFFFFFFFFFFFFFFFFFFFFFFFFFFFFFEE
:10022000FFFFFFFFFFFFFFFFFFFFFFFFFFFFFFFFDE
:10023000FFFFFFFFFFFFFFFFFFFFFFFFFFFFFFFFCE
:10024000FFFFFFFFFFFFFFFFFFFFFFFFFFFFFFFFBE
:10025000FFFFFFFFFFFFFFFFFFFFFFFFFFFFFFFFAE
:10026000FFFFFFFFFFFFFFFFFFFFFFFFFFFFFFFF9E
:10027000FFFFFFFFFFFFFFFFFFFFFFFFFFFFFFFF8E
:10028000FFFFFFFFFFFFFFFFFFFFFFFFFFFFFFFF7E
:10029000FFFFFFFFFFFFFFFFFFFFFFFFFFFFFFFF6E
:1002A000FFFFFFFFFFFFFFFFFFFFFFFFFFFFFFFF5E
:1002B000FFFFFFFFFFFFFFFFFFFFFFFFFFFFFFFF4E
:1002C000FFFFFFFFFFFFFFFFFFFFFFFFFFFFFFFF3E
:1002D000FFFFFFFFFFFFFFFFFFFFFFFFFFFFFFFF2E
:1002E000FFFFFFFFFFFFFFFFFFFFFFFFFFFFFFFF1E
:1002F000FFFFFFFFFFFFFFFFFFFFFFFFFFFFFFFF0E
:10030000FFFFFFFFFFFFFFFFFFFFFFFFFFFFFFFFFD
:10031000FFFFFFFFFFFFFFFFFFFFFFFFFFFFFFFFED
:10032000FFFFFFFFFFFFFFFFFFFFFFFFFFFFFFFFDD
:10033000FFFFFFFFFFFFFFFFFFFFFFFFFFFFFFFFCD
:10034000FFFFFFFFFFFFFFFFFFFFFFFFFFFFFFFFBD
:10035000FFFFFFFFFFFFFFFFFFFFFFFFFFFFFFFFAD
:10036000FFFFFFFFFFFFFFFFFFFFFFFFFFFFFFFF9D
:10037000FFFFFFFFFFFFFFFFFFFFFFFFFFFFFFFF8D
:10038000FFFFFFFFFFFFFFFFFFFFFFFFFFFFFFFF7D
:10039000FFFFFFFFFFFFFFFFFFFFFFFFFFFFFFFF6D
:1003A000FFFFFFFFFFFFFFFFFFFFFFFFFFFFFFFF5D
:1003B000FFFFFFFFFFFFFFFFFFFFFFFFFFFFFFFF4D
:1003C000FFFFFFFFFFFFFFFFFFFFFFFFFFFFFFFF3D
:1003D000FFFFFFFFFFFFFFFFFFFFFFFFFFFFFFFF2D
:1003E000FFFFFFFFFFFFFFFFFFFFFFFFFFFFFFFF1D
:1003F000FFFFFFFFFFFFFFFFFFFFFFFFFFFFFFFF0D
:10040000FFFFFFFFFFFFFFFFFFFFFFFFFFFFFFFFFC
:10041000FFFFFFFFFFFFFFFFFFFFFFFFFFFFFFFFEC
:10042000FFFFFFFFFFFFFFFFFFFFFFFFFFFFFFFFDC
:10043000FFFFFFFFFFFFFFFFFFFFFFFFFFFFFFFFCC
:10044000FFFFFFFFFFFFFFFFFFFFFFFFFFFFFFFFBC
:10045000FFFFFFFFFFFFFFFFFFFFFFFFFFFFFFFFAC
:10046000FFFFFFFFFFFFFFFFFFFFFFFFFFFFFFFF9C
:10047000FFFFFFFFFFFFFFFFFFFFFFFFFFFFFFFF8C
:10048000FFFFFFFFFFFFFFFFFFFFFFFFFFFFFFFF7C
:10049000FFFFFFFFFFFFFFFFFFFFFFFFFFFFFFFF6C
:1004A000FFFFFFFFFFFFFFFFFFFFFFFFFFFFFFFF5C
:1004B000FFFFFFFFFFFFFFFFFFFFFFFFFFFFFFFF4C
:1004C000FFFFFFFFFFFFFFFFFFFFFFFFFFFFFFFF3C
:1004D000FFFFFFFFFFFFFFFFFFFFFFFFFFFFFFFF2C
:1004E000FFFFFFFFFFFFFFFFFFFFFFFFFFFFFFFF1C
:1004F000FFFFFFFFFFFFFFFFFFFFFFFFFFFFFFFF0C
:10050000FFFFFFFFFFFFFFFFFFFFFFFFFFFFFFFFFB
:10051000FFFFFFFFFFFFFFFFFFFFFFFFFFFFFFFFEB
:10052000FFFFFFFFFFFFFFFFFFFFFFFFFFFFFFFFDB
:10053000FFFFFFFFFFFFFFFFFFFFFFFFFFFFFFFFCB
:10054000FFFFFFFFFFFFFFFFFFFFFFFFFFFFFFFFBB
:10055000FFFFFFFFFFFFFFFFFFFFFFFFFFFFFFFFAB
:10056000FFFFFFFFFFFFFFFFFFFFFFFFFFFFFFFF9B
:10057000FFFFFFFFFFFFFFFFFFFFFFFFFFFFFFFF8B
:10058000FFFFFFFFFFFFFFFFFFFFFFFFFFFFFFFF7B
:10059000FFFFFFFFFFFFFFFFFFFFFFFFFFFFFFFF6B
:1005A000FFFFFFFFFFFFFFFFFFFFFFFFFFFFFFFF5B
:1005B000FFFFFFFFFFFFFFFFFFFFFFFFFFFFFFFF4B
:1005C000FFFFFFFFFFFFFFFFFFFFFFFFFFFFFFFF3B
:1005D000FFFFFFFFFFFFFFFFFFFFFFFFFFFFFFFF2B
:1005E000FFFFFFFFFFFFFFFFFFFFFFFFFFFFFFFF1B
:1005F000FFFFFFFFFFFFFFFFFFFFFFFFFFFFFFFF0B
:10060000FFFFFFFFFFFFFFFFFFFFFFFFFFFFFFFFFA
:10061000FFFFFFFFFFFFFFFFFFFFFFFFFFFFFFFFEA
:10062000FFFFFFFFFFFFFFFFFFFFFFFFFFFFFFFFDA
:10063000FFFFFFFFFFFFFFFFFFFFFFFFFFFFFFFFCA
:10064000FFFFFFFFFFFFFFFFFFFFFFFFFFFFFFFFBA
:10065000FFFFFFFFFFFFFFFFFFFFFFFFFFFFFFFFAA
:10066000FFFFFFFFFFFFFFFFFFFFFFFFFFFFFFFF9A
:10067000FFFFFFFFFFFFFFFFFFFFFFFFFFFFFFFF8A
:10068000FFFFFFFFFFFFFFFFFFFFFFFFFFFFFFFF7A
:10069000FFFFFFFFFFFFFFFFFFFFFFFFFFFFFFFF6A
:1006A000FFFFFFFFFFFFFFFFFFFFFFFFFFFFFFFF5A
:1006B000FFFFFFFFFFFFFFFFFFFFFFFFFFFFFFFF4A
:1006C000FFFFFFFFFFFFFFFFFFFFFFFFFFFFFFFF3A
:1006D000FFFFFFFFFFFFFFFFFFFFFFFFFFFFFFFF2A
:1006E000FFFFFFFFFFFFFFFFFFFFFFFFFFFFFFFF1A
:1006F000FFFFFFFFFFFFFFFFFFFFFFFFFFFFFFFF0A
:10070000FFFFFFFFFFFFFFFFFFFFFFFFFFFFFFFFF9
:10071000FFFFFFFFFFFFFFFFFFFFFFFFFFFFFFFFE9
:10072000FFFFFFFFFFFFFFFFFFFFFFFFFFFFFFFFD9
:10073000FFFFFFFFFFFFFFFFFFFFFFFFFFFFFFFFC9
:10074000FFFFFFFFFFFFFFFFFFFFFFFFFFFFFFFFB9
:10075000FFFFFFFFFFFFFFFFFFFFFFFFFFFFFFFFA9
:10076000FFFFFFFFFFFFFFFFFFFFFFFFFFFFFFFF99
:10077000FFFFFFFFFFFFFFFFFFFFFFFFFFFFFFFF89
:10078000FFFFFFFFFFFFFFFFFFFFFFFFFFFFFFFF79
:10079000FFFFFFFFFFFFFFFFFFFFFFFFFFFFFFFF69
:1007A000FFFFFFFFFFFFFFFFFFFFFFFFFFFFFFFF59
:1007B000FFFFFFFFFFFFFFFFFFFFFFFFFFFFFFFF49
:1007C000FFFFFFFFFFFFFFFFFFFFFFFFFFFFFFFF39
:1007D000FFFFFFFFFFFFFFFFFFFFFFFFFFFFFFFF29
:1007E000FFFFFFFFFFFFFFFFFFFFFFFFFFFFFFFF19
:1007F000FFFFFFFFFFFFFFFFFFFFFFFFFFFFFFFF09
:10080000FFFFFFFFFFFFFFFFFFFFFFFFFFFFFFFFF8
:10081000FFFFFFFFFFFFFFFFFFFFFFFFFFFFFFFFE8
:10082000FFFFFFFFFFFFFFFFFFFFFFFFFFFFFFFFD8
:10083000FFFFFFFFFFFFFFFFFFFFFFFFFFFFFFFFC8
:10084000FFFFFFFFFFFFFFFFFFFFFFFFFFFFFFFFB8
:10085000FFFFFFFFFFFFFFFFFFFFFFFFFFFFFFFFA8
:10086000FFFFFFFFFFFFFFFFFFFFFFFFFFFFFFFF98
:10087000FFFFFFFFFFFFFFFFFFFFFFFFFFFFFFFF88
:10088000FFFFFFFFFFFFFFFFFFFFFFFFFFFFFFFF78
:10089000FFFFFFFFFFFFFFFFFFFFFFFFFFFFFFFF68
:1008A000FFFFFFFFFFFFFFFFFFFFFFFFFFFFFFFF58
:1008B000FFFFFFFFFFFFFFFFFFFFFFFFFFFFFFFF48
:1008C000FFFFFFFFFFFFFFFFFFFFFFFFFFFFFFFF38
:1008D000FFFFFFFFFFFFFFFFFFFFFFFFFFFFFFFF28
:1008E000FFFFFFFFFFFFFFFFFFFFFFFFFFFFFFFF18
:1008F000FFFFFFFFFFFFFFFFFFFFFFFFFFFFFFFF08
:10090000FFFFFFFFFFFFFFFFFFFFFFFFFFFFFFFFF7
:10091000FFFFFFFFFFFFFFFFFFFFFFFFFFFFFFFFE7
:10092000FFFFFFFFFFFFFFFFFFFFFFFFFFFFFFFFD7
:10093000FFFFFFFFFFFFFFFFFFFFFFFFFFFFFFFFC7
:10094000FFFFFFFFFFFFFFFFFFFFFFFFFFFFFFFFB7
:10095000FFFFFFFFFFFFFFFFFFFFFFFFFFFFFFFFA7
:10096000FFFFFFFFFFFFFFFFFFFFFFFFFFFFFFFF97
:10097000FFFFFFFFFFFFFFFFFFFFFFFFFFFFFFFF87
:10098000FFFFFFFFFFFFFFFFFFFFFFFFFFFFFFFF77
:10099000FFFFFFFFFFFFFFFFFFFFFFFFFFFFFFFF67
:1009A000FFFFFFFFFFFFFFFFFFFFFFFFFFFFFFFF57
:1009B000FFFFFFFFFFFFFFFFFFFFFFFFFFFFFFFF47
:1009C000FFFFFFFFFFFFFFFFFFFFFFFFFFFFFFFF37
:1009D000FFFFFFFFFFFFFFFFFFFFFFFFFFFFFFFF27
:1009E000FFFFFFFFFFFFFFFFFFFFFFFFFFFFFFFF17
:1009F000FFFFFFFFFFFFFFFFFFFFFFFFFFFFFFFF07
:100A0000FFFFFFFFFFFFFFFFFFFFFFFFFFFFFFFFF6
:100A1000FFFFFFFFFFFFFFFFFFFFFFFFFFFFFFFFE6
:100A2000FFFFFFFFFFFFFFFFFFFFFFFFFFFFFFFFD6
:100A3000FFFFFFFFFFFFFFFFFFFFFFFFFFFFFFFFC6
:100A4000FFFFFFFFFFFFFFFFFFFFFFFFFFFFFFFFB6
:100A5000FFFFFFFFFFFFFFFFFFFFFFFFFFFFFFFFA6
:100A6000FFFFFFFFFFFFFFFFFFFFFFFFFFFFFFFF96
:100A7000FFFFFFFFFFFFFFFFFFFFFFFFFFFFFFFF86
:100A8000FFFFFFFFFFFFFFFFFFFFFFFFFFFFFFFF76
:100A9000FFFFFFFFFFFFFFFFFFFFFFFFFFFFFFFF66
:100AA000FFFFFFFFFFFFFFFFFFFFFFFFFFFFFFFF56
:100AB000FFFFFFFFFFFFFFFFFFFFFFFFFFFFFFFF46
:100AC000FFFFFFFFFFFFFFFFFFFFFFFFFFFFFFFF36
:100AD000FFFFFFFFFFFFFFFFFFFFFFFFFFFFFFFF26
:100AE000FFFFFFFFFFFFFFFFFFFFFFFFFFFFFFFF16
:100AF000FFFFFFFFFFFFFFFFFFFFFFFFFFFFFFFF06
:100B0000FFFFFFFFFFFFFFFFFFFFFFFFFFFFFFFFF5
:100B1000FFFFFFFFFFFFFFFFFFFFFFFFFFFFFFFFE5
:100B2000FFFFFFFFFFFFFFFFFFFFFFFFFFFFFFFFD5
:100B3000FFFFFFFFFFFFFFFFFFFFFFFFFFFFFFFFC5
:100B4000FFFFFFFFFFFFFFFFFFFFFFFFFFFFFFFFB5
:100B5000FFFFFFFFFFFFFFFFFFFFFFFFFFFFFFFFA5
:100B6000FFFFFFFFFFFFFFFFFFFFFFFFFFFFFFFF95
:100B7000FFFFFFFFFFFFFFFFFFFFFFFFFFFFFFFF85
:100B8000FFFFFFFFFFFFFFFFFFFFFFFFFFFFFFFF75
:100B9000FFFFFFFFFFFFFFFFFFFFFFFFFFFFFFFF65
:100BA000FFFFFFFFFFFFFFFFFFFFFFFFFFFFFFFF55
:100BB000FFFFFFFFFFFFFFFFFFFFFFFFFFFFFFFF45
:100BC000FFFFFFFFFFFFFFFFFFFFFFFFFFFFFFFF35
:100BD000FFFFFFFFFFFFFFFFFFFFFFFFFFFFFFFF25
:100BE000FFFFFFFFFFFFFFFFFFFFFFFFFFFFFFFF15
:100BF000FFFFFFFFFFFFFFFFFFFFFFFFFFFFFFFF05
:100C0000FFFFFFFFFFFFFFFFFFFFFFFFFFFFFFFFF4
:100C1000FFFFFFFFFFFFFFFFFFFFFFFFFFFFFFFFE4
:100C2000FFFFFFFFFFFFFFFFFFFFFFFFFFFFFFFFD4
:100C3000FFFFFFFFFFFFFFFFFFFFFFFFFFFFFFFFC4
:100C4000FFFFFFFFFFFFFFFFFFFFFFFFFFFFFFFFB4
:100C5000FFFFFFFFFFFFFFFFFFFFFFFFFFFFFFFFA4
:100C6000FFFFFFFFFFFFFFFFFFFFFFFFFFFFFFFF94
:100C7000FFFFFFFFFFFFFFFFFFFFFFFFFFFFFFFF84
:100C8000FFFFFFFFFFFFFFFFFFFFFFFFFFFFFFFF74
:100C9000FFFFFFFFFFFFFFFFFFFFFFFFFFFFFFFF64
:100CA000FFFFFFFFFFFFFFFFFFFFFFFFFFFFFFFF54
:100CB000FFFFFFFFFFFFFFFFFFFFFFFFFFFFFFFF44
:100CC000FFFFFFFFFFFFFFFFFFFFFFFFFFFFFFFF34
:100CD000FFFFFFFFFFFFFFFFFFFFFFFFFFFFFFFF24
:100CE000FFFFFFFFFFFFFFFFFFFFFFFFFFFFFFFF14
:100CF000FFFFFFFFFFFFFFFFFFFFFFFFFFFFFFFF04
:100D0000FFFFFFFFFFFFFFFFFFFFFFFFFFFFFFFFF3
:100D1000FFFFFFFFFFFFFFFFFFFFFFFFFFFFFFFFE3
:100D2000FFFFFFFFFFFFFFFFFFFFFFFFFFFFFFFFD3
:100D3000FFFFFFFFFFFFFFFFFFFFFFFFFFFFFFFFC3
:100D4000FFFFFFFFFFFFFFFFFFFFFFFFFFFFFFFFB3
:100D5000FFFFFFFFFFFFFFFFFFFFFFFFFFFFFFFFA3
:100D6000FFFFFFFFFFFFFFFFFFFFFFFFFFFFFFFF93
:100D7000FFFFFFFFFFFFFFFFFFFFFFFFFFFFFFFF83
:100D8000FFFFFFFFFFFFFFFFFFFFFFFFFFFFFFFF73
:100D9000FFFFFFFFFFFFFFFFFFFFFFFFFFFFFFFF63
:100DA000FFFFFFFFFFFFFFFFFFFFFFFFFFFFFFFF53
:100DB000FFFFFFFFFFFFFFFFFFFFFFFFFFFFFFFF43
:100DC000FFFFFFFFFFFFFFFFFFFFFFFFFFFFFFFF33
:100DD000FFFFFFFFFFFFFFFFFFFFFFFFFFFFFFFF23
:100DE000FFFFFFFFFFFFFFFFFFFFFFFFFFFFFFFF13
:100DF000FFFFFFFFFFFFFFFFFFFFFFFFFFFFFFFF03
:100E0000FFFFFFFFFFFFFFFFFFFFFFFFFFFFFFFFF2
:100E1000FFFFFFFFFFFFFFFFFFFFFFFFFFFFFFFFE2
:100E2000FFFFFFFFFFFFFFFFFFFFFFFFFFFFFFFFD2
:100E3000FFFFFFFFFFFFFFFFFFFFFFFFFFFFFFFFC2
:100E4000FFFFFFFFFFFFFFFFFFFFFFFFFFFFFFFFB2
:100E5000FFFFFFFFFFFFFFFFFFFFFFFFFFFFFFFFA2
:100E6000FFFFFFFFFFFFFFFFFFFFFFFFFFFFFFFF92
:100E7000FFFFFFFFFFFFFFFFFFFFFFFFFFFFFFFF82
:100E8000FFFFFFFFFFFFFFFFFFFFFFFFFFFFFFFF72
:100E9000FFFFFFFFFFFFFFFFFFFFFFFFFFFFFFFF62
:100EA000FFFFFFFFFFFFFFFFFFFFFFFFFFFFFFFF52
:100EB000FFFFFFFFFFFFFFFFFFFFFFFFFFFFFFFF42
:100EC000FFFFFFFFFFFFFFFFFFFFFFFFFFFFFFFF32
:100ED000FFFFFFFFFFFFFFFFFFFFFFFFFFFFFFFF22
:100EE000FFFFFFFFFFFFFFFFFFFFFFFFFFFFFFFF12
:100EF000FFFFFFFFFFFFFFFFFFFFFFFFFFFFFFFF02
:100F0000FFFFFFFFFFFFFFFFFFFFFFFFFFFFFFFFF1
:100F1000FFFFFFFFFFFFFFFFFFFFFFFFFFFFFFFFE1
:100F2000FFFFFFFFFFFFFFFFFFFFFFFFFFFFFFFFD1
:100F3000FFFFFFFFFFFFFFFFFFFFFFFFFFFFFFFFC1
:100F4000FFFFFFFFFFFFFFFFFFFFFFFFFFFFFFFFB1
:100F5000FFFFFFFFFFFFFFFFFFFFFFFFFFFFFFFFA1
:100F6000FFFFFFFFFFFFFFFFFFFFFFFFFFFFFFFF91
:100F7000FFFFFFFFFFFFFFFFFFFFFFFFFFFFFFFF81
:100F8000FFFFFFFFFFFFFFFFFFFFFFFFFFFFFFFF71
:100F9000FFFFFFFFFFFFFFFFFFFFFFFFFFFFFFFF61
:100FA000FFFFFFFFFFFFFFFFFFFFFFFFFFFFFFFF51
:100FB000FFFFFFFFFFFFFFFFFFFFFFFFFFFFFFFF41
:100FC000FFFFFFFFFFFFFFFFFFFFFFFFFFFFFFFF31
:100FD000FFFFFFFFFFFFFFFFFFFFFFFFFFFFFFFF21
:100FE000FFFFFFFFFFFFFFFFFFFFFFFFFFFFFFFF11
:100FF000FFFFFFFFFFFFFFFFFFFFFFFFFFFFFFFF01
:10100000D10020434D1600600000000000000000E9
:101010002010006000100060003C01600000000033
:10102000000000600048010000000000FFFFFFFF1B
:10103000FFFFFFFFFFFFFFFFFFFFFFFFFFFFFFFFC0
:10104000FFFFFFFFFFFFFFFFFFFFFFFFFFFFFFFFB0
:10105000FFFFFFFFFFFFFFFFFFFFFFFFFFFFFFFFA0
:10106000FFFFFFFFFFFFFFFFFFFFFFFFFFFFFFFF90
:10107000FFFFFFFFFFFFFFFFFFFFFFFFFFFFFFFF80
:10108000FFFFFFFFFFFFFFFFFFFFFFFFFFFFFFFF70
:10109000FFFFFFFFFFFFFFFFFFFFFFFFFFFFFFFF60
:1010A000FFFFFFFFFFFFFFFFFFFFFFFFFFFFFFFF50
:1010B000FFFFFFFFFFFFFFFFFFFFFFFFFFFFFFFF40
:1010C000FFFFFFFFFFFFFFFFFFFFFFFFFFFFFFFF30
:1010D000FFFFFFFFFFFFFFFFFFFFFFFFFFFFFFFF20
:1010E000FFFFFFFFFFFFFFFFFFFFFFFFFFFFFFFF10
:1010F000FFFFFFFFFFFFFFFFFFFFFFFFFFFFFFFF00
:10110000FFFFFFFFFFFFFFFFFFFFFFFFFFFFFFFFEF
:10111000FFFFFFFFFFFFFFFFFFFFFFFFFFFFFFFFDF
:10112000FFFFFFFFFFFFFFFFFFFFFFFFFFFFFFFFCF
:10113000FFFFFFFFFFFFFFFFFFFFFFFFFFFFFFFFBF
:10114000FFFFFFFFFFFFFFFFFFFFFFFFFFFFFFFFAF
:10115000FFFFFFFFFFFFFFFFFFFFFFFFFFFFFFFF9F
:10116000FFFFFFFFFFFFFFFFFFFFFFFFFFFFFFFF8F
:10117000FFFFFFFFFFFFFFFFFFFFFFFFFFFFFFFF7F
:10118000FFFFFFFFFFFFFFFFFFFFFFFFFFFFFFFF6F
:10119000FFFFFFFFFFFFFFFFFFFFFFFFFFFFFFFF5F
:1011A000FFFFFFFFFFFFFFFFFFFFFFFFFFFFFFFF4F
:1011B000FFFFFFFFFFFFFFFFFFFFFFFFFFFFFFFF3F
:1011C000FFFFFFFFFFFFFFFFFFFFFFFFFFFFFFFF2F
:1011D000FFFFFFFFFFFFFFFFFFFFFFFFFFFFFFFF1F
:1011E000FFFFFFFFFFFFFFFFFFFFFFFFFFFFFFFF0F
:1011F000FFFFFFFFFFFFFFFFFFFFFFFFFFFFFFFFFF
:10120000FFFFFFFFFFFFFFFFFFFFFFFFFFFFFFFFEE
:10121000FFFFFFFFFFFFFFFFFFFFFFFFFFFFFFFFDE
:10122000FFFFFFFFFFFFFFFFFFFFFFFFFFFFFFFFCE
:10123000FFFFFFFFFFFFFFFFFFFFFFFFFFFFFFFFBE
:10124000FFFFFFFFFFFFFFFFFFFFFFFFFFFFFFFFAE
:10125000FFFFFFFFFFFFFFFFFFFFFFFFFFFFFFFF9E
:10126000FFFFFFFFFFFFFFFFFFFFFFFFFFFFFFFF8E
:10127000FFFFFFFFFFFFFFFFFFFFFFFFFFFFFFFF7E
:10128000FFFFFFFFFFFFFFFFFFFFFFFFFFFFFFFF6E
:10129000FFFFFFFFFFFFFFFFFFFFFFFFFFFFFFFF5E
:1012A000FFFFFFFFFFFFFFFFFFFFFFFFFFFFFFFF4E
:1012B000FFFFFFFFFFFFFFFFFFFFFFFFFFFFFFFF3E
:1012C000FFFFFFFFFFFFFFFFFFFFFFFFFFFFFFFF2E
:1012D000FFFFFFFFFFFFFFFFFFFFFFFFFFFFFFFF1E
:1012E000FFFFFFFFFFFFFFFFFFFFFFFFFFFFFFFF0E
:1012F000FFFFFFFFFFFFFFFFFFFFFFFFFFFFFFFFFE
:10130000FFFFFFFFFFFFFFFFFFFFFFFFFFFFFFFFED
:10131000FFFFFFFFFFFFFFFFFFFFFFFFFFFFFFFFDD
:10132000FFFFFFFFFFFFFFFFFFFFFFFFFFFFFFFFCD
:10133000FFFFFFFFFFFFFFFFFFFFFFFFFFFFFFFFBD
:10134000FFFFFFFFFFFFFFFFFFFFFFFFFFFFFFFFAD
:10135000FFFFFFFFFFFFFFFFFFFFFFFFFFFFFFFF9D
:10136000FFFFFFFFFFFFFFFFFFFFFFFFFFFFFFFF8D
:10137000FFFFFFFFFFFFFFFFFFFFFFFFFFFFFFFF7D
:10138000FFFFFFFFFFFFFFFFFFFFFFFFFFFFFFFF6D
:10139000FFFFFFFFFFFFFFFFFFFFFFFFFFFFFFFF5D
:1013A000FFFFFFFFFFFFFFFFFFFFFFFFFFFFFFFF4D
:1013B000FFFFFFFFFFFFFFFFFFFFFFFFFFFFFFFF3D
:1013C000FFFFFFFFFFFFFFFFFFFFFFFFFFFFFFFF2D
:1013D000FFFFFFFFFFFFFFFFFFFFFFFFFFFFFFFF1D
:1013E000FFFFFFFFFFFFFFFFFFFFFFFFFFFFFFFF0D
:1013F000FFFFFFFFFFFFFFFFFFFFFFFFFFFFFFFFFD
:10140000814205D051F8043B40F8043B8242F9D8B0
:10141000704700BF044A05494FF0000342F8043BFF
:101420009142FBD8704700BFC02E002060540020BE
:101430002DE98848BFF34F8F00BF00BF00BF00BF3A
:1014400000F0D6F9684B0822C3F8542100BF00BF52
:1014500000BF00BF00BF00BF00BF00BF00BF00BF94
:1014600000BF00BF00BF00BF00BF00BF5F4A6049B0
:101470006048FFF7C5FF604A60496148FFF7C0FF59
:10148000604CFFF7C7FF4FF470004FF0E0210023DE
:101490005D4AC1F8880D44F823200133B02BFAD1FE
:1014A0005A4B80215A4A03F8011B9342FBD14FF05B
:1014B000E0254D4E4FF08039DFF884B1DFF884A18C
:1014C0004FF0FF31C5F8084D0027C6F80491C6F863
:1014D00000B1C6F8F490C6F8F0A0D5F8243DDFF8C6
:1014E000688143F4E0234B4AC5F8243DD8F81C300A
:1014F00023F07F0343F04003C8F81C30D8F82430B1
:1015000023F07F0343F04003C8F824309166D1668E
:101510001167516700F074F93F4B4049A363404B9A
:10152000E36363236B610323AF612B613D4BC5F81C
:10153000203DD5F8FC3D43F08073C5F8FC3D3A4BA7
:101540001A6842F001021A605B680B6000F0A2FBAF
:10155000C6F804913548C6F800B1C6F8F490C6F84C
:10156000F0A000F02DFDD8F86C10314B314A41F459
:101570004051C8F86C101F60C3F80871C3F81871A7
:10158000C3F82871C3F83871936BDB0708D442F6AF
:101590001563294951651365936B43F00103936308
:1015A000244A264C936843F00113936000F0B0F98D
:1015B00000F0D4FC00F014FD00F09AFB00F01AF9E2
:1015C0002368132BFCD900F02BFC2368B3F5967F1E
:1015D000FBD300F013F900F00FF900F005FD00F067
:1015E0000BFD30BFFDE700BF00800D40F8E80000B4
:1015F0000C22006000000000C02E0020080B0160DB
:1016000000000020002C002071BF000000E400E07A
:10161000A0E400E000C00A404DA40000FC520020FD
:1016200051A4000000002020001000E00046C32369
:101630000040084000400D400000C056005300200C
:101640001B1018200C0D111300C00F40054B4FF458
:101650002A01054A05485A641864054A9963954663
:10166000FFF7E6FE00C00A40AFAAAAAA07002000C2
:101670000000072043690A4A03EB011010B4037A03
:10168000084C02EB0313D3E901321460C2681A60FC
:1016900003690BB142691A605DF8044B704700BFE3
:1016A0002808002061F801004369027E03EB021262
:1016B00092F808C08C451CD01A7AFF2A19D09142A2
:1016C00010B5044616D01A7EFF2A06D00121D3E9B0
:1016D000002312681A4201D1217610BD064B052263
:1016E000204603EB0C135B681A60FFF7C3FF2176FB
:1016F000F3E770470021EAE72808002043690A4A17
:1017000003EB011010B490F82830084C02EB0313DF
:10171000D3E901321460C26A1A60036B0BB1426BE9
:101720001A605DF8044B70472808002061F801003A
:101730004369427E03EB021292F828C08C451ED00A
:1017400093F82820FF2A1AD0914210B5044617D0EA
:1017500093F83820FF2A06D00121D3E9002312682C
:101760001A4201D1617610BD064B0522204603EBDB
:101770000C135B681A60FFF7C1FF6176F3E77047EF
:101780000021EAE728080020164942698B6B23F400
:101790007C0343F4802370B58B630446124DD2E979
:1017A00000130A681A4303690A60022200211A61C1
:1017B0000E4A19619A6401225A629D624FF43035D3
:1017C000DD624FF001159E6C1E6519629D651A6100
:1017D000017EFFF74FFF617E2046BDE87040FFF7B6
:1017E0008DBF00BF00C00F40B80B05053B3728195F
:1017F000704700BF704700BF704700BF00BF704711
:1018000010B44FF0E023002110243148C3F8941D98
:10181000C3F89C4D1124C3F8A00D2E48C3F89C4D6D
:101820001224C3F8A00D2C48C3F89C4D2B4AC3F8D2
:10183000A00D2B4C42F015022A48C3F89C4DC3F86A
:10184000A00D294C2948C3F89C4DC3F8A00D284C85
:10185000C3F89C2D2748284AC3F8A04DC3F89C0D17
:10186000C3F8A02D02F5A022244C0C322448C3F862
:101870009C4DC3F8A02D234AC3F89C0D224CC3F8FD
:10188000A02D02F14062C3F89C4D2048C3F8A02D62
:101890000C32C3F89C0DC3F8A02D00BF00BF00BFE1
:1018A00000BF00BF0122C3F8942DBFF34F8FBFF3D9
:1018B0006F8FC3F8501FBFF34F8FBFF36F8FD3F8F5
:1018C000142D5DF8044B42F44032C3F8142D7047D8
:1018D0003F00001025000807090010006054002098
:1018E0001300200021000207140000202500081327
:1018F000090000101600202027000B1317000040DD
:10190000180000602F000B07190000701A000080FB
:10191000F0B5B84B1822B84E0120B84F83B0C3F8C9
:101920005C62B749C3F86072B64DC3F86462A6F54D
:101930003046B54CC3F86862C3F86C52C3F87052B5
:10194000C3F87452C3F8785248F20C75DA661A6715
:101950005A679A67DA67C3F88020C3F88420C3F80F
:101960008820C1F82C03A94AC1F83003C1F8340318
:10197000C1F83803C1F83C03C1F85003A169A44B76
:101980000A40A448A4491343A44AA361D4F884306C
:1019900043F00C03C4F884304FF0FF34036843F085
:1019A0000203036003682B404FF400551A439C4B1D
:1019B000026044608A689B4C13409B4A43F000538A
:1019C0008360C36823F07803C360036A1340234332
:1019D0000362036A1340954A2343954C4362826233
:1019E000C2620022D1F8B83023F03F0343F0010374
:1019F000C0F8B830D1F8BC308E4923F03F0343F033
:101A00000103C0F8BC3040F205630261056604675B
:101A1000C0F88030456644670224C0F8843003680B
:101A200023F0020303608161834B8449C46143F85E
:101A3000042B8B42FBD1774A136843F001031360F8
:101A4000136813F00103FBD17A48022140F2F564D8
:101A5000906140F29940D16140F26641C2F8004283
:101A600042F20144C2F810127549C2F82002C2F8CD
:101A7000301240F235417348C2F83442C2F8401285
:101A8000714CC2F8500242F201207049C2F854125F
:101A90000121C2F86042C2F864025E48C2F8A03078
:101AA000C2F8A430C2F8B0104369DA07FCD50123AC
:101AB00000244FF4803257494361C0F8A040C0F879
:101AC000A420C0F8B0304B69DB07FCD5012300240B
:101AD0004FF400304F4A4B61C1F8A040C1F8A40058
:101AE000C1F8B0305369DF07FCD501230024584802
:101AF00048495361C2F8A040C2F8A400C2F8B0300F
:101B00004B69DE07FCD5D1F8003145F60D52212096
:101B10009BB24861934265D100244FF48022012397
:101B20003C48C1F8A040C1F8A420C1F8B0304369D6
:101B3000DD07FCD501234FF400040021354A436141
:101B4000C0F8A040C0F8A410C0F8B0305369DC075A
:101B5000FCD501234FF400044FF480302D4953612C
:101B6000C2F8A040C2F8A400C2F8B0304B69D80750
:101B7000FCD501234FF400044FF40030254A4B619B
:101B8000C1F8A040C1F8A400C1F8B0305369D9072A
:101B9000FCD501234FF400042D481E495361C2F8BF
:101BA000A040C2F8A400C2F8B0304B69DA07FCD5F7
:101BB000D1F8003145F60D5221209BB24861934285
:101BC00050D008254FF4000422490020224B234A1C
:101BD000009015705A1A01232148224400F008FA97
:101BE00003B0F0BD1E4B0022C3E90022C3E902226C
:101BF00003B0F0BD00801F40F9B00100F9100100F2
:101C000000841F40F970010000C00F40FFFCFF1F5F
:101C1000000300A000402A4000802A401200FFFF7D
:101C2000FF37F7004000008000FFF07CFF000F83CB
:101C300063000200F05AF05A00422A4000432A4052
:101C40009F041830EB06180A3806180A06320126D7
:101C50000400030000000070000000700B5400201E
:101C6000DC5000204FF400044FF480220123084888
:101C7000C1F8A040C1F8A420C1F8B0304369DB0727
:101C8000FCD5012310254FF0807443619CE700BF11
:101C900000402A40F0B4154A40274FF480314FF4F9
:101CA00080564FF400554FF4404443F2420013690C
:101CB00013F0020F0ED113F4005F0FD013F4805F06
:101CC0000ED0002BF3DA13F4803F0BD15B060BD55B
:101CD000F0BC7047946151619061E8E75561E6E7B7
:101CE0005661E4E79161E2E75761E0E700800D406B
:101CF0003F4A03203F49F3EE095AD2F880304FF0B3
:101D0000000C9FED3D6A23F001039FED3C5A30B477
:101D1000C2F88030C2F89000D1F8E010384DCBB254
:101D2000384C39482B6007EE903A0B0DC1F30B216C
:101D3000F8EEE77A06EE903A07EE101A334BB8EE5B
:101D4000C77A2160F8EEE66A314937EEC66A37EEA7
:101D5000C55A76EEC76A77EEE57A26EE266AC3EDB7
:101D6000006A25EE265AD2F8803067EEA64AC0ED0A
:101D7000007AC6EE275A274885EE276AC4EEA76A7E
:101D800075EE875AFCEEE55A36EE076A15EE904A74
:101D9000BCEEC66A43EA045376EE877AC2F8803016
:101DA00016EE103AD2F89041FCEEE77A01EA0341D0
:101DB000214317EE903AC2F89011C3F30B03D2F807
:101DC00090110B431449C2F89031D2F8803043F09F
:101DD0000203C2F88030114B80F840C0C1F8403196
:101DE0004FF0E023012230BCC3F80821704700BF48
:101DF00000810D4000441F400000AA420000B44290
:101E000058520020545200205C52002060520020A2
:101E10000000FF0F00E400E0002C002031C10000B2
:101E2000314B40F6617210B5C3F8202140F20444F2
:101E300000F0CEF82D4A2E49D2F880302D4843F0DC
:101E40000303C2F880302C4BC1F8604102681A428B
:101E500003D1D1F8A8319A071BD0254A4FF0004191
:101E6000244B5963D2F8403143F00203C2F84031A9
:101E7000D2F840319B07FBD44FF400304FF0E02103
:101E80001C4B4FF00042C1F88C0219209A6300F0FD
:101E90009BF8184A4FF08040154C002190630A20AF
:101EA000164B11604FF42072C4F8A801184600F0D8
:101EB00093F84FF4800203464FF4810040F243113F
:101EC0001860C4F858311A640D4B0E4AC4F8481112
:101ED000C3F804224FF0E0224FF400310123C2F88E
:101EE0000C11C4F8403110BD00800D4000C00F40FF
:101EF00000002E4000900D40001C1E00000000203D
:101F0000002C002019C3000008B50E4B1B6E9B0768
:101F100000D4FBBE72B60C4B00200C4AC3F8400143
:101F200003F160430A49A3F55F2311649D46BFF3A3
:101F30004F8F4FF400130748074ADB6902609B6824
:101F4000984700BF00441F4000002E4000C00A40D8
:101F50000300200000802020000012EB104BA02086
:101F6000104AD96E41F4403110B4D96640F237645A
:101F7000D96E41F44071D96654649064936C1B0629
:101F8000FCD4094A40F23761A02351649364936CF6
:101F900013F08003FBD1054A13705DF8044B7047C2
:101FA00000C00F4000400C4000800C40075400204F
:101FB000F8B500BFF8BC08BC9E46704700000000A2
:101FC0005FF800F085B200005FF800F075B5000022
:101FD0005FF800F089CA00005FF800F091DF0000B0
:101FE0005FF800F07DBE00005FF800F0C9E000007F
:101FF0005FF800F09DD300005FF800F059BC0000CE
:10200000050100006D640000E56B00002D800000FC
:0420100069AE0000B5
:1020140080C00F4000000003190000001000000001
:10202400E8841F4001000000FF000000FF000000E2
:102034000000000000000000180000001000000074
:10204400E4841F4001000000FF000000FF000000C6
:1020540000000000000000001F000000B98E000016
:1020640070C00F40000C00001100000011000000BF
:10207400E0841F40020000002C0000001200000059
:10208400E0841F4001000000100000001100000067
:10209400DC841F40020000002D000000120000003C
:1020A400DC841F40010000001E000000AD8E000013
:1020B40070C00F40C00000001200000013000000B8
:1020C400D0841F4001000000FF000000FF0000005A
:1020D40000000000000000001300000013000000D6
:1020E400CC841F4001000000FF000000FF0000003E
:1020F40000000000000000001C000000A18E000091
:10210400160355005300420020005300650072007E
:10211400690061006C00000018035400650065004C
:102124006E00730079006400750069006E006F0032
:102134000403090409026200030100C032080B0011
:102144000202020100090400000102020100052448
:1021540000100105240101010424020605240600DF
:10216400010705820310001009040100020A00009F
:10217400000705030240000007058402400000092F
:1021840004020002FF6AFF00070581024000010704
:10219400050102400001000009026200030100C0C1
:1021A40032080B00020202010009040000010202CD
:1021B4000100052400100105240101010424020684
:1021C4000524060001070582031000050904010027
:1021D400020A00000007050302000200070584024A
:1021E4000002000904020002FF6AC7000705810219
:1021F4000002010705010200020100000A060002B4
:08220400EF020140010000009F
:10220C0000000000000000000000000000000000C2
:10221C0000000000000000000000000000000000B2
:10222C00F8B54FF084439D695A6915400DD0254F80
:10223C0001269D6195FAA5F4B4FA84F457F824307C
:10224C0006FA04F49847A543F4D11F4B9D695A69CB
:10225C0015400DD01D4F01269D6195FAA5F4B4FAD9
:10226C0084F457F8243006FA04F49847A543F4D1C3
:10227C00174B9D695A6915400DD0164F01269D616B
:10228C0095FAA5F4B4FA84F457F8243006FA04F459
:10229C009847A543F4D1104B9D695A6915400DD050
:1022AC000E4F01269D6195FAA5F4B4FA84F457F803
:1022BC00243006FA04F49847A543F4D1BFF34F8FAA
:1022CC00F8BD00BF6026002000400042E026002040
:1022DC00008000426027002000C00042E027002060
:1022EC000548064B1B1AD90F01EBA301491002D06C
:1022FC00034B03B118477047C02E0020C02E00209E
:10230C000000000008B5054B1BB105490548AFF3AB
:10231C000080BDE80840FFF7E3BF00BF00000000ED
:10232C00FC5100200048016000207047704700BF3E
:10233C00704700BF704700BF036818470B68036005
:10234C00704700BF0B680360704700BF704700BF49
:10235C0008B5836803B19847044AD3889BB243F409
:10236C008043D380BFF34F8F08BD00BF00800B406C
:10237C0008B5836803B19847034A137803F0F70351
:10238C001370BFF34F8F08BD00400B4038B500F100
:10239C000805D0F8B4300446284698474FF6FD732C
:1023AC00984201D9012038BD0346B4F8BA20B4F8DC
:1023BC00B810284609F0ACFC94F89030032BF1D8F7
:1023CC00DFE803F0140E0802B4F8BA301B1AA4F8B4
:1023DC00BA30E7E7B4F8B8301B1AA4F8B830E1E724
:1023EC00B4F8BA301844A4F8BA00DBE7B4F8B83043
:1023FC001844A4F8B800D5E710B504460AF0FCFD63
:10240C00204610BD044B1B782BB1044B1B7813B921
:10241C00034B01221A707047132900200C54002022
:10242C000A5400200B4B186888B103680A4A1B68D1
:10243C0093420DD1836810B503B19847074AD388EE
:10244C009BB243F48043D380BFF34F8F10BD7047D2
:10245C00184700BF044800205101000000800B40C9
:10246C0010B52421094C0A480CF076FF09480AF0F3
:10247C00AFFE204608F098FC20460EF029FB2046C3
:10248C000549BDE8104008F01DBE00BFA81B002088
:10249C00300300209818002040420F002DE9F0472F
:1024AC00002A4ED004460D468F180026DFF89C906B
:1024BC0000F108084FF6FD7A03E00120AF42064414
:1024CC0020D0236815F8011B1B684B4515D1D4F897
:1024DC00B430404698475045EFD80346B4F8BA207C
:1024EC00B4F8B810404609F013FC94F89030032B64
:1024FC00E3D8DFE803F01F18110A20469847AF42D3
:10250C000644DED13046BDE8F087B4F8BA301B1A69
:10251C000120A4F8BA30D1E7B4F8B8301B1A012066
:10252C00A4F8B830CAE7B4F8BA301844A4F8BA0022
:10253C000120C3E7B4F8B8301844A4F8B80001205F
:10254C00BCE716463046BDE8F08700BF8D010000A1
:10255C002DE9F04FAF4C83B06368002B40F07881CD
:10256C00AD4D4FF6FD77AD4C05F1080005F10806B1
:10257C0008F070FFAA4905F1080004F10C0809F0F5
:10258C0005FC4FF400235521C5F8B83003E0444551
:10259C0017D014F8011FD5F8B43030469847B8421C
:1025AC00F5D80346B5F8BA20B5F8B810304609F09E
:1025BC00AFFB95F89030032BE9D8DFE803F0413BF3
:1025CC00352FDFF88482974AB8F80030C5F8B82068
:1025DC00002B3BD1944C5021944E4FF6FD7704F1D7
:1025EC00030903E04C4555D014F8011FD5F8B4305D
:1025FC0030469847B842F5D80346B5F8BA20B5F836
:10260C00B810304609F084FB95F89030032BE9D8CC
:10261C00DFE813F0690163015D015701B5F8BA30C9
:10262C001B1AA5F8BA30B2E7B5F8B8301B1AA5F8E2
:10263C00B830ACE7B5F8BA301844A5F8BA00A6E73C
:10264C00B5F8B8301844A5F8B800A0E7784C4D217F
:10265C00764E4FF6FD7704F1040903E0A14519D03D
:10266C0014F8011FD5F8B43030469847B842F5D865
:10267C000346B5F8BA20B5F8B810304609F048FB57
:10268C0095F89030032BE9D8DFE813F045013F01B2
:10269C00390133010C231A2202216448009308F0FB
:1026AC0065FEB8F80030002B00F00381DFF89C9138
:1026BC00D9F8003023B95F4B1B78002B40F03181E7
:1026CC005D4A5021D5F8B4305848C5F8B820984721
:1026DC004FF6FD73984240F2DB80544F10260124D4
:1026EC00DFF850B1A7F1080A0EE0321D182321467D
:1026FC0001345046A5F8B820A5F8BA300E360AF0C9
:10270C005BFD092CB6B226D00C231A223146384672
:10271C00009308F02BFE621EB8F800301341DA0764
:10272C0010D4D9F80030A342DFD19BF80030002B35
:10273C00DBD0711E0E231922384689B2009308F0A3
:10274C0015FED2E7711C0A231B22384689B200936E
:10275C0008F0E6FDE5E7DFF8D4A00A271026AAF179
:10276C00080B13E0092C06F102024FF02F0321464F
:10277C00584630D0A5F8B820A5F8BA300AF01CFDA0
:10278C00112F3AD00E3601370134B6B20C23312258
:10279C0031465046009308F0E9FDB8F80030BA1EF7
:1027AC001341DB0720D4D9F80030A342DAD1214BF6
:1027BC001B78002BD6D00E23711E3022504689B2C6
:1027CC00009308F0D3FD092C06F102024FF02F0301
:1027DC0021465846CED1331DA5F8B8302F23A5F885
:1027EC00BA300AF0E9FCCDE7711C0A2332225046BC
:1027FC0089B2009308F094FDD5E70C4808F036FE3A
:10280C0000230E480E490F4A03700B70137003B06F
:10281C00BDE8F08FA81B002008530020680500209D
:10282C00A40C002056000800800500201053002046
:10283C0078050020122900200600180009540020F9
:10284C000D54002013540020FC530020F0520020A3
:10285C002221002543480CF07FFD43480AF0B8FCC8
:10286C002046656008F0A0FA20460EF031F93F4989
:10287C00204608F027FC3E4809F084FE3C4808F04E
:10288C007BFE29463A4803B0BDE8F04F09F084BE00
:10289C000346B5F8BA20B5F8B810354809F038FA3F
:1028AC0095F89030032B3FF618AFDFE803F0484E55
:1028BC0054420A231B2203212D48009308F030FDBB
:1028CC00F4E6B5F8BA301B1AA5F8BA308AE6B5F8B2
:1028DC00B8301B1AA5F8B83084E6B5F8BA301844ED
:1028EC00A5F8BA007EE6B5F8B8301844A5F8B800DB
:1028FC0078E6B5F8BA301B1AA5F8BA30AEE6B5F8DA
:10290C00B8301B1AA5F8B830A8E6B5F8BA30184498
:10291C00A5F8BA00A2E6B5F8B8301844A5F8B80086
:10292C009CE60E23192201211148009308F01EFD8C
:10293C00C6E6B5F8BA301B1AA5F8BA30CDE6B5F82C
:10294C00B8301844A5F8B800C7E6B5F8BA30184442
:10295C00A5F8BA00C1E6B5F8B8301B1AA5F8B8301E
:10296C00BBE600BF440500209818002040420F0031
:10297C0010530020214B5A6FD2E90010D36809681C
:10298C00006810B41842946801EA04012ED0137C3C
:10299C0003F00303D9B943F008039908013B117400
:1029AC000D2B0BD8DFE803F00D071C070A160D0DD5
:1029BC00160A071C070D5369013B53615DF8044B64
:1029CC00704753695DF8044B01335361704743F012
:1029DC000403E0E753695DF8044B023B5361704715
:1029EC0053695DF8044B023353617047137C03F059
:1029FC0003030029D1D043F00403CEE74048002064
:102A0C00214B9A6FD2E90010D3680968006810B4A2
:102A1C001842946801EA04012ED0137C03F00303DE
:102A2C00D9B943F008039908013B11740D2B0BD84D
:102A3C00DFE803F00D071C070A160D0D160A071C1C
:102A4C00070D5369013B53615DF8044B70475369A3
:102A5C005DF8044B01335361704743F00403E0E726
:102A6C0053695DF8044B023B5361704753695DF841
:102A7C00044B023353617047137C03F003030029AA
:102A8C00D1D043F00403CEE740480020214BDA6F4D
:102A9C00D2E90010D3680968006810B41842946831
:102AAC0001EA04012ED0137C03F00303D9B943F0DF
:102ABC0008039908013B11740D2B0BD8DFE803F0C8
:102ACC000D071C070A160D0D160A071C070D536976
:102ADC00013B53615DF8044B704753695DF8044B3F
:102AEC0001335361704743F00403E0E753695DF829
:102AFC00044B023B5361704753695DF8044B02333E
:102B0C0053617047137C03F003030029D1D043F0C9
:102B1C000403CEE740480020224BD3F88020D2E9B2
:102B2C000010D3680968006810B41842946801EA70
:102B3C0004012ED0137C03F00303D9B943F008032E
:102B4C009908013B11740D2B0BD8DFE803F00D072E
:102B5C001C070A160D0D160A071C070D5369013BBD
:102B6C0053615DF8044B704753695DF8044B0133B6
:102B7C005361704743F00403E0E753695DF8044B7D
:102B8C00023B5361704753695DF8044B0233536148
:102B9C007047137C03F003030029D1D043F00403E6
:102BAC00CEE700BF40480020224BD3F88420D2E966
:102BBC000010D3680968006810B41842946801EAE0
:102BCC0004012ED0137C03F00303D9B943F008039E
:102BDC009908013B11740D2B0BD8DFE803F00D079E
:102BEC001C070A160D0D160A071C070D5369013B2D
:102BFC0053615DF8044B704753695DF8044B013326
:102C0C005361704743F00403E0E753695DF8044BEC
:102C1C00023B5361704753695DF8044B02335361B7
:102C2C007047137C03F003030029D1D043F0040355
:102C3C00CEE700BF40480020224BD3F88820D2E9D1
:102C4C000010D3680968006810B41842946801EA4F
:102C5C0004012ED0137C03F00303D9B943F008030D
:102C6C009908013B11740D2B0BD8DFE803F00D070D
:102C7C001C070A160D0D160A071C070D5369013B9C
:102C8C0053615DF8044B704753695DF8044B013395
:102C9C005361704743F00403E0E753695DF8044B5C
:102CAC00023B5361704753695DF8044B0233536127
:102CBC007047137C03F003030029D1D043F00403C5
:102CCC00CEE700BF40480020224BD3F88C20D2E93D
:102CDC000010D3680968006810B41842946801EABF
:102CEC0004012ED0137C03F00303D9B943F008037D
:102CFC009908013B11740D2B0BD8DFE803F00D077D
:102D0C001C070A160D0D160A071C070D5369013B0B
:102D1C0053615DF8044B704753695DF8044B013304
:102D2C005361704743F00403E0E753695DF8044BCB
:102D3C00023B5361704753695DF8044B0233536196
:102D4C007047137C03F003030029D1D043F0040334
:102D5C00CEE700BF40480020224BD3F89020D2E9A8
:102D6C000010D3680968006810B41842946801EA2E
:102D7C0004012ED0137C03F00303D9B943F00803EC
:102D8C009908013B11740D2B0BD8DFE803F00D07EC
:102D9C001C070A160D0D160A071C070D5369013B7B
:102DAC0053615DF8044B704753695DF8044B013374
:102DBC005361704743F00403E0E753695DF8044B3B
:102DCC00023B5361704753695DF8044B0233536106
:102DDC007047137C03F003030029D1D043F00403A4
:102DEC00CEE700BF40480020224BD3F89420D2E914
:102DFC000010D3680968006810B41842946801EA9E
:102E0C0004012ED0137C03F00303D9B943F008035B
:102E1C009908013B11740D2B0BD8DFE803F00D075B
:102E2C001C070A160D0D160A071C070D5369013BEA
:102E3C0053615DF8044B704753695DF8044B0133E3
:102E4C005361704743F00403E0E753695DF8044BAA
:102E5C00023B5361704753695DF8044B0233536175
:102E6C007047137C03F003030029D1D043F0040313
:102E7C00CEE700BF40480020224BD3F89820D2E97F
:102E8C000010D3680968006810B41842946801EA0D
:102E9C0004012ED0137C03F00303D9B943F00803CB
:102EAC009908013B11740D2B0BD8DFE803F00D07CB
:102EBC001C070A160D0D160A071C070D5369013B5A
:102ECC0053615DF8044B704753695DF8044B013353
:102EDC005361704743F00403E0E753695DF8044B1A
:102EEC00023B5361704753695DF8044B02335361E5
:102EFC007047137C03F003030029D1D043F0040383
:102F0C00CEE700BF40480020224BD3F89C20D2E9EA
:102F1C000010D3680968006810B41842946801EA7C
:102F2C0004012ED0137C03F00303D9B943F008033A
:102F3C009908013B11740D2B0BD8DFE803F00D073A
:102F4C001C070A160D0D160A071C070D5369013BC9
:102F5C0053615DF8044B704753695DF8044B0133C2
:102F6C005361704743F00403E0E753695DF8044B89
:102F7C00023B5361704753695DF8044B0233536154
:102F8C007047137C03F003030029D1D043F00403F2
:102F9C00CEE700BF40480020224BD3F8A020D2E956
:102FAC000010D3680968006810B41842946801EAEC
:102FBC0004012ED0137C03F00303D9B943F00803AA
:102FCC009908013B11740D2B0BD8DFE803F00D07AA
:102FDC001C070A160D0D160A071C070D5369013B39
:102FEC0053615DF8044B704753695DF8044B013332
:102FFC005361704743F00403E0E753695DF8044BF9
:10300C00023B5361704753695DF8044B02335361C3
:10301C007047137C03F003030029D1D043F0040361
:10302C00CEE700BF40480020224BD3F8A420D2E9C1
:10303C000010D3680968006810B41842946801EA5B
:10304C0004012ED0137C03F00303D9B943F0080319
:10305C009908013B11740D2B0BD8DFE803F00D0719
:10306C001C070A160D0D160A071C070D5369013BA8
:10307C0053615DF8044B704753695DF8044B0133A1
:10308C005361704743F00403E0E753695DF8044B68
:10309C00023B5361704753695DF8044B0233536133
:1030AC007047137C03F003030029D1D043F00403D1
:1030BC00CEE700BF40480020224BD3F8A820D2E92D
:1030CC000010D3680968006810B41842946801EACB
:1030DC0004012ED0137C03F00303D9B943F0080389
:1030EC009908013B11740D2B0BD8DFE803F00D0789
:1030FC001C070A160D0D160A071C070D5369013B18
:10310C0053615DF8044B704753695DF8044B013310
:10311C005361704743F00403E0E753695DF8044BD7
:10312C00023B5361704753695DF8044B02335361A2
:10313C007047137C03F003030029D1D043F0040340
:10314C00CEE700BF40480020224BD3F8AC20D2E998
:10315C000010D3680968006810B41842946801EA3A
:10316C0004012ED0137C03F00303D9B943F00803F8
:10317C009908013B11740D2B0BD8DFE803F00D07F8
:10318C001C070A160D0D160A071C070D5369013B87
:10319C0053615DF8044B704753695DF8044B013380
:1031AC005361704743F00403E0E753695DF8044B47
:1031BC00023B5361704753695DF8044B0233536112
:1031CC007047137C03F003030029D1D043F00403B0
:1031DC00CEE700BF40480020224BD3F8B020D2E904
:1031EC000010D3680968006810B41842946801EAAA
:1031FC0004012ED0137C03F00303D9B943F0080368
:10320C009908013B11740D2B0BD8DFE803F00D0767
:10321C001C070A160D0D160A071C070D5369013BF6
:10322C0053615DF8044B704753695DF8044B0133EF
:10323C005361704743F00403E0E753695DF8044BB6
:10324C00023B5361704753695DF8044B0233536181
:10325C007047137C03F003030029D1D043F004031F
:10326C00CEE700BF40480020214B5A68D2E900103D
:10327C00D3680968006810B41842946801EA040124
:10328C002ED0137C03F00303D9B943F0080399083B
:10329C00013B11740D2B0BD8DFE803F00D071C0755
:1032AC000A160D0D160A071C070D5369013B5361D5
:1032BC005DF8044B704753695DF8044B013353615F
:1032CC00704743F00403E0E753695DF8044B023B9D
:1032DC005361704753695DF8044B02335361704777
:1032EC00137C03F003030029D1D043F00403CEE791
:1032FC0040480020214B9A68D2E90010D368096835
:10330C00006810B41842946801EA04012ED0137CB2
:10331C0003F00303D9B943F008039908013B117476
:10332C000D2B0BD8DFE803F00D071C070A160D0D4B
:10333C00160A071C070D5369013B53615DF8044BDA
:10334C00704753695DF8044B01335361704743F088
:10335C000403E0E753695DF8044B023B536170478B
:10336C0053695DF8044B023353617047137C03F0CF
:10337C0003030029D1D043F00403CEE740480020DA
:10338C00214BDA68D2E90010D3680968006810B4E0
:10339C001842946801EA04012ED0137C03F0030355
:1033AC00D9B943F008039908013B11740D2B0BD8C4
:1033BC00DFE803F00D071C070A160D0D160A071C93
:1033CC00070D5369013B53615DF8044B704753691A
:1033DC005DF8044B01335361704743F00403E0E79D
:1033EC0053695DF8044B023B5361704753695DF8B8
:1033FC00044B023353617047137C03F00303002921
:10340C00D1D043F00403CEE740480020214B1A6989
:10341C00D2E90010D3680968006810B418429468A7
:10342C0001EA04012ED0137C03F00303D9B943F055
:10343C0008039908013B11740D2B0BD8DFE803F03E
:10344C000D071C070A160D0D160A071C070D5369EC
:10345C00013B53615DF8044B704753695DF8044BB5
:10346C0001335361704743F00403E0E753695DF89F
:10347C00044B023B5361704753695DF8044B0233B4
:10348C0053617047137C03F003030029D1D043F040
:10349C000403CEE740480020214B1A68D2E9001003
:1034AC00D3680968006810B41842946801EA0401F2
:1034BC002ED0137C03F00303D9B943F00803990809
:1034CC00013B11740D2B0BD8DFE803F00D071C0723
:1034DC000A160D0D160A071C070D5369013B5361A3
:1034EC005DF8044B704753695DF8044B013353612D
:1034FC00704743F00403E0E753695DF8044B023B6B
:10350C005361704753695DF8044B02335361704744
:10351C00137C03F003030029D1D043F00403CEE75E
:10352C0040480020224BD3F8D420D2E90010D368B5
:10353C000968006810B41842946801EA04012ED09E
:10354C00137C03F00303D9B943F008039908013B3A
:10355C0011740D2B0BD8DFE803F00D071C070A16AE
:10356C000D0D160A071C070D5369013B53615DF8DD
:10357C00044B704753695DF8044B0133536170473A
:10358C0043F00403E0E753695DF8044B023B5361DD
:10359C00704753695DF8044B023353617047137CD9
:1035AC0003F003030029D1D043F00403CEE700BF9E
:1035BC0040480020224BD3F8D820D2E90010D36821
:1035CC000968006810B41842946801EA04012ED00E
:1035DC00137C03F00303D9B943F008039908013BAA
:1035EC0011740D2B0BD8DFE803F00D071C070A161E
:1035FC000D0D160A071C070D5369013B53615DF84D
:10360C00044B704753695DF8044B013353617047A9
:10361C0043F00403E0E753695DF8044B023B53614C
:10362C00704753695DF8044B023353617047137C48
:10363C0003F003030029D1D043F00403CEE700BF0D
:10364C0040480020214B5A6BD2E90010D36809681E
:10365C00006810B41842946801EA04012ED0137C5F
:10366C0003F00303D9B943F008039908013B117423
:10367C000D2B0BD8DFE803F00D071C070A160D0DF8
:10368C00160A071C070D5369013B53615DF8044B87
:10369C00704753695DF8044B01335361704743F035
:1036AC000403E0E753695DF8044B023B5361704738
:1036BC0053695DF8044B023353617047137C03F07C
:1036CC0003030029D1D043F00403CEE74048002087
:1036DC00214B9A6BD2E90010D3680968006810B4CA
:1036EC001842946801EA04012ED0137C03F0030302
:1036FC00D9B943F008039908013B11740D2B0BD871
:10370C00DFE803F00D071C070A160D0D160A071C3F
:10371C00070D5369013B53615DF8044B70475369C6
:10372C005DF8044B01335361704743F00403E0E749
:10373C0053695DF8044B023B5361704753695DF864
:10374C00044B023353617047137C03F003030029CD
:10375C00D1D043F00403CEE740480020214BDA6B74
:10376C00D2E90010D3680968006810B41842946854
:10377C0001EA04012ED0137C03F00303D9B943F002
:10378C0008039908013B11740D2B0BD8DFE803F0EB
:10379C000D071C070A160D0D160A071C070D536999
:1037AC00013B53615DF8044B704753695DF8044B62
:1037BC0001335361704743F00403E0E753695DF84C
:1037CC00044B023B5361704753695DF8044B023361
:1037DC0053617047137C03F003030029D1D043F0ED
:1037EC000403CEE740480020214B1A6CD2E90010AC
:1037FC00D3680968006810B41842946801EA04019F
:10380C002ED0137C03F00303D9B943F008039908B5
:10381C00013B11740D2B0BD8DFE803F00D071C07CF
:10382C000A160D0D160A071C070D5369013B53614F
:10383C005DF8044B704753695DF8044B01335361D9
:10384C00704743F00403E0E753695DF8044B023B17
:10385C005361704753695DF8044B023353617047F1
:10386C00137C03F003030029D1D043F00403CEE70B
:10387C0040480020214B5A6CD2E90010D3680968EB
:10388C00006810B41842946801EA04012ED0137C2D
:10389C0003F00303D9B943F008039908013B1174F1
:1038AC000D2B0BD8DFE803F00D071C070A160D0DC6
:1038BC00160A071C070D5369013B53615DF8044B55
:1038CC00704753695DF8044B01335361704743F003
:1038DC000403E0E753695DF8044B023B5361704706
:1038EC0053695DF8044B023353617047137C03F04A
:1038FC0003030029D1D043F00403CEE74048002055
:10390C00214B9A6CD2E90010D3680968006810B496
:10391C001842946801EA04012ED0137C03F00303CF
:10392C00D9B943F008039908013B11740D2B0BD83E
:10393C00DFE803F00D071C070A160D0D160A071C0D
:10394C00070D5369013B53615DF8044B7047536994
:10395C005DF8044B01335361704743F00403E0E717
:10396C0053695DF8044B023B5361704753695DF832
:10397C00044B023353617047137C03F0030300299B
:10398C00D1D043F00403CEE740480020214BDA6C41
:10399C00D2E90010D3680968006810B41842946822
:1039AC0001EA04012ED0137C03F00303D9B943F0D0
:1039BC0008039908013B11740D2B0BD8DFE803F0B9
:1039CC000D071C070A160D0D160A071C070D536967
:1039DC00013B53615DF8044B704753695DF8044B30
:1039EC0001335361704743F00403E0E753695DF81A
:1039FC00044B023B5361704753695DF8044B02332F
:103A0C0053617047137C03F003030029D1D043F0BA
:103A1C000403CEE740480020214B1A6DD2E9001078
:103A2C00D3680968006810B41842946801EA04016C
:103A3C002ED0137C03F00303D9B943F00803990883
:103A4C00013B11740D2B0BD8DFE803F00D071C079D
:103A5C000A160D0D160A071C070D5369013B53611D
:103A6C005DF8044B704753695DF8044B01335361A7
:103A7C00704743F00403E0E753695DF8044B023BE5
:103A8C005361704753695DF8044B023353617047BF
:103A9C00137C03F003030029D1D043F00403CEE7D9
:103AAC0040480020214B5A6DD2E90010D3680968B8
:103ABC00006810B41842946801EA04012ED0137CFB
:103ACC0003F00303D9B943F008039908013B1174BF
:103ADC000D2B0BD8DFE803F00D071C070A160D0D94
:103AEC00160A071C070D5369013B53615DF8044B23
:103AFC00704753695DF8044B01335361704743F0D1
:103B0C000403E0E753695DF8044B023B53617047D3
:103B1C0053695DF8044B023353617047137C03F017
:103B2C0003030029D1D043F00403CEE74048002022
:103B3C00214B9A6DD2E90010D3680968006810B463
:103B4C001842946801EA04012ED0137C03F003039D
:103B5C00D9B943F008039908013B11740D2B0BD80C
:103B6C00DFE803F00D071C070A160D0D160A071CDB
:103B7C00070D5369013B53615DF8044B7047536962
:103B8C005DF8044B01335361704743F00403E0E7E5
:103B9C0053695DF8044B023B5361704753695DF800
:103BAC00044B023353617047137C03F00303002969
:103BBC00D1D043F00403CEE740480020214BDA6D0E
:103BCC00D2E90010D3680968006810B418429468F0
:103BDC0001EA04012ED0137C03F00303D9B943F09E
:103BEC0008039908013B11740D2B0BD8DFE803F087
:103BFC000D071C070A160D0D160A071C070D536935
:103C0C00013B53615DF8044B704753695DF8044BFD
:103C1C0001335361704743F00403E0E753695DF8E7
:103C2C00044B023B5361704753695DF8044B0233FC
:103C3C0053617047137C03F003030029D1D043F088
:103C4C000403CEE740480020214B1A6ED2E9001045
:103C5C00D3680968006810B41842946801EA04013A
:103C6C002ED0137C03F00303D9B943F00803990851
:103C7C00013B11740D2B0BD8DFE803F00D071C076B
:103C8C000A160D0D160A071C070D5369013B5361EB
:103C9C005DF8044B704753695DF8044B0133536175
:103CAC00704743F00403E0E753695DF8044B023BB3
:103CBC005361704753695DF8044B0233536170478D
:103CCC00137C03F003030029D1D043F00403CEE7A7
:103CDC0040480020214B5A6ED2E90010D368096885
:103CEC00006810B41842946801EA04012ED0137CC9
:103CFC0003F00303D9B943F008039908013B11748D
:103D0C000D2B0BD8DFE803F00D071C070A160D0D61
:103D1C00160A071C070D5369013B53615DF8044BF0
:103D2C00704753695DF8044B01335361704743F09E
:103D3C000403E0E753695DF8044B023B53617047A1
:103D4C0053695DF8044B023353617047137C03F0E5
:103D5C0003030029D1D043F00403CEE740480020F0
:103D6C00214B9A6ED2E90010D3680968006810B430
:103D7C001842946801EA04012ED0137C03F003036B
:103D8C00D9B943F008039908013B11740D2B0BD8DA
:103D9C00DFE803F00D071C070A160D0D160A071CA9
:103DAC00070D5369013B53615DF8044B7047536930
:103DBC005DF8044B01335361704743F00403E0E7B3
:103DCC0053695DF8044B023B5361704753695DF8CE
:103DDC00044B023353617047137C03F00303002937
:103DEC00D1D043F00403CEE740480020214BDA6EDB
:103DFC00D2E90010D3680968006810B418429468BE
:103E0C0001EA04012ED0137C03F00303D9B943F06B
:103E1C0008039908013B11740D2B0BD8DFE803F054
:103E2C000D071C070A160D0D160A071C070D536902
:103E3C00013B53615DF8044B704753695DF8044BCB
:103E4C0001335361704743F00403E0E753695DF8B5
:103E5C00044B023B5361704753695DF8044B0233CA
:103E6C0053617047137C03F003030029D1D043F056
:103E7C000403CEE740480020214B1A6FD2E9001012
:103E8C00D3680968006810B41842946801EA040108
:103E9C002ED0137C03F00303D9B943F0080399081F
:103EAC00013B11740D2B0BD8DFE803F00D071C0739
:103EBC000A160D0D160A071C070D5369013B5361B9
:103ECC005DF8044B704753695DF8044B0133536143
:103EDC00704743F00403E0E753695DF8044B023B81
:103EEC005361704753695DF8044B0233536170475B
:103EFC00137C03F003030029D1D043F00403CEE775
:103F0C0040480020224BD3F8B420D2E90010D368EB
:103F1C000968006810B41842946801EA04012ED0B4
:103F2C00137C03F00303D9B943F008039908013B50
:103F3C0011740D2B0BD8DFE803F00D071C070A16C4
:103F4C000D0D160A071C070D5369013B53615DF8F3
:103F5C00044B704753695DF8044B01335361704750
:103F6C0043F00403E0E753695DF8044B023B5361F3
:103F7C00704753695DF8044B023353617047137CEF
:103F8C0003F003030029D1D043F00403CEE700BFB4
:103F9C0040480020224BD3F8B820D2E90010D36857
:103FAC000968006810B41842946801EA04012ED024
:103FBC00137C03F00303D9B943F008039908013BC0
:103FCC0011740D2B0BD8DFE803F00D071C070A1634
:103FDC000D0D160A071C070D5369013B53615DF863
:103FEC00044B704753695DF8044B013353617047C0
:103FFC0043F00403E0E753695DF8044B023B536163
:10400C00704753695DF8044B023353617047137C5E
:10401C0003F003030029D1D043F00403CEE700BF23
:10402C0040480020224BD3F8BC20D2E90010D368C2
:10403C000968006810B41842946801EA04012ED093
:10404C00137C03F00303D9B943F008039908013B2F
:10405C0011740D2B0BD8DFE803F00D071C070A16A3
:10406C000D0D160A071C070D5369013B53615DF8D2
:10407C00044B704753695DF8044B0133536170472F
:10408C0043F00403E0E753695DF8044B023B5361D2
:10409C00704753695DF8044B023353617047137CCE
:1040AC0003F003030029D1D043F00403CEE700BF93
:1040BC0040480020224BD3F8C020D2E90010D3682E
:1040CC000968006810B41842946801EA04012ED003
:1040DC00137C03F00303D9B943F008039908013B9F
:1040EC0011740D2B0BD8DFE803F00D071C070A1613
:1040FC000D0D160A071C070D5369013B53615DF842
:10410C00044B704753695DF8044B0133536170479E
:10411C0043F00403E0E753695DF8044B023B536141
:10412C00704753695DF8044B023353617047137C3D
:10413C0003F003030029D1D043F00403CEE700BF02
:10414C0040480020224BD3F8C420D2E90010D36899
:10415C000968006810B41842946801EA04012ED072
:10416C00137C03F00303D9B943F008039908013B0E
:10417C0011740D2B0BD8DFE803F00D071C070A1682
:10418C000D0D160A071C070D5369013B53615DF8B1
:10419C00044B704753695DF8044B0133536170470E
:1041AC0043F00403E0E753695DF8044B023B5361B1
:1041BC00704753695DF8044B023353617047137CAD
:1041CC0003F003030029D1D043F00403CEE700BF72
:1041DC0040480020224BD3F8C820D2E90010D36805
:1041EC000968006810B41842946801EA04012ED0E2
:1041FC00137C03F00303D9B943F008039908013B7E
:10420C0011740D2B0BD8DFE803F00D071C070A16F1
:10421C000D0D160A071C070D5369013B53615DF820
:10422C00044B704753695DF8044B0133536170477D
:10423C0043F00403E0E753695DF8044B023B536120
:10424C00704753695DF8044B023353617047137C1C
:10425C0003F003030029D1D043F00403CEE700BFE1
:10426C0040480020224BD3F8CC20D2E90010D36870
:10427C000968006810B41842946801EA04012ED051
:10428C00137C03F00303D9B943F008039908013BED
:10429C0011740D2B0BD8DFE803F00D071C070A1661
:1042AC000D0D160A071C070D5369013B53615DF890
:1042BC00044B704753695DF8044B013353617047ED
:1042CC0043F00403E0E753695DF8044B023B536190
:1042DC00704753695DF8044B023353617047137C8C
:1042EC0003F003030029D1D043F00403CEE700BF51
:1042FC0040480020224BD3F8D020D2E90010D368DC
:10430C000968006810B41842946801EA04012ED0C0
:10431C00137C03F00303D9B943F008039908013B5C
:10432C0011740D2B0BD8DFE803F00D071C070A16D0
:10433C000D0D160A071C070D5369013B53615DF8FF
:10434C00044B704753695DF8044B0133536170475C
:10435C0043F00403E0E753695DF8044B023B5361FF
:10436C00704753695DF8044B023353617047137CFB
:10437C0003F003030029D1D043F00403CEE700BFC0
:10438C0040480020214B5A69D2E90010D3680968D3
:10439C00006810B41842946801EA04012ED0137C12
:1043AC0003F00303D9B943F008039908013B1174D6
:1043BC000D2B0BD8DFE803F00D071C070A160D0DAB
:1043CC00160A071C070D5369013B53615DF8044B3A
:1043DC00704753695DF8044B01335361704743F0E8
:1043EC000403E0E753695DF8044B023B53617047EB
:1043FC0053695DF8044B023353617047137C03F02F
:10440C0003030029D1D043F00403CEE74048002039
:10441C00214B9A69D2E90010D3680968006810B47E
:10442C001842946801EA04012ED0137C03F00303B4
:10443C00D9B943F008039908013B11740D2B0BD823
:10444C00DFE803F00D071C070A160D0D160A071CF2
:10445C00070D5369013B53615DF8044B7047536979
:10446C005DF8044B01335361704743F00403E0E7FC
:10447C0053695DF8044B023B5361704753695DF817
:10448C00044B023353617047137C03F00303002980
:10449C00D1D043F00403CEE740480020214BDA6929
:1044AC00D2E90010D3680968006810B41842946807
:1044BC0001EA04012ED0137C03F00303D9B943F0B5
:1044CC0008039908013B11740D2B0BD8DFE803F09E
:1044DC000D071C070A160D0D160A071C070D53694C
:1044EC00013B53615DF8044B704753695DF8044B15
:1044FC0001335361704743F00403E0E753695DF8FF
:10450C00044B023B5361704753695DF8044B023313
:10451C0053617047137C03F003030029D1D043F09F
:10452C000403CEE740480020214B1A6AD2E9001060
:10453C00D3680968006810B41842946801EA040151
:10454C002ED0137C03F00303D9B943F00803990868
:10455C00013B11740D2B0BD8DFE803F00D071C0782
:10456C000A160D0D160A071C070D5369013B536102
:10457C005DF8044B704753695DF8044B013353618C
:10458C00704743F00403E0E753695DF8044B023BCA
:10459C005361704753695DF8044B023353617047A4
:1045AC00137C03F003030029D1D043F00403CEE7BE
:1045BC0040480020214B5A6AD2E90010D3680968A0
:1045CC00006810B41842946801EA04012ED0137CE0
:1045DC0003F00303D9B943F008039908013B1174A4
:1045EC000D2B0BD8DFE803F00D071C070A160D0D79
:1045FC00160A071C070D5369013B53615DF8044B08
:10460C00704753695DF8044B01335361704743F0B5
:10461C000403E0E753695DF8044B023B53617047B8
:10462C0053695DF8044B023353617047137C03F0FC
:10463C0003030029D1D043F00403CEE74048002007
:10464C00214B9A6AD2E90010D3680968006810B44B
:10465C001842946801EA04012ED0137C03F0030382
:10466C00D9B943F008039908013B11740D2B0BD8F1
:10467C00DFE803F00D071C070A160D0D160A071CC0
:10468C00070D5369013B53615DF8044B7047536947
:10469C005DF8044B01335361704743F00403E0E7CA
:1046AC0053695DF8044B023B5361704753695DF8E5
:1046BC00044B023353617047137C03F0030300294E
:1046CC00D1D043F00403CEE740480020214BDA6AF6
:1046DC00D2E90010D3680968006810B418429468D5
:1046EC0001EA04012ED0137C03F00303D9B943F083
:1046FC0008039908013B11740D2B0BD8DFE803F06C
:10470C000D071C070A160D0D160A071C070D536919
:10471C00013B53615DF8044B704753695DF8044BE2
:10472C0001335361704743F00403E0E753695DF8CC
:10473C00044B023B5361704753695DF8044B0233E1
:10474C0053617047137C03F003030029D1D043F06D
:10475C000403CEE740480020214B1A6BD2E900102D
:10476C00D3680968006810B41842946801EA04011F
:10477C002ED0137C03F00303D9B943F00803990836
:10478C00013B11740D2B0BD8DFE803F00D071C0750
:10479C000A160D0D160A071C070D5369013B5361D0
:1047AC005DF8044B704753695DF8044B013353615A
:1047BC00704743F00403E0E753695DF8044B023B98
:1047CC005361704753695DF8044B02335361704772
:1047DC00137C03F003030029D1D043F00403CEE78C
:1047EC00404800202DE9F04FB54C65682DED028B4B
:1047FC0087B0002D40F08C80B24E3368012B51D025
:10480C00042B00F0A780B04B03931B780BB3AF4B7A
:10481C000293AF4C04F1080006F01CFEAD4904F104
:10482C00080007F0B3FA3368012B00F0E480042B86
:10483C0000F0A180A84806F019FE00230399A74AAE
:10484C000B70029913700B7007B0BDEC028BBDE8B6
:10485C00F08F9E4B02931B78002BDAD0DFF8BCB2A2
:10486C009BF80430002BD4D0994C04F1080006F0CE
:10487C00F1FD984904F1080007F088FA3368012B20
:10488C0000F00883042B00F0A3849BF803209BF812
:10489C000230914800929BF801209BF8001006F022
:1048AC003FFECAE78E4BAC468E4F8F4C03F1030A8A
:1048BC008E498F4A8F4817F8018B13F801EBC645C8
:1048CC0090F8008019D094F800904FF0010C82F809
:1048DC00008081F8009007F801EC9A4504F101047E
:1048EC0001F1010102F1010200F10100E3D1BCF17F
:1048FC00000F88D0744B039389E792F80090C14560
:10490C0094F80090E1D191F800B0CB45DDD1E4E70B
:10491C002221002578480AF01FFD784808F058FC41
:10492C002046656006F040FA20460CF0D1F8744938
:10493C00204606F0C7FB684807F024FE664806F0E0
:10494C001BFE2946644807B0BDEC028BBDE8F04F56
:10495C0007F022BE6B4BAC466B4A03F1080413F80C
:10496C00011F12F8010F884202D04FF0010C117098
:10497C00A342F4D1BBE74FF40023644E552104F15C
:10498C00080706F10C094FF6FD78C4F8B83004E0BE
:10499C00B14500F0CF8116F8011FD4F8B430384679
:1049AC0098474045F4D80346B4F8BA20B4F8B81088
:1049BC00384607F0ADF994F89030032BE8D8DFE8CF
:1049CC0003F0140E0802B4F8BA301B1AA4F8BA306B
:1049DC00DEE7B4F8B8301B1AA4F8B830D8E7B4F84E
:1049EC00BA301844A4F8BA00D2E7B4F8B830184476
:1049FC00A4F8B800CCE7464D4FF40023462104F14F
:104A0C00080605F105084FF6FD77C4F8B83003E049
:104A1C00A8452FD015F8011FD4F8B430304698476C
:104A2C00B842F5D80346B4F8BA20B4F8B8103046FA
:104A3C0007F06EF994F89030032BE9D8DFE803F017
:104A4C00140E0802B4F8BA301B1AA4F8BA30DFE717
:104A5C00B4F8B8301B1AA4F8B830D9E7B4F8BA30A7
:104A6C001844A4F8BA00D3E7B4F8B8301844A4F842
:104A7C00B800CDE7274D4321274B4FF6FD7705F1C5
:104A8C000108154EC4F8B83003E0A84560D015F8FD
:104A9C00011FD4F8B43030469847B842F5D80346D5
:104AAC00B4F8BA20B4F8B810304607F031F994F8DD
:104ABC009030032BE9D8DFE803F0453F393300BFD2
:104ACC00A81B00206C5200200D5400201354002011
:104ADC0008530020A40C002010530020095400207F
:104AEC009C280020E847002038260020F4470020AE
:104AFC00FC47002034260020440500209818002094
:104B0C0040420F0057260020DF4700207003002092
:104B1C005C030020640300202E000F007050002066
:104B2C00B4F8BA301B1AA4F8BA30AEE7B4F8B830FF
:104B3C001B1AA4F8B830A8E7B4F8BA301844A4F893
:104B4C00BA00A2E7B4F8B8301844A4F8B8009CE74F
:104B5C00B44D4121B44B4FF6FD7705F10108B34E2E
:104B6C00C4F8B83003E0A8452FD015F8011FD4F8CD
:104B7C00B43030469847B842F5D80346B4F8BA205A
:104B8C00B4F8B810304607F0C3F894F89030032B03
:104B9C00E9D8DFE803F0140E0802B4F8BA301B1A97
:104BAC00A4F8BA30DFE7B4F8B8301B1AA4F8B83060
:104BBC00D9E7B4F8BA301844A4F8BA00D3E7B4F87B
:104BCC00B8301844A4F8B800CDE7994D4121994B61
:104BDC004FF6FD7705F10108944EC4F8B83003E0A8
:104BEC00A8452FD015F8011FD4F8B430304698479B
:104BFC00B842F5D80346B4F8BA20B4F8B810304629
:104C0C0007F086F894F89030032BE9D8DFE803F02E
:104C1C00140E0802B4F8BA301B1AA4F8BA30DFE745
:104C2C00B4F8B8301B1AA4F8B830D9E7B4F8BA30D5
:104C3C001844A4F8BA00D3E7B4F8B8301844A4F870
:104C4C00B800CDE74FF0000BDFF804A2DFF8DC91E1
:104C5C004FEA0B151E230BF141014846ADB2A4F8E7
:104C6C00B830C9B2EB18A4F8BA30D4F8B4309847BD
:104C7C004FF6FD7398424DD905F1160305F1140753
:104C8C0012350BEB4B089BB23026BFB20493ABB280
:104C9C00002505930C233A4631464846009306F00E
:104CAC0065FBBDB1012D0CBF634B644B13F80B308E
:104CBC00ABB905EB0803DAF800209A421DD0013598
:104CCC001036032DB6B2E5D10BF1010BBBF1030F7E
:104CDC00BED1AFE55A4B13F80B30002BE9D00823AB
:104CEC00B11C049A4846009389B206F019FB05EBF7
:104CFC000803DAF800209A42E1D1524B1B78002BC2
:104D0C00DDD01023B11E059A484689B2009306F0F7
:104D1C002DFBD4E70346B4F8BA20B4F8B8104846D3
:104D2C0006F0F6FF94F89030032BA5D8DFE803F0DB
:104D3C00ACA6A09ADFF8F4800226434FDFF814915A
:104D4C00A8F1080ADFF8FCB00EE0731D01355046DF
:104D5C001036A4F8B83010232946B6B2A4F8BA30ED
:104D6C0008F02AFA082D23D00E233146142240468F
:104D7C00009306F0FBFA17F8013F83B9D9F800301D
:104D8C00AB42E2D19BF80030002BDED0122329017C
:104D9C00404689B21A46009306F0E8FAD5E7B11CF2
:104DAC000A231622404689B2009306F0B9FAE5E7C9
:104DBC00264D4FF45C134C211C4E05F118084FF690
:104DCC00FD77C4F8B83004E045453FF433AD15F831
:104DDC00011FD4F8B43030469847B842F4D8034693
:104DEC00B4F8BA20B4F8B810304606F091FF94F835
:104DFC009030032BE8D8DFE803F02F0E0802B4F84C
:104E0C00BA301B1AA4F8BA30DEE7B4F8B8301B1A63
:104E1C00A4F8B830D8E7B4F8BA301844A4F8BA00FB
:104E2C00D2E700BF680300203E000F0010530020A3
:104E3C006C0300204E000F00342600203826002082
:104E4C009C280020122900205726002080030020D7
:104E5C00EC500020F0520020B4F8B8301844A4F8FC
:104E6C00B800B1E7B4F8BA301B1AA4F8BA3003E7AB
:104E7C00B4F8B8301B1AA4F8B830FDE6B4F8BA3060
:104E8C001844A4F8BA00F7E6B4F8B8301844A4F8FB
:104E9C00B800F1E64FF40023B44D462104F10806A6
:104EAC0005F105084FF6FD77C4F8B83003E0454529
:104EBC002FD015F8011FD4F8B43030469847B842BB
:104ECC00F5D80346B4F8BA20B4F8B810304606F05A
:104EDC001FFF94F89030032BE9D8DFE803F0140E91
:104EEC000802B4F8BA301B1AA4F8BA30DFE7B4F8E9
:104EFC00B8301B1AA4F8B830D9E7B4F8BA30184453
:104F0C00A4F8BA00D3E7B4F8B8301844A4F8B80041
:104F1C00CDE7974B4321974D4FF6FD77964E05F114
:104F2C000108C4F8B83003E045452FD015F8011F2F
:104F3C00D4F8B43030469847B842F5D80346B4F8A4
:104F4C00BA20B4F8B810304606F0E2FE94F890306F
:104F5C00032BE9D8DFE803F0140E0802B4F8BA30DA
:104F6C001B1AA4F8BA30DFE7B4F8B8301B1AA4F84F
:104F7C00B830D9E7B4F8BA301844A4F8BA00D3E77B
:104F8C00B4F8B8301844A4F8B800CDE77B4B4121F5
:104F9C007B4D4FF6FD77784E05F10108C4F8B8301B
:104FAC0003E045452FD015F8011FD4F8B430304636
:104FBC009847B842F5D80346B4F8BA20B4F8B810FC
:104FCC00304606F0A5FE94F89030032BE9D8DFE8C4
:104FDC0003F0140E0802B4F8BA301B1AA4F8BA3055
:104FEC00DFE7B4F8B8301B1AA4F8B830D9E7B4F836
:104FFC00BA301844A4F8BA00D3E7B4F8B83018445F
:10500C00A4F8B800CDE75F4B41215F4D4FF6FD771B
:10501C00594E05F10108C4F8B83003E0A8452FD06B
:10502C0015F8011FD4F8B43030469847B842F5D87B
:10503C000346B4F8BA20B4F8B810304606F068FE4F
:10504C0094F89030032BE9D8DFE803F0140E080233
:10505C00B4F8BA301B1AA4F8BA30DFE7B4F8B83099
:10506C001B1AA4F8B830D9E7B4F8BA301844A4F82D
:10507C00BA00D3E7B4F8B8301844A4F8B800CDE7B8
:10508C004FF00009DFF814A13B4F4FEA09151E231E
:10509C0009F141013846ADB2A4F8B830C9B2EB18E9
:1050AC00A4F8BA30D4F8B43098474FF6FD73984250
:1050BC004CD905F1160305F11408123530269BB2B4
:1050CC001FFA88F808EE103AABB20025059309EBED
:1050DC00490304930C23424631463846009306F0AC
:1050EC0045F9C5B1012D0CBF284B294B13F80930DC
:1050FC0013BB049BDAF80020EB189A420FD0013551
:10510C001036032DB6B2E5D109F10109B9F1030F3F
:10511C00BBD1FFF7BABB1F4B13F80930E8E71E4BA6
:10512C001B78002BEBD01023B11E059A384689B2A0
:10513C00009306F01BF9E2E70823B11C18EE102AC5
:10514C00384689B2009306F0EBF8D2E70346B4F880
:10515C00BA20B4F8B810384606F0DAFD94F890305E
:10516C00032BA6D8DFE803F02E28221C5C030020BA
:10517C002E000F0064030020105300203E000F008F
:10518C00680300204E000F006C0300203426002022
:10519C00382600209C28002012290020EC500020EA
:1051AC00B4F8BA301B1AA4F8BA3082E7B4F8B830A5
:1051BC001B1AA4F8B8307CE7B4F8BA301844A4F839
:1051CC00BA0076E7B4F8B8301844A4F8B80070E721
:1051DC005C4E4FF40023552104F1080706F10C092D
:1051EC004FF6FD78C4F8B83003E04E452FD016F8D2
:1051FC00011FD4F8B430384698474045F5D80346DB
:10520C00B4F8BA20B4F8B810384606F081FD94F81A
:10521C009030032BE9D8DFE803F0140E0802B4F841
:10522C00BA301B1AA4F8BA30DFE7B4F8B8301B1A3E
:10523C00A4F8B830D9E7B4F8BA301844A4F8BA00D6
:10524C00D3E7B4F8B8301844A4F8B800CDE7DFF8C9
:10525C00048102263C4FDFF80091A8F1080A0EE009
:10526C00731D013550461036A4F8B830102329466A
:10527C00B6B2A4F8BA3007F09FFF082D23D00E2346
:10528C00314614224046009306F070F817F8013F9F
:10529C0083B9D9F80030AB42E2D12C4B1B78002BF0
:1052AC00DED012232901404689B21A46009306F03B
:1052BC005DF8D5E7B11C0A231622404689B200934B
:1052CC0006F02EF8E5E74FF45C13214D4C21214EEE
:1052DC0005F118084FF6FD77C4F8B83004E0A8457E
:1052EC003FF4D3AA15F8011FD4F8B43030469847D0
:1052FC00B842F4D80346B4F8BA20B4F8B810304623
:10530C0006F006FD94F89030032BE8D8DFE803F0A4
:10531C00140E0802B4F8BA301B1AA4F8BA30DEE73F
:10532C00B4F8B8301B1AA4F8B830D8E7B4F8BA30CF
:10533C001844A4F8BA00D2E7B4F8B8301844A4F86A
:10534C00B800CCE77003002057260020122900205B
:10535C008003002010530020F05200200B4610B5A3
:10536C00362800F29782DFE810F08C028202790274
:10537C00700267025E0255024C0243023A0231028D
:10538C0028021F02BF01B601AD01A4019B019201CD
:10539C008901800177016E0165015C0153014A01AD
:1053AC00410138012F0126011D0113010901FF00E4
:1053BC00F500EB00E100D700CD00C300B900AF0051
:1053CC00A5009B00910087007D00730069005F00C1
:1053DC0055004B0041003700C84C0422C849362008
:1053EC00C4F8D83008F0B6FC012010BDC34C042220
:1053FC00C4493520C4F8D43008F0ACFC012010BDF1
:10540C00BE4C0422C0493420C4F8D03008F0A2FCB1
:10541C00012010BDB94C0422BC493320C4F8CC3057
:10542C0008F098FC012010BDB44C0422B84932207D
:10543C00C4F8C83008F08EFC012010BDAF4C04221B
:10544C00B4493120C4F8C43008F084FC012010BDEC
:10545C00AA4C0422B0493020C4F8C03008F07AFCC1
:10546C00012010BDA54C0422AC492F20C4F8BC303F
:10547C0008F070FC012010BDA04C0422A8492E207D
:10548C00C4F8B83008F066FC012010BD9B4C042217
:10549C00A4492D20C4F8B43008F05CFC012010BDE8
:1054AC00964C0422A0492C20C4F8B03008F052FCD1
:1054BC00012010BD914C04229C492B20C4F8AC3027
:1054CC0008F048FC012010BD8C4C042298492A207D
:1054DC00C4F8A83008F03EFC012010BD874C042213
:1054EC0094492920C4F8A43008F034FC012010BDE4
:1054FC00824C042290492820C4F8A03008F02AFCE1
:10550C00012010BD7D4C04228C492720C4F89C300E
:10551C0008F020FC012010BD784C0422884926207C
:10552C00C4F8983008F016FC012010BD734C04220E
:10553C0084492520C4F8943008F00CFC012010BDDF
:10554C006E4C042280492420C4F8903008F002FCF0
:10555C00012010BD694C04227C492320C4F88C30F6
:10556C0008F0F8FB012010BD644C0422784922207D
:10557C00C4F8883008F0EEFB012010BD5F4C04220B
:10558C0074492120C4F8843008F0E4FB012010BDDC
:10559C005A4C042270492020C4F8803008F0DAFB01
:1055AC00012010BD554C04226C491F20E36708F004
:1055BC00D1FB012010BD514C042269491E20A36768
:1055CC0008F0C8FB012010BD4C4C042265491D207D
:1055DC00636708F0BFFB012010BD484C04226249F0
:1055EC001C20236708F0B6FB012010BD434C04229D
:1055FC005E491B20E36608F0ADFB012010BD3F4C5B
:10560C0004225B491A20A36608F0A4FB012010BDFC
:10561C003A4C042257491920636608F09BFB012081
:10562C0010BD364C042254491820236608F092FB16
:10563C00012010BD314C042250491720E36508F0BD
:10564C0089FB012010BD2D4C04224D491620A36569
:10565C0008F080FB012010BD284C0422494915207C
:10566C00636508F077FB012010BD244C04224649E9
:10567C001420236508F06EFB012010BD1F4C042282
:10568C0042491320E36408F065FB012010BD1B4C5C
:10569C0004223F491220A36408F05CFB012010BDDA
:1056AC00164C04223B491120636408F053FB012083
:1056BC0010BD124C042238491020236408F04AFB18
:1056CC00012010BD0D4C042234490F20E36308F077
:1056DC0041FB012010BD094C042231490E20A3636B
:1056EC0008F038FB012010BD044C04222D490D207C
:1056FC00636308F02FFB012010BD00BF4048002061
:10570C00B513000025130000F520000065200000F3
:10571C00D51F0000451F0000B51E0000251E00000F
:10572C00951D0000051D0000D90F0000490F000059
:10573C00B90E0000290E0000990D0000090D0000A3
:10574C00790C0000E90B0000590B0000C90A00009D
:10575C00390A0000A9090000190900008D08000091
:10576C000108000075070000791C0000ED1B00000B
:10577C00611B0000D51A0000491A0000BD19000079
:10578C0031190000A5180000191800008D17000031
:10579C000117000075160000E91500005D150000EA
:1057AC00D1140000451400003B4C04223B490C2052
:1057BC00236308F0CFFA012010BD374C042238497E
:1057CC000B20E36208F0C6FA012010BD324C042213
:1057DC0034490A20A36208F0BDFA012010BD2E4CFA
:1057EC00042231490920636208F0B4FA012010BD8B
:1057FC00294C04222D490820236208F0ABFA012021
:10580C0010BD254C04222A490720E36108F0A2FAB6
:10581C00012010BD204C042226490620A36108F06B
:10582C0099FA012010BD1C4C042223490520636108
:10583C0008F090FA012010BD0422174C1F491046A5
:10584C00236108F087FA012010BD134C04221C4977
:10585C000320E36008F07EFA012010BD0E4C0422F8
:10586C0018490220A36008F075FA012010BD044607
:10587C000948042214494360012008F06BFA2046C1
:10588C0010BD054C042211490020236008F062FA77
:10589C00012010BD002010BD4048002059250000FB
:1058AC00CD24000041240000B52300002923000072
:1058BC009D22000011220000852100000D12000025
:1058CC0081110000F5100000691000009912000011
:1058DC00504B1868012830B507D0052800F290808D
:1058EC00DFE800F04F8E4F4F7C854B4B10254B491A
:1058FC001B6881FB0321A1EBE3710A0101EB410160
:10590C0012325B1A22EAE2721B01C2F14001C2F3AD
:10591C00C7002E331029D4BF521810328446511EA2
:10592C0048BF911DC0F1010202EBE102D2B210445A
:10593C0023EAE3733A4CC3F1800EE27084F801C0A1
:10594C00AE45D4BF03EB0E015919C3F3C703B1F134
:10595C00010EC3F10102237048BF01F1060E02EBE8
:10596C00EE02D2B2A2701A44102A02DDC3F1100367
:10597C00A370082802DDCCF10803E3700123237126
:10598C0030BD00283FD1274B1B68002B1A463FDB4C
:10599C00D210594203F007034FF00E054FEA0212E2
:1059AC0001F0070102F10F0258BF4B4222EAE272EA
:1059BC00C3EB0313C2F14001C2F3C70007330E2936
:1059CC00D4BF52180E328446511E48BF911DC0F1EF
:1059DC00010202EBE102D2B21044A9E7124B0520FE
:1059EC0003224FF0020C1B6812251B01A0E70E4B83
:1059FC0003224FF0020C0C251B68C3EBC30397E783
:105A0C000023074CBBE7094B1B68002B1A46BFDA77
:105A1C00DA1DBDE76C520020EC5000205655555550
:105A2C0070500020F4520020F0520020A8500020AA
:105A3C002DE9F84F3C4A3D4BD3F800801368A8EB96
:105A4C000303182B27D90024394DDFF8FCA04FF0A5
:105A5C000109384F05F10C0B2646C2F800808AF874
:105A6C0000403C705BF80C0C0268126990473E28B1
:105A7C00064412DD04223F2887F80090EA6031D1F9
:105A8C00013410350BF1100B032CEBD13B7893B197
:105A9C00294BC3F80080BDE8F88F2D2806DC1E28A2
:105AAC0039DD02228AF80090EA60E9E7032287F8E0
:105ABC000090EA60E4E7782E0CDC9AF800300BB921
:105ACC00502EE8DD01221C4B8AF80020C3F8008020
:105ADC00BDE8F88F194A01211370174B3970C3F8C0
:105AEC000080D8E72421164809F036FC21461548D9
:105AFC0007F062FB134807F06BFB04E05BF80C0C3F
:105B0C000268526990475BF80C0C02681269904766
:105B1C000028F3D1B4E70F2802DDC5F80C90AFE7ED
:105B2C000022EA60ACE700BFF050002000530020D8
:105B3C00A02800200C54002008510020132900201C
:105B4C009C030020981800200E5400202DE9F04FE3
:105B5C004FF0000B05460C462DED028B85B00192E3
:105B6C002B6828461B699847002800F0AE80BBF1D3
:105B7C00040F00F0AA8007F051FE064672B62B689F
:105B8C0028465B699847804662B6A36A0BF1010B05
:105B9C00002B00F39F805FFA88F7F82F00F09D80B0
:105BAC00FE2F00F0DB806369974A0133DFF86892BF
:105BBC00116863611368DFF864A2C9F80030934B75
:105BCC0019609AF80030002B00F0DF80D9F8003013
:105BDC00F72FE36200F29880237C002B40F00781C2
:105BEC00F02F00F0288218F0800F40F0D68094F847
:105BFC000880B8F1000FB3D06268511C6160A754E3
:105C0C00E2689142ACDB002A08F0F00A02954FF0F2
:105C1C000007C8BF2378012A019A454608EE903A3E
:105C2C00CCBF63780023A04608EE103A784B9B5CFF
:105C3C00994649FA07F2D3071DD5764B294653F8F6
:105C4C0027402268204612689047F72D13D8BAF1E6
:105C5C00D00F0AD000F2A981BAF1B00F00F09881F0
:105C6C0040F29381BAF1C00F05D12268204618EE9C
:105C7C00901A126890470137082FDAD1029D07F06D
:105C8C00CDFDD8F81830801B44460344C8F81830B2
:105C9C00D8F824300133C8F82430D8F81C308342AB
:105CAC0038BF0346C8F81C30D8F82030834228BFD0
:105CBC0003462846C8F820300023C8F804302B6867
:105CCC001B69984700287FF452AF05B0BDEC028BDE
:105CDC00BDE8F08F013BA36242E794F83030002B13
:105CEC007FF43EAF484BDFF830911A686369DFF8F8
:105CFC002CA10133C9F8002063619AF80030002B05
:105D0C0043D0D9F80030E362414B4FF00008019AC0
:105D1C0013F8029049FA08F33946DB0705D53D4BD9
:105D2C0053F8280003681B68984708F10108B8F17C
:105D3C00080FEFD107F072FDA369801B0344A36128
:105D4C00636A01336362E369834238BF0346E361EC
:105D5C00236A834228BF0346236201E794F831305B
:105D6C00002B7FF4FDAE6369274A0133DFF8A8905E
:105D7C00116863611368DFF8A4A0C9F80030234BE5
:105D8C0019609AF80030002BBBD101210D2007F0CF
:105D9C006FFD01238AF8003018E7A02F00F08C80EB
:105DAC00D02F00F0898087F080036F2B00F22281C6
:105DBC0008F00F00204490F83330002B40F067813E
:105DCC0007F0F00863602772B8F1D00F0BD000F227
:105DDC009C80B8F1B00F00F0038140F2FE80B8F166
:105DEC00C00F40F095800123E3606372B8E6084B66
:105DFC0007F0F009019A4FF0000802953D4613F8A0
:105E0C0002A027461DE000BF0053002008510020CF
:105E1C0020520020DC2800200451002011540020C6
:105E2C00B9F1B00F3DD039D9B9F1C00F04D1236805
:105E3C00204600211B68984708F10108B8F1080FAB
:105E4C0022D04AFA08F3DC07F6D5A34B294653F8BF
:105E5C002840236820461B689847B9F1D00FE6D03C
:105E6C00DED9B9F1E00F1CD0B9F1F00FE4D1F02D6F
:105E7C00E2D005F0FD03F12BD9D0F22D11D008F1B1
:105E8C000108B8F1080FDCD13C462F46029DF72FD4
:105E9C007FF450AF0023237423724BE7B9F1A00FAA
:105EAC0005D12368002120461B689847BFE705F001
:105EBC00E003802BF5D0BFE794F83230002B3FF491
:105ECC0072AF07F0F003D02B05D00BD8B02B1AD043
:105EDC0016D9C02B10D10123E360A3620023637297
:105EEC0063603DE6E02B0ED0F02B05D107F0FD03EF
:105EFC00F12BF0D0F22F06D00023E360A3622FE643
:105F0C00A02B40F092800223E6E7B8F1E00F67D0B7
:105F1C000023019A9946E3606372704B13F802A058
:105F2C0007F0FD03CDE9024313E0B8F1B00F00F028
:105F3C009C8040F29780B8F1C00F04D122682046B3
:105F4C0000211368984709F10109B9F1080F00F015
:105F5C009C804AFA09F3DA07F5D55F4B394653F8BA
:105F6C0029402268204612689047B8F1D00FE5D03E
:105F7C00DBD9B8F1E00F78D0B8F1F00FE3D1039B87
:105F8C00F12BDBD0F22FDED16FE0BAF1A00F1FD1D5
:105F9C00226818EE901A2046126890472268204614
:105FAC0018EE101A1268904765E6BAF1E00FEFD0C0
:105FBC00BAF1F00F7FF45FAEF02D3FF45CAE05F05C
:105FCC00FD02F12A3FF451AEF22D7FF454AEDFE71F
:105FDC0005F0E002802ADBD04DE6B8F1A00F04D129
:105FEC000223E36001236372BAE507F0E003802B20
:105FFC00F6D08DE707F0F00800232772B8F1D00F28
:10600C0063603FF4F0AE7FF6E4AEB8F1E00FE7D09A
:10601C00B8F1F00F7FF47CAF07F0FD03F12B3FF4E8
:10602C00E2AEF22F7FF474AFDAE707F0E007802FCF
:10603C003FF469AF60E71F4623720123019A237472
:10604C00264B13F8028048FA07F3F021D80705D540
:10605C00214B53F8270003681B6898470137082F1A
:10606C00F1D167E6B8F1A00F05D1226800212046D6
:10607C001268904762E708F0E002802AF5D009F137
:10608C000109B9F1080F7FF464AF029C52E607F0E6
:10609C00F003C02B3FF41FAF09D9D02B3FF41BAF3B
:1060AC00A3F1E003B3FA83F35B095B0014E7A02BC5
:1060BC003FF429AF06D9A3F1B003B3FA83F35B091C
:1060CC005B0009E707F0E003A3F18003B3FA83F365
:1060DC005B095B0000E700BFDC2800202052002099
:1060EC002DE9F04F83B0FFF7A3FC544B1B78002B2A
:1060FC0040F09E80524B01931B78002B14BF082359
:10610C00042300934F4F4FF0000A4F4E3A68DFF8CC
:10611C004881DFF8489100252A4488FB0234A4EB1F
:10612C00E27404EB4404141B4FEA041B06EB041446
:10613C0056F80B0003681B699847002837D10135C6
:10614C00032D01D03A68E7E73B68019A01331178D7
:10615C0088FB0302A2EBE37202EB42029A1A3A604A
:10616C0000293FD1354B1B78CBB1009B013B5345EC
:10617C0015DD364B45F2555159804AF6AA21598006
:10618C00334BD9F804001968324BA3FB0131890C4D
:10619C0001EB8101D9F804301B1A9942FAD80AF1A3
:1061AC00010A009B5345B6D103B0BDE8F08F56F8F9
:1061BC000B00D4E90112FFF7C9FCD4F80CB0BBF109
:1061CC00000F08DCBBE7D4E901122068FFF7BEFC26
:1061DC00BBF1010BB3D0206803681B6998470028FA
:1061EC00F1D1ACE7009B013B5345D8DD174B45F291
:1061FC00555159804AF6AA215980104B1B78002B17
:10620C00BED1134BD9F804001968124BA3FB013112
:10621C00890C01EB81014900D9F804301B1A994211
:10622C00FAD80AF1010A009B53457FF474AFBBE71F
:10623C000C230093024B019364E700BF0C54002025
:10624C000E540020B0500020A028002000800B40ED
:10625C009418002083DE1B4356555555001000E062
:10626C00974B41F28731974A18681368C31A8B42CF
:10627C0000D870472DE9F04F0027934E87B010607F
:10628C0026219248B0463C46DFF8B4B209F064F8D7
:10629C00DFF8B0A28E4806F09BFF01970621584606
:1062AC0058F8045B09F058F804F14100C0B209F049
:1062BC003DF8884A2301D05803681B6998478146EA
:1062CC000621504609F048F84946814806F074FF0B
:1062DC000321814809F040F86B6A0721002B00F07C
:1062EC00D080AA6904217D48B2FBF3F909F034F897
:1062FC0000230A224946764806F078FF08217848A0
:10630C0009F02AF800230A22E969714806F06EFFA9
:10631C000821744809F020F800230A22296A6C48E5
:10632C0006F064FF0921704809F016F800230A22D0
:10633C006969674806F05AFF654806F049FF6B69C2
:10634C00019A1A44EB699F42019238BF1F460134EF
:10635C00032CA3D1654C0A21654808F0FDFFE368C6
:10636C00002B00F0958004215C4808F0F5FFE368F1
:10637C0021680A225648B1FBF3F1002306F036FFE0
:10638C000821574808F0E8FF00230A2261685048AA
:10639C0006F02CFF0821534808F0DEFF00230A22E8
:1063AC00A1684B4806F022FF0C21524808F0D4FF9C
:1063BC0000230A22E168464806F018FF444806F01C
:1063CC0007FF0F214C4808F0C7FF4C4B1B78002BE4
:1063DC0070D14B4B1B78002B62D10621494808F039
:1063EC00BBFF0B21484808F0B7FF484B484803ADAA
:1063FC001B78002B474B12BF07211846082108F0C9
:10640C00ABFF1421444808F0A7FF444B198800291E
:10641C004BD14349284606F0FDFE29462C4806F090
:10642C00A5FE284606F014FF0E213E4808F094FF06
:10643C000199274806F0C0FE11213B4808F08CFF5B
:10644C000A2200233946224806F0D0FE02213748A2
:10645C0008F082FF1E4806F0BBFE354800224FF0C4
:10646C00FF3156F8043B86425A62C3E90522C3E960
:10647C000721F6D1C4E90022C4E9021207B0BDE835
:10648C00F08F2C4808F068FF114806F0A1FE5EE77B
:10649C000721284808F060FF0D4806F099FE90E7A8
:1064AC000921254808F058FF9BE71022284606F0E2
:1064BC000BFFB2E70C21214808F04EFF91E700BF1B
:1064CC000053002050490020D02800202804002030
:1064DC0098180020A02800206004002064040020EC
:1064EC006C0400207804002084040020C453002095
:1064FC0098040020A4040020B40400200C540020B4
:10650C000E540020E0040020E80400201329002091
:10651C0020040020140400202C050020FC53002033
:10652C00F404002004050020140500202805002098
:10653C00DC28002090040020D4040020C404002097
:10654C005004002058040020F8B500270D4E67F0C9
:10655C004F050D4CEDB254F8040F294603681B6827
:10656C00984720687B2103681B68984720680021A6
:10657C0003681B689847B442EDD10137102FE6D160
:10658C00F8BD00BFF8280020D828002070B50024E2
:10659C000C4E054656F8250064F04F010134036893
:1065AC00C9B21B68984756F825007B2103681B6805
:1065BC00984756F82500002103681B689847102C53
:1065CC00E8D170BDDC280020124B01F00F012DE941
:1065DC00F0410024DFF840801F5C41F0B00647FA20
:1065EC0004F33146DB070FD558F824502B682846A6
:1065FC001B6898472B687B2128461B6898472B689B
:10660C00002128461B6898470134082CE7D1BDE8C7
:10661C00F08100BF20520020DC280020114B1B7899
:10662C0010B5044683B101460F4806F063FE0F4ACD
:10663C0001230F4C11680F4A0F48116000210F4ABB
:10664C0023700370117010BD17210D4808F084FEE3
:10665C0021460C4806F08AFD0A48BDE8104006F0B9
:10666C00B7BD00BF14290020B450002000530020F7
:10667C0018540020105100200D54002013540020F9
:10668C001803002098180020614B45F255514AF62A
:10669C00AA2200202DE9F04F598085B05A8007F0CE
:1066AC00ADF9AB2803D0AB21002007F0B7FA594E57
:1066BC000124204616F8015B07F0A0F90346294691
:1066CC0020469D4204F1010401D007F0A7FA042CE6
:1066DC00EFD1514F7D1E07F107082C4615F8016FBD
:1066EC000534E41B204607F089F903463146204661
:1066FC00B34201D007F092FA4545EED1DFF830A154
:10670C000C24DFF83081454F1AF8015B204607F066
:10671C0075F904F10309A84204F1010B04F1020616
:10672C00204629464C4601D007F078FA584617F80F
:10673C00015B07F063F9034629465846AB4201D08A
:10674C0007F06CFA304618F8015B07F057F903466E
:10675C00294630469D4201D007F060FAB9F1150F79
:10676C00D2D1DFF8D4B04FF0000A0BF11008A9EB2E
:10677C000B07A8F11004013FA7EB0A0714F8015B03
:10678C003E19304607F03AF90346294630469D42F9
:10679C0001D007F043FAA045F0D109F110090AF134
:1067AC00100A08F11008B9F1450FE0D11C4C48460D
:1067BC0007F024F92388D9B2814203D0484607F068
:1067CC002DFA23881C0A462007F018F9844203D0BE
:1067DC002146462007F022FA124901A806F01AFDBC
:1067EC0001A8FFF71BFF01A806F032FD0A2006F0F6
:1067FC00C1FF45F25554064B4AF6AA200A495C8063
:10680C000A4A58800B68136005B0BDE8F08F00BFD2
:10681C0000800B40205200205826002034260020F7
:10682C00FC53002010030020005300201C490020C2
:10683C009C28002038260020785000202DE9F041BB
:10684C00012084B007F0DAF8334D03460220334CB4
:10685C0004262B7007F0D2F8034603206B7007F068
:10686C00CDF8A8703046013607F0C8F8003818BFCC
:10687C0001200C2E04F8010FF4D1294D294C2A4F7C
:10688C00304607F0BBF80346701C003B18BF0123D1
:10689C0005F8013B07F0B2F8031E324606F1030679
:1068AC0018BF0123901C04F8013B07F0A7F800382F
:1068BC0018BF0120152E07F8010BE1D12527DFF8B1
:1068CC007480344608EB06052046013407F096F830
:1068DC00003818BF0120A74205F8010BF4D110367F
:1068EC001037452EEDD1304607F088F80446462087
:1068FC0007F084F80D4B44EA00200D49188001A8DC
:10690C0006F088FC01A8FFF789FE01A806F0A0FCA0
:10691C0004B0BDE8F08100BF2052002057260020B3
:10692C009C2800203426002038260020FC53002010
:10693C000803002063500020002800F0CB8000F0FA
:10694C00F0032DE9F04FD02B884604462DED028B39
:10695C0083B008EE102A009300F0BF8034D8B02B1F
:10696C0073D070D9009BA3F1C005B5FA85F56D09FC
:10697C005D4B1B88002B6DD15C4E18EE10BADFF806
:10698C00709106F1080A16F8013F21469BB1D9F81F
:10699C0000703B6838461B689847002D41460ADD5D
:1069AC003B6838461B689847022D04D13B68384633
:1069BC0059461B689847564509F10409E3D103B0C1
:1069CC00BDEC028BBDE8F08F009BE02B3DD0F02B93
:1069DC0040F08180F02800F0848000F0FD03F12B62
:1069EC007DD0A0F1F205B5FA85F56D096D003E4B31
:1069FC001B88002BC0D03D4E18EE10BADFF8F0907B
:106A0C0006F1080A16F8013F21469BB1D9F800702F
:106A1C003B6838461B689847002D0BDD3B684146A8
:106A2C0038461B689847022D04D13B6838465946B6
:106A3C001B689847564509F10409E3D103B0BDEC36
:106A4C00028BBDE8F08FA02B3BD1274B02251B8876
:106A5C00002B91D084F080026F2ACCD8002604E061
:106A6C000136102EABD0204B1B883341DB07F7D5FA
:106A7C00009B18EE10AA1D4C43EA0607DFF870B015
:106A8C0004F108090196FFB214F8013F394693B19D
:106A9C00DBF80060336830461B6898474146304647
:106AAC004DB133681B689847022D5146304602D1D0
:106ABC0033681B689847A1450BF1040BE4D1019E88
:106ACC00CEE700F0E005A5F18005B5FA85F56D0976
:106ADC006D004DE7704700254AE7012548E7012581
:106AEC0085E74FF0FF3582E7FC5300205726002046
:106AFC00DC280020AE4B1B7833B1AE4A137801333F
:106B0C00DBB213709B075CD1AB4A2DE9F041137ECD
:106B1C00012B77D972B6536962B6A84C002B226848
:106B2C00B8BF0333B2EBA30F4FEAA30552D0A4496D
:106B3C000B78002B46D06FF0020EA5EB020CA14B8C
:106B4C00E6451868B8BFE646BEF1030FA8BF4FF084
:106B5C00030E00284AD1BEF1000F9B4EB8BFCEF1F8
:106B6C00000E336807E0072A36D0013202EBC1036E
:106B7C000130704517D0002B1A46B8BFDA1D5F42A2
:106B8C0007F007074FEAE20103F0070258BF7A4209
:106B9C00BCF1000FE7DC002A23DD0130013A70451F
:106BAC0002EBC103E7D133600123884E88490020F2
:106BBC00884A2560337008701370BDE8F041FEF709
:106BCC0087BE70470122834C80480A70804922702E
:106BDC0002700B70BDE8F0810F2B0FDC4A1CD30048
:106BEC00C6E7072B0CDDCA00531EC1E70138042889
:106BFC00DAD8DFE800F09945457987000023B7E73C
:106C0C001723B5E772B6D2E90034D2E902101B683B
:106C1C002468194004422BD0137C03F00303002991
:106C2C005FD143F008039908013B11740D2B3FF61B
:106C3C0072AF01A151F823F0DB4A0000D34A0000E7
:106C4C00794B0000D34A000017490000714B00003B
:106C5C00DB4A0000DB4A0000714B000017490000C2
:106C6C00D34A0000794B0000D34A0000DB4A0000F5
:106C7C00137C03F003030029D5D043F00403D2E7BF
:106C8C005548BEF1000F4FF00006B8BFCEF1000E14
:106C9C00036808E0072A79D0013202EBC103013600
:106CAC00764500F0A380002B1A46B8BFDA1D5F4270
:106CBC0007F007074FEAE20103F0070258BF7A42D8
:106CCC00BCF1000FE6DC002A65DD013A02EBC103E2
:106CDC00E5E75369013B53611EE753690133536187
:106CEC001AE743F004039CE73C490B689E440EF101
:106CFC0008035A4203F0070302F0070258BF53423D
:106D0C000B6051E73549364A0B689E440EF1110E63
:106D1C0082FB0E324FEAEE73C3EBE20303EB031379
:106D2C00AEEB03030B603FE72E4EBEF1000F4FF0AE
:106D3C0000002D4FB8BFCEF1000E326807E00229DB
:106D4C001ED0013101EB0802013070452ED087FBBB
:106D5C000213BCF1000FA3EBE27303EB4308A2EBAD
:106D6C000801ECDC00291BDD013901EB0802EBE723
:106D7C005369023B5361CFE6536902335361CBE64F
:106D8C00052A35DC5A1C02EB4202DDE70F2B31DC05
:106D9C004A1CD30083E7072B30DDCA00531E7EE765
:106DAC00022A29DD03EB43035A1ECDE73260FBE6D2
:106DBC000C54002002540020E05100200C22002032
:106DCC001A5400206C520020F45200200954002068
:106DDC00135400200D540020A8500020F052002025
:106DEC0079787878EC500020565555550360DBE6E1
:106DFC000022A9E7002352E70822A5E717234EE754
:106E0C00444B1E20F0B585B01C6806F05BFD424A71
:106E1C001378002B3ED0414B60B91A68012A45D03B
:106E2C003F4A186013781BB13E4D2B78002B4DD088
:106E3C0005B0F0BD0128F3D11A68002AF0D1384D05
:106E4C002978002964D038490968611A09292BD995
:106E5C00B1F5FA6F2A705BD2324A1278002A57D1F8
:106E6C0032490A68101F012808D90132504202F039
:106E7C00030200F0030058BF42420A6001220021C5
:106E8C002B481A602B4C2C4B01712C482270017032
:106E9C001A70CDE70121274C27481170274A217021
:106EAC000170137005B0F0BD1860BDE71C4D29785A
:106EBC000029F9D11C4E3768A4EB070CBCF1090F63
:106ECC0026D92A70174D3460196029701E2006F0DF
:106EDC00F9FC0028ACD1144B1B68E31AB3F5FA6F1C
:106EEC00A6D3FFF731FB164901A8012606F092F94B
:106EFC0001A8FFF793FB01A806F0AAF931460D2073
:106F0C002E7006F0B5FC0F4A0F4B14601E708FE705
:106F1C0018608DE7005300201A5400201022002026
:106F2C001754002012540020685200206C5200208C
:106F3C00705000200D5400200954002013540020E0
:106F4C00080400200451002011540020F0B51F202B
:106F5C0085B006F0B7FC454A454913780968002B03
:106F6C003BD078B9434A1378002B40D1424C20686F
:106F7C00081A0A2804D901202160404910700B70AE
:106F8C0005B0F0BD0128FBD13A4A1378002BF7D09D
:106F9C00394B1B68CB1A0A2BF2D90021B3F5FA6FC7
:106FAC001170EDD2354B1B78002BE9D134490B68AD
:106FBC00042B56D0052B56D0324A042413600023E0
:106FCC000C603148012231490360314C31480B715E
:106FDC003149227003700A70D2E701212C4C2E48E3
:106FEC0011702C4A21700170137005B0F0BD234C48
:106FFC002378002BC4D1204B1B68C91AB1F5FA6F4A
:10700C00BED3264B1D783DBB254E012706F108004B
:10701C001F7005F0B7FA06F1080004F0ADFA294626
:10702C0006F1080005F0B8FA1E4B1F4933621F4BDE
:10703C001F7001A806F0EEF801A8FFF7EFFA01A8FF
:10704C0006F006F90123124A002012491370124A65
:10705C0023700870137093E7154B012215491A70B1
:10706C00E7E70524ABE7074B1C68A8E71A54002098
:10707C000053002008540020AC5000201254002073
:10708C006C52002014520020F0520020705000204E
:10709C000D54002013540020095400201429002002
:1070AC000853002040420F00F00300201329002059
:1070BC0014540020FC030020A44B2DE9F04F1E7843
:1070CC002DED028B8BB0002E7CD0A14B1B781BB905
:1070DC00A04B1B78002B75D09F4D6C68002C40F09A
:1070EC009C819E4BDFF89CA21B680AF110059C4FFB
:1070FC00023B0AF1400C18BF0123DB000493A5F1FD
:10710C0010033A4613F8011B12F8010B884202D007
:10711C00344602F8011CAB42F4D103F110051037D0
:10712C006545ECD18B4B05931CB91B78002B00F0FB
:10713C002D818C4B06938C4F4FF6FD798B4D07F1BF
:10714C00080004F087F98A4907F1080004F01EFED4
:10715C00049B002B874B18BF1D464FF000030CBF40
:10716C004FF00A084FF00B08A7F8B83008232C464C
:10717C00FE18A7F8BA3003E0A8EB0403DD4226D0D2
:10718C0014F8011B3046D7F8B43098474845F3D86B
:10719C000346B7F8BA20B7F8B810304604F0B8FD7B
:1071AC0097F89030032BE7D8DFE803F0CAC4BEB8D9
:1071BC00714804F05BF90023654A1370059A13704B
:1071CC00069A13700BB0BDEC028BBDE8F08F049ADD
:1071DC00DFF8B4B1531EC2F1000967485344079756
:1071EC0003930F230293029B0724039E4FF00C087A
:1071FC005F1C03339BB2BFB208EE103A03E00F34AE
:10720C00A4B27F2C2BD0651C0C233A46CDF8008001
:10721C00ADB2294604F0AAF816F8013F5648002BE7
:10722C0062D1A6EB0A03DBF800204B449A42E6D16C
:10723C00524B1B78002BE2D00E2321460F34029ABE
:10724C000093A4B204F092F84B4829460C233A461A
:10725C00CDF8008004F08AF87F2C4748D3D1029BEC
:10726C00A9F10809039A103310329BB203923F2BF9
:10727C000293B8D1049C0825079F4FF010080134E5
:10728C00394E092C05F1040321463046C8BF2B4664
:10729C000F35A7F8BA800134A7F8B83005F08CFF89
:1072AC00802DEED1364B09AE1A2441211B684FF0CC
:1072BC000009314D4FF6FD78ADF824301B0C8DF8DC
:1072CC002630D7F8B4302846A7F8BA40A7F8B890BB
:1072DC009847404512D93A2C04F110043FF468AF9A
:1072EC00A4B216F8011FECE70823E11C18EE102AD3
:1072FC0089B2009304F014F81F4892E70346B7F8DC
:10730C00BA20B7F8B810284604F002FD97F8903070
:10731C00032BE0D8DFE803F0A9B5AFA3B7F8BA3078
:10732C001B1AA7F8BA3027E7B7F8B8301B1AA7F81A
:10733C00B83021E7B7F8BA301844A7F8BA001BE701
:10734C00B7F8B8301844A7F8B80015E7142900208E
:10735C00095400200D540020A81B00206C52002062
:10736C00204900201354002008530020D40300208F
:10737C00A40C0020E0030020105300201229002050
:10738C00EC03002078500020A8500020AD4B069351
:10739C001B78002B3FF4CFAEAB4B1B79002B3FF48B
:1073AC00CAAEAA4F4FF6FD79A94D07F1080004F0BB
:1073BC0051F8A84907F1080004F0E8FC049BA7F871
:1073CC00B840002BA44B18BF1D464FF008030CBF50
:1073DC004FF00A084FF00E082C46FE18A7F8BA30EA
:1073EC0003E0A8EB0403DD4269D014F8011B30461E
:1073FC00D7F8B43098474845F3D80346B7F8BA20C5
:10740C00B7F8B810304604F083FC97F89030032B93
:10741C00E7D8DFE803F04E48423C222100248F4895
:10742C0007F09AFF8E4805F0D3FE28466C6003F0F7
:10743C00BBFC284609F04CFB8A49284603F042FE67
:10744C00894805F09FF8884804F096F8214686484C
:10745C000BB0BDEC028BBDE8F04F05F09DB8B7F852
:10746C00BA301B1AA7F8BA3035E7B7F8B830184459
:10747C00A7F8B8002FE7B7F8B8301B1AA7F8B83040
:10748C0029E7B7F8BA301844A7F8BA0023E7B7F8D9
:10749C00BA301B1AA7F8BA30A3E7B7F8B8301B1AE2
:1074AC00A7F8B8309DE7B7F8BA301844A7F8BA0077
:1074BC0097E7B7F8B8301844A7F8B80091E7049AE2
:1074CC00DFF8B0B1531EC2F1000967485344079767
:1074DC0003930F230293029B0724039E4FF00C0887
:1074EC005F1C03339BB2BFB208EE103A03E00F34BB
:1074FC00A4B27F2C31D0651C0C233A46CDF8008009
:10750C00ADB2294603F032FF16F8013F5648D3B905
:10751C00A6EB0A03DBF800204B449A42E7D1534B0D
:10752C001B78002BE3D00E232146029A009303F024
:10753C001DFF4D4829460C233A46CDF8008003F038
:10754C0015FF4948D3E70823E11C18EE102A89B22D
:10755C00009303F0E5FE4448DAE7029BA9F1080921
:10756C00039A103310329BB203923F2B0293B2D189
:10757C00049E0C24079F10250136DFF8D080A7F855
:10758C00B8400F3431464046A4B2A7F8BA5005F0C3
:10759C0013FE0136842CF2D1354B0DF124091A243B
:1075AC0041211B684FF000082F4D4FF6FD76ADF8CA
:1075BC0024301B0C8DF82630D7F8B4302846A7F8A9
:1075CC00BA40A7F8B8809847B04207D93A2C04F1D2
:1075DC0010042BD0A4B219F8011FEDE70346B7F83D
:1075EC00BA20B7F8B810284604F092FB97F8903000
:1075FC00032BEBD8DFE803F0140E0802B7F8BA300F
:10760C001B1AA7F8BA30E1E7B7F8B8301B1AA7F87D
:10761C00B830DBE7B7F8BA301844A7F8BA00D5E7AA
:10762C00B7F8B8301844A7F8B800CFE7064A0E48A8
:10763C00D3781146009393780978527803F070FF51
:10764C00B9E500BF135400207050002008530020EF
:10765C00D4030020A40C0020C40300204405002007
:10766C009818002040420F001053002012290020CF
:10767C00EC030020A8500020B14B2DE9F04F93F8FB
:10768C0000A095B0BAF1000F00F01381AD4B1B7840
:10769C0023B9AD4B1B78002B00F00B81AB4B1C6856
:1076AC00002C40F00681AA4D6868002840F0098241
:1076BC00A84EA94F06F1030C039616F8014B394658
:1076CC00002209E00D7801239D4201D050460B7039
:1076DC0001320131082A0BD044FA02F313F00103F2
:1076EC00F0D10D78002DF1D101320131082AF3D1FE
:1076FC00B44507F10807E0D1984A994902F10C0505
:10770C00059252F8044B974BE46A1B681B1B11F84B
:10771C00014B952B8CBF002301239C4202D0504679
:10772C0001F8013C9542ECD1874B1B78002B40F0C3
:10773C00C3808D4B1093002840F0C0801B78002B29
:10774C0000F0BC80894B1A79002A00F0B7801C78B5
:10775C005D784FEAC40B9978DA78BBF17F0F4FEA6A
:10776C00C1014FEAC2020B95A8BF4FF07F0B002C52
:10777C004FEAC50408BF4FF0000B3F2C2346A8BFAF
:10778C003F230793002D00F0F0811846C3F140030E
:10779C009342A8BF13460246012BACBFC018013060
:1077AC00182CCBF18003D4BF4FF0010A4FF0000A24
:1077BC0010280690D8BF4FF0000A8B42A8BF0B468A
:1077CC001146012BACBF0BEB03080BF10108C31DD9
:1077DC004FEADB00DB10CC08C0F11001A3EBD203A5
:1077EC0008F10702C9B20C90D2100B94DBB2A2EBD9
:1077FC00DB02D2B28A4228BF0A460E92C4F10802BA
:10780C00D2B2934228BF13460D9367E0049B103706
:10781C000833402F0493059B03F104030593039B4A
:10782C0003F10103039340F0BB80DDF83CA001267B
:10783C0010254F4C5746C6EB0613DA1E03335B4537
:10784C00ACBF012300234245A8BF002313B1002F76
:10785C0040F00B810136092EEDD1464B13AD1A24A5
:10786C0000271B684FF6FD78434EADF84C301B0CCF
:10787C008DF84E30BBF1060F04F1080306DC079AB5
:10788C009A4203DC069B9C42C0F23A8110340135CB
:10789C004A2CEFD10D9B384800930E9BDDE90B2150
:1078AC0003F03EFE0023274A1370274A1370109AE8
:1078BC00137015B0BDE8F08F2B4B1093FEF708F842
:1078CC00082310224FF0000B4FF08008CDF81CB0AD
:1078DC00CDE90D324023CDE90BBB0693DFF8909038
:1078EC004FF6FD77254C09F1080009F1080503F066
:1078FC00B1FD234909F10800A61C04F047FA4FF426
:10790C0000234421C9F8B83003E0A64242D014F851
:10791C00011FD9F8B43028469847B842F5D8034629
:10792C00B9F8BA20B9F8B810284604F0F1F999F86A
:10793C009030032BE9D8DFE803F0928C862500BF4A
:10794C0014290020095400200D5400206C520020F2
:10795C00A81B002020520020BC460020D02800206C
:10796C00F0470020005300201354002070500020DA
:10797C0008530020EC030020105300205803002073
:10798C00A40C0020B9F8BA30A642A3EB0003A9F866
:10799C00BA30BCD1002310278C480493CDF83CA0FE
:1079AC00BEB207F10C0300250824DDE906129A4249
:1079BC00D8BF8F4206F102039BB2B4BF4FF0010A4D
:1079CC004FF0000A0893731D9BB20993731E9BB270
:1079DC000A9304E001350F34082D3FF417AF04F17E
:1079EC000C035B45F6DB4445F4DABAF1000FF1D039
:1079FC000C2332460093A3B2194611930C2303F0C7
:107A0C00B5FC039B71481B782B4113F0010F35D14A
:107A1C00049B6F4AEB1812689A42DBD16D4B1B78B2
:107A2C00002BD7D0119A0E23511E00930A9A89B2BB
:107A3C0003F09CFC0C23654832461199009303F02B
:107A4C0095FC6248C6E7B9F8B8301B1AA9F8B830EB
:107A5C005BE7B9F8BA300344A9F8BA3055E7B9F87E
:107A6C00B8300344A9F8B8304FE731462046A9F89E
:107A7C00B820A9F8BA5005F09FFBEBE6119A082341
:107A8C00911C0093089A89B203F04AFC059B4F485D
:107A9C001B68DA6A504B1B689B1A952BB8D80021CF
:107AAC0004F032FA119A02234848511D099A0093A6
:107ABC0089B203F035FC4548012104F025FA43480E
:107ACC00A6E72221454807F047FC454805F080FB16
:107ADC0028466C6003F068F9284608F0F9FF414924
:107AEC00284603F0EFFA394804F04CFD374803F010
:107AFC0043FD2146354815B0BDE8F04F04F04CBDB0
:107B0C0029783046D9F8B430A9F8BA40A9F8B87039
:107B1C00984740453FF6BAAE0346B9F8BA20B9F8D3
:107B2C00B810304604F0F4F899F89030032B3FF677
:107B3C00ADAEDFE803F0140E0802B9F8BA301B1A28
:107B4C00A9F8BA30A2E6B9F8B8301B1AA9F8B830BF
:107B5C009CE6B9F8BA301844A9F8BA0096E6B9F818
:107B6C00B8301844A9F8B80090E6CBF18003079020
:107B7C008B42A8BF0B464FEADB01012BACBF0BEBD2
:107B8C0003080BF10108402A13460C91A8BF4023AF
:107B9C00102AD4BF4FF0000A4FF0010A012BB8BFD6
:107BAC0001231A46069308F107030732DB10C2F3D0
:107BBC00C702A3EBDB030D92C1F11002DBB2D2B210
:107BCC00934228BF13460E9388E600BF1053002043
:107BDC00F4520020122900200053002044050020FC
:107BEC009818002040420F002DE9F04F91B09F4CA7
:107BFC0005F014FE9E4B45F255514AF6AA225980C7
:107C0C0002905A802368D90740F1F780994E9A4D1B
:107C1C009A4F07F037FBB0B107F078FBC1B20A29D5
:107C2C0000F095800D2900F09280934805F0BCFB84
:107C3C00AB68202BEDD93146284605F063FB07F0E5
:107C4C0021FB0028E8D10446FEF74AFA8C4B1B783E
:107C5C00002B40F0DE808B4EDFF88492356899F86B
:107C6C0000304BB1884A1368EB1A632B04D91368A4
:107C7C00EB1A312B00F2FE82844A13788BB98449BB
:107C8C0040F2DB500968691A814240F2B38001214D
:107C9C00DFF8509211707F4A89F8001011707E4AFB
:107CAC0013707E4F3B783BB17D4B40F2DB521B682F
:107CBC00EB1A934200F23E827A4B00931B78002B16
:107CCC0060D0DFF82482D8F80030EB1A3B2B00F29E
:107CDC00B681754C2368EB1A1D2B00F28E81734A0A
:107CEC001368EB1AC72B00F296810121E120704A30
:107CFC001368EB1A83426F4B28BF15601A7842B198
:107D0C00DFF8E8B19BF80020012A02D1002900F02D
:107D1C00E181FEF7A5FA05F081FD029BC41A009BD8
:107D2C001B78002B40F03281634B1B78002B40F00A
:107D3C00CB81624B1B68002B00F02483EB1A40F6BE
:107D4C00B835B3F57A7F38BF4FF47A7520E1284601
:107D5C0005F06CFB3946284605F036FB30B958491E
:107D6C00284605F031FB00283FF465AF1621554835
:107D7C0007F0F2FA544805F02BFA322005F0FAFC21
:107D8C0008F0AAFEDFF86081D8F80030EB1A1D2B42
:107D9C0000F25581444C2368EB1A0E2B00F22D8116
:107DAC00454B1978002900F07E8140490A68AA1ACF
:107DBC00952A1CD90D60454938780A7882F0010261
:107DCC000A70A0B9DFF81C9199F80020002A40F045
:107DDC006482304A1278002A40F05F8219780123BD
:107DEC002D4A89F800301370002900F06B810021B6
:107DFC0096207CE711B0BDE8F08F1E491E4805F0B7
:107E0C0009FA0123324A33491B48236007F008FC66
:107E1C00FCE6314F01F02EFFBB68002B00F099827D
:107E2C002E4B1A78002A00F02D821E4B00931B78E3
:107E3C00002B40F04C81204B1B78002B14BF0C23E3
:107E4C00102303930023302204A80E4E1D4619461E
:107E5C00019308F09DF9A846DFF88490039DDFF8A4
:107E6C0078B0DFF88CA0039446E000BF28430020D4
:107E7C0000800B404005002054490020980B002046
:107E8C001529002000530020045100201A54002012
:107E9C00F85200200D5400201354002018540020D8
:107EAC00105100200C54002000510020F8500020EC
:107EBC000C5100200A5400200E54002008510020C0
:107ECC00B80B0020A00B00209818002012290020CD
:107EDC001C22002051B000008032002003540020EE
:107EEC001154002009540020F450002014290020C3
:107EFC00C453002008F101080021584602F000FC90
:107F0C00A84580F2E381002800F0E08105F086FCB2
:107F1C00044697F8560097F85710802897F8582081
:107F2C0005D0902840F0BE81002A40F0BB81FEF7BE
:107F3C0003FD3368B44A136005F070FCDAF80030C6
:107F4C00001B32680344CAF80030DAF80C300133F5
:107F5C00CAF80C30DAF80430834238BF0346CAF84A
:107F6C000430DAF80830834228BF0346CAF80830D8
:107F7C00A64B1A6099F80030002BBBD101210D20C3
:107F8C0005F076FC012389F80030B3E741F288351F
:107F9C00A542BFF42FAF13219D4807F0DDF9002354
:107FAC000A2221469B4805F021F906219A4807F040
:107FBC00D3F900230A223168964805F017F90921F4
:107FCC00964807F0C9F900230A222946914805F082
:107FDC000DF90321924807F0BFF9009B1B78002B89
:107FEC0040F056818F4B1B78002B40F0358289482E
:107FFC0011B0BDE8F04F05F0EBB8FEF77BFD009B30
:10800C0025601B78002B3FF4CBAE874A1368EB1A24
:10801C00C72B7FF66AAE1560844A3978137883F0E3
:10802C000103137000297FF461AEDFF8409299F8D8
:10803C00001000297FF45AAE7D4B1B7855E6FEF7F5
:10804C00DFFEFEF783FF172005F03CFC002840F014
:10805C009A8078490B78002B00F09781764C237826
:10806C00CBB9764B1B68EB1AB3F5FA6F13D3744B81
:10807C001A6833689B1AB3F57A7F01D3FEF704FBB9
:10808C0001236B4A0021DFF8E49113706D4A2370D1
:10809C00117089F80030009BC8F800501B78002B39
:1080AC007FF417AE76E660480268AA1A632A09D9EB
:1080BC0005605E483C78027882F001020270002C68
:1080CC003FF480AE4B2012E64FF4FA6560E70823CC
:1080DC000393B7E6564C1970237883B9DFF88C916B
:1080EC0099F80030002B3FF414AE564B1B7833B983
:1080FC00454B1B68EB1AB3F5FA7F7FF60AAEDFF837
:10810C00709105F08BFB8046D9F80430002B40F0C1
:10811C00BA813B78002B40F044814B4B1B68052BFC
:10812C0000F27481DFE813F08401750170017001B5
:10813C00750189014FF00008444945484FF0010A88
:10814C0087F8008005F0DEF8394A424B82F800A02F
:10815C003C4ADFF8189182F800801A7889F800A060
:10816C00002A3FF4A9AD3C4883F8008003F004FAE0
:10817C005146394804F010FA384B83F80080384BDC
:10818C0083F8008098E5012885D12A4A1378002BC2
:10819C0081D02A4B1B68EB1A092B7FF67CAF002190
:1081AC00B3F5FA6F1170BFF476AF234B1B78002B2D
:1081BC007FF471AF244B1A68002A40F08781294B59
:1081CC000122294C1B688B42184603F00701B8BFEB
:1081DC00D81D8A40C01014F800C08CEA02024CFA78
:1081EC0001FCD2B222540A412CEA0202D20700F15D
:1081FC007681144A00210123DFF8709011700C4A2B
:10820C0089F80030137046E7085100200451002013
:10821C00E40B002098180020F80B0020000C002024
:10822C000C0C00200E540020F850002012290020C5
:10823C000D54002006540020125400206C500020D5
:10824C001C490020135400206C52002040050020D3
:10825C00B450002014540020105300201329002087
:10826C0014290020F4520020205200200954002030
:10827C00A81B002000210D2005F0FAFA002389F834
:10828C000030F9E401210A20197005F0F1FACCE56F
:10829C001421AD4807F060F8A9E6197800297FF49D
:1082AC00A6AD0FE7019B0F2B3FF746AE019B03EBEF
:1082BC00430E01330EF1100C019304ABEC448CF81B
:1082CC0002008CF8011003F80E2035E6019B039C8C
:1082DC00B3B1019B04ADDFF8C48203EB43072F4419
:1082EC0095F802A02A7869785046FEF725FBBAF17A
:1082FC00F80F02D03368C8F800300335AF42EFD125
:10830C00009BDFF89C821B783768002BD8F8003074
:10831C0014BF4FF4FA724FF47A72FB1A9342FFF4C3
:10832C009DAC8A49CB688BB14B6893420ED9DFF870
:10833C0024A2002502E00135082D07D01AF8013FD0
:10834C00002BF8D0E8B2FEF721F9F4E7C8F800707A
:10835C0084E47F4B1A78002A3FF47DAC21460A2036
:10836C007C4E25461C7005F083FA03E00135082D80
:10837C003FF471AC16F8013F002BF7D0E8B2FEF7D2
:10838C0005F9F3E740F6B83502E673480268AA1A15
:10839C00092A7FF680AE012205600A706F4A1370BD
:1083AC0079E66F4803F056F86E496D4803F0EEFC21
:1083BC006D4B1968002900F087806C4FDFF8E49151
:1083CC0007F1080003F016FD6749C3B26748D3F103
:1083DC00800348BF01335B10A7F8B8302023A7F8FF
:1083EC00BA3004F0C3FE5E4803F040F805F016FA0C
:1083FC00A0EB0808B8F5FA6F33D8002389F80030E1
:10840C0023705B4B1D6084E4FEF756FEDFF89491FD
:10841C00ECE79BF80030DFF88C91002BE6D099F854
:10842C00003013B92378002BE0D0FCF7DBF9DDE743
:10843C00DFF87091FFF720F9D8E79BF80030DFF8F0
:10844C006491002BD2D099F8003013B92378002B0B
:10845C00CCD0FAF77DF8C9E71121464806F07CFF2D
:10846C00C5E51D21444806F077FF414600230A224A
:10847C00424804F0BBFE0221414806F06DFF3F4824
:10848C0004F0A6FEB9E7222100243E4806F064FF62
:10849C003A4804F09DFE4846C9F8044002F084FCBA
:1084AC00484608F015FB3849484602F00BFE2C48AC
:1084BC0004F068F82A4803F05FF82146284811B008
:1084CC00BDE8F04F04F068B8304976E7531E042B32
:1084DC003FF6E1ADDFE803F08F68682A0C005B42E1
:1084EC0003F0070358BF5942C8B2FEF74FF880E6B5
:1084FC00274B28491B680A882BB1013B012000FA45
:10850C0003F353409BB29A420B803FF472AEDFF8F8
:10851C00449003E00134082C3FF46BAE19F8013F92
:10852C00002BF7D0E0B2FEF731F8F3E7184B1A4AFC
:10853C001868135C83F001031354002B7FF459AEBD
:10854C00C0B2FEF723F854E6100C0020C4530020F0
:10855C0003540020572600206C5000201254002099
:10856C0010530020B8100020B450002008530020F5
:10857C00FC500020280C0020C40B00209818002070
:10858C00280500204405002040420F0068170020F9
:10859C00F0520020FC5300205826002008510020E7
:1085AC006049002009540020294B1B68002B1846F9
:1085BC00B8BFD81D023A18BF0122594203F0070375
:1085CC004FEAE00001F0070158BF4B4203EBC20138
:1085DC00204A214B02EB001253F82040535C0C4410
:1085EC0083F00103535484F83330002B3FF401AE75
:1085FC00FDF7EAFFFDE5194B1A68032392FBF3F331
:10860C0003EB4301521A0AD11549134A52F82300BD
:10861C00CA5C82F00102CA5480F83020E9E5012AD4
:10862C000AD010490C4A52F82300CA5C82F00102AD
:10863C00CA5480F83220DCE50B49074A52F8230073
:10864C00CA5C82F00102CA5480F83120D1E500BF27
:10865C00A850002078500020D0280020EC5000209A
:10866C009C2800203826002034260020F8B5484CE1
:10867C0005F0A0F9474A00264749484806F0D0FFC4
:10868C0004F59F6304F5A7624549236304F5AF63C2
:10869C00216004F5B761204624622164414DC4E990
:1086AC000D2340225023C4E90166A4F84620A4F807
:1086BC00483001F0A5FF3C4B3C4905F108003C4A11
:1086CC005E60226019603B4A3B4B6E60C5F8B86037
:1086DC002A60C5F8B43003F04DFD2846374A384BB4
:1086EC0040F8082B3749384A02F05EFFFF2305F1AA
:1086FC000800364C19461A4602F0C8FD0221152016
:10870C0005F0F2F80221162005F0EEF8304B666108
:10871C004FF4FA6ED3F86C512E492F4AD3F850C14E
:10872C00D3E957672D4BE560C4F800C0C4E9017666
:10873C0048681268A3FB0232920C0EFB02F24B68E3
:10874C001B1A9A42FBD8DCF8003015203A681E42FE
:10875C001E4914BF01230023154218BF43F0020326
:10876C002374FCF7FBFD0346184916202376FCF70F
:10877C00F5FD227E03461A491A481344237604F069
:10878C0049FD044A18491748BDE8F84006F048BFAF
:10879C00803200201C220020F9010000502600200D
:1087AC001C06002008530020E8530020C0060020BF
:1087BC0000060020A8060020659F000090060020FF
:1087CC003D8F0000980C00209D900000E05100208F
:1087DC0028080020001000E09418002083DE1B43C2
:1087EC0040050020B450002051B000002DE9F04F9E
:1087FC00BD4C8DB0BD4D40F2EE28BD4FDFF88893D7
:10880C00266806F027FE2B78002B00F05F813B7862
:10881C00DB0740F15B812368D9F800209B1A0E2BF3
:10882C0040F25481B34D4FF0FF36DFF860A3284679
:10883C00DFF85C835146B04F02F044FCAF4905238E
:10884C00AF4AB048AB6000250B6C43F400130B64CB
:10885C0001F5A021AC4B93604B6F43F440334B6755
:10886C00AA49AB4B0A60AB4AAB49C2F8B01146F20D
:10887C00E0114FF61072198047F612211A804CF253
:10888C000A02DA801A8892B242F06C021A804FF017
:10889C00E0221D814FF08053C2F808312A4603F0C4
:1088AC00D7FF2A4647F612219C4803F0D1FF2A46EF
:1088BC0047F612219A4803F0CBFF2A4647F61221BD
:1088CC00984803F0C5FF2A4647F61221964803F054
:1088DC00BFFF2A4647F61221944803F0B9FF2A46F7
:1088EC0047F61221924803F0B3FF2A4647F61221AD
:1088FC00904803F0ADFF2A4623218E4804F016F968
:10890C000D20012104F0F0FF29460D2004F0B0FFEA
:10891C000A20012104F0E8FF29460A2004F0A8FFF0
:10892C000221172004F0E0FF0221152004F0DCFFE7
:10893C000221162004F0D8FF02211E2004F0D4FFDF
:10894C0002211F2004F0D0FF7B4B802229461D758D
:10895C005D759D75DD751D765D769D76DD761A7778
:10896C00402283F871204422744B184607F010FC07
:10897C00442229460662404607F00AFC4422294656
:10898C003846C8F8206007F003FC6D4B3E62C3E923
:10899C000055C3E902656B4B1B78002B40F0FE8041
:1089AC0000252168684A694B284611601D7005F046
:1089BC0025F8AB2800F09D81654B48F2811181228E
:1089CC0019809A706348644F644E00F10C0A644D30
:1089DC00B946B046DFF8BCC1AE4650F8043B19F8B6
:1089EC00012B03F1420B83F8302018F8012B83F88C
:1089FC0031201EF8012B03F8322F624612F8011BAE
:108A0C0003F8011F5B45F9D150450CF1100CE4D172
:108A1C00DFF83CC1DFF880E10CF103081CF8010B16
:108A2C007146002340FA03F2013302F00102082BD5
:108A3C0001F8012BF6D1C4450EF1080EEED13A68BF
:108A4C00484831682B680280120C8270080C464A28
:108A5C0090704648118003801B0C45498370454A31
:108A6C0003C982E8030001210D2004F001FF01215C
:108A7C000A2004F0FDFE216823685B1AB3F5967F8B
:108A8C000BD2234A45F255554AF6AA205580508000
:108A9C0023685B1AB3F5967FF8D300210D2004F000
:108AAC00E7FE00210A20344C04F0E2FE00F0ACF9A1
:108ABC000023324A332132482360136006F04CFC09
:108ACC0030480DB0BDE8F04F04F082BB23682A7823
:108ADC009B1B32B1B3F5FA6F3FF6A4AE06F0BAFCAD
:108AEC008FE64345FAD99DE6005300201F54002021
:108AFC001E540020A81B00209C51002000C00A40DE
:108B0C00E8530020A818002061020000044800204F
:108B1C0000800B40002C00202502000008190020CA
:108B2C0068190020C8190020281A0020881A002073
:108B3C00E81A0020481B002000E400E0145100203B
:108B4C00C453002014290020F85200201A5400208D
:108B5C0020520020D02800209C2800203426002001
:108B6C0038260020E8470020FC470020F44700206E
:108B7C0058260020E04700206C520020F4520020C0
:108B8C00640C002098180020DC53002040420F0099
:108B9C005851002078500020BC460020814E4FF6E2
:108BAC00FD79814F06F1080003F0ECFC06F108009A
:108BBC0002F0E2FC294606F1080007F1090803F06F
:108BCC00EBFC06F10800C6F820A006F1080502F03F
:108BDC0041FC764906F1080003F0D8F8744B4D219E
:108BEC00C6F8B83003E0474517D017F8011FD6F880
:108BFC00B430284698474845F5D80346B6F8BA200D
:108C0C00B6F8B810284603F083F896F89030032B8A
:108C1C00E9D8DFE803F0AEB4BAC066494FF6FD7888
:108C2C00654803F0B3F8654D654B4D2105F1080916
:108C3C00614FC6F8B83003E04D4517D015F8011F49
:108C4C00D6F8B430384698474045F5D80346B6F8C0
:108C5C00BA20B6F8B810384603F05AF896F89030A7
:108C6C00032BE9D8DFE803F07F79736D4F494FF69A
:108C7C00FD78514803F08AF8524D534B562105F1BB
:108C8C000B094D4FC6F8B83003E0A94517D015F8BD
:108C9C00011FD6F8B430384698474045F5D80346FE
:108CAC00B6F8BA20B6F8B810384603F031F896F892
:108CBC009030032BE9D8DFE803F03E38322C3E48E5
:108CCC0002F0D4FB414B424A02A908A80093069338
:108CDC000292F9F733FB3F4A06A93F4804F00AF920
:108CEC00069B08A8DB689847009B02A8DB6898479E
:108CFC0056E63A4B45F255514AF6AA222846598077
:108D0C005A8004F07BFEAB287FF45CAEFDF796FD39
:108D1C0058E6B6F8BA301B1AA6F8BA30B5E7B6F86A
:108D2C00B8301B1AA6F8B830AFE7B6F8BA3018440A
:108D3C00A6F8BA00A9E7B6F8B8301844A6F8B800F7
:108D4C00A3E7B6F8BA301B1AA6F8BA3074E7B6F82F
:108D5C00B8301B1AA6F8B8306EE7B6F8BA3018441B
:108D6C00A6F8BA0068E7B6F8B8301844A6F8B80008
:108D7C0062E7B6F8B8301844A6F8B80033E7B6F88E
:108D8C00BA301844A6F8BA002DE7B6F8B8301B1A5A
:108D9C00A6F8B83027E7B6F8BA301B1AA6F8BA30DE
:108DAC0021E700BF085300203C0C0020A40C00203D
:108DBC001B000A00B810002010530020480C0020A3
:108DCC0014001E00540C002012003200EC0600208F
:108DDC0005020000FF9E24005026002000800B405E
:108DEC00704700BF08B504F0E5FD044B0449186852
:108DFC00044A1B680860136008BD00BF00530020C4
:108E0C00C4500020C0500020F8B5504A4FF0400C20
:108E1C004FF480314FF480574FF400554FF44044D9
:108E2C0043F24200136A9E0700F182809E0440F1D7
:108E3C008380DE0440F18280002BF3DA13F4803659
:108E4C007ED15B067ED5424C424AD4F88010424B10
:108E5C0041F003014148C4F880104FF04041916348
:108E6C004FF440415163052116600822C0F8B4103C
:108E7C004FF08061C0F8A4220A205A680A435A6055
:108E8C00C3F8841004F076FC354AD2F8403143F034
:108E9C000203C2F84031D2F840319B07FBD4314D6C
:108EAC0001F0D8F901242B1F05F17C0243F8044F83
:108EBC009A42FBD14FF4807200212B4807F068F9DD
:108ECC0000222A49264B0A700321C3F89040C3F8AC
:108EDC00A8112749C3F84821C3F85451C3F84C21B1
:108EEC00C3F85821C3F84011D3F8842121492248F2
:108EFC0042F48052C3F88421D3F85821D3F854217A
:108F0C00C1F800021D4A4FF0E0214FF48030C1F847
:108F1C000C01C3F84821D3F8482142F01202C3F8DF
:108F2C004821D3F8482142F44022C3F84821F8BD27
:108F3C0094625162906275E7556273E7576271E70C
:108F4C0091626FE7C2F824C06CE700BF00800D404F
:108F5C0000C00F4000A00D400080004200801F4068
:108F6C0000022E4000300020D4460020FE5300208A
:108F7C00158B0100002C002001720000040000037E
:108F8C00036984469A68F0B50D46510603D41B68F4
:108F9C009A685206FBD54022D5F808E005F1340159
:108FAC00EE6BAA602A681A606A685A60EA68DA602E
:108FBC002A691A616A695A61AA699A61EA69C3F8ED
:108FCC0028C0DA61EA6A1C68DA622A6B012C03C9D0
:108FDC001A6303F1340282E803001A46DE6303D0FD
:108FEC00126811680129FBD1156001222A601A68E8
:108FFC0095421A462ED00026116814460F680A4670
:10900C0066622646BD422162F6D10021546211628D
:10901C009CF8341011F0FD0F09D10F48016859620A
:10902C0089B10B6202600120C3F808E0F0BD0B4867
:10903C00016859620029F4D109490B6002600120D2
:10904C00C3F808E0F0BD07490B6002600120C3F8CB
:10905C0008E0F0BD0024D8E7DC470020F8470020EA
:10906C0000480020EC4700202DE9F0479846CB88BB
:10907C00B3F5804F02D90020BDE8F0870D4681463C
:10908C00174601F02FF906460028F4D001F02AF912
:10909C000446002872D0E98800293BD1DFF8FCC0D7
:1090AC00D9F8000034603B4B0122DFF8F4A02B40D0
:1090BC00D5F80090D5F804E07260C6F808A0F56009
:1090CC0003F58055356103F50055756103F5405581
:1090DC0003F58043B561F36100236260C4F808C0F6
:1090EC00E3604FF48053C4F83C8023614FF4005389
:1090FC00A06263614FF44053A3614FF48043C4E911
:10910C000B71E36131462260C4E90D9EBDE8F04766
:10911C00FFF736BF01F0E6F8034698B395F800C0A8
:10912C00D9F800004FEADC1CE9881A4A4FEA0C29EE
:10913C00DFF870E03A408CF0010C49EA014949EA49
:10914C000E0E4FF00109C3F80490C3F808E002F5C5
:10915C00805EDF60C3F810E002F5005EC3F814E037
:10916C0002F5405E02F58042C3F818E0DA61336024
:10917C001C609862084B43EA0C2C94E7304601F0D3
:10918C00B9F878E7304601F0B5F8204601F0B2F8AE
:10919C0071E700BF00F0FFFF8080008080810080BD
:1091AC0080020800800000802DE9F84F4FF0E02489
:1091BC004FF4803A99460746D4F80C318B46C4F8E4
:1091CC008CA1164603EA0A0801F08CF80546002823
:1091DC007DD0731E9C0B08D0824601F083F80028CA
:1091EC0060D0013CCAF80000F6D100230121B6F58D
:1091FC00804FC0F83C9006632A460160374CC0E9AA
:10920C000A7BC0E90D33364820D997F83530A6F5DE
:10921C008046516044EA0323B6F5804F93600BEA15
:10922C000003C2F80CB00BF5804B03F5805CC2F860
:10923C0010C003F5005CC2F814C003F5405C03F5E4
:10924C008043C2F818C0D3611268DED8360497F890
:10925C003500234C294646F4004301250BEA04044F
:10926C0043EA00235560384643F08003936004F5CD
:10927C008053C2F80CB0136104F50053536104F52C
:10928C00405304F580449361D461FFF779FEB8F143
:10929C00000F05D04FF0E0234FF48032C3F80C21BF
:1092AC00BDE8F88F2C462D68204601F023F8544574
:1092BC00F8D1B8F1000F07D04FF0E0234FF4803213
:1092CC000020C3F80C21EBE70020BDE8F88FB8F1C3
:1092DC00000FF9D0C4F80CA1E2E700BF80000040F9
:1092EC0000F0FFFF2DE9F84FDFF80C81D8F800B043
:1092FC00BBF1000F0ED00026DFF80091DBF8083030
:10930C001A0602D413F07C0F06D1DBF820B0BBF1A7
:10931C00000FF3D1BDE8F88FDBE90832002A5CD0EE
:10932C001362002B4AD0DBF8285059461F46002404
:10933C005A62CBE908669A6AAA4220D01B6A002BB3
:10934C00F9D1002C37D1DBF820400B680B682B616E
:10935C00EE60AE612CB12046246A00F0CBFF002CED
:10936C00F9D12B6C1BB15846CBF820609847584666
:10937C00BB4600F0BFFFBBF1000FBFD1CAE7D3E97A
:10938C00082050B1026262B19F425062C3E9086684
:10939C000B62194624D01346CDE792460124002ACD
:1093AC00F2D19F42C9F80000C3E908220B621AD01F
:1093BC001946002CC7D0C8F800A0C4E7DBF8285029
:1093CC001F46C9F80020DBF80020DBF80020CBE9B1
:1093DC0008332A61EB60AB61C3E7C8F80030A0E743
:1093EC0017461346A7E70CB1C8F800A01946DBF8DE
:1093FC0020400027A9E700BFEC470020DC470020F5
:10940C00884B2DE9F041D3F844617103C3F84461F2
:10941C000BD5854F3C6844B1DFF82C82A36813F060
:10942C00FC0F7BD0246A002CF8D132030CD57F4F73
:10943C003C684CB1DFF81482A36813F0FC0F00F009
:10944C008280246A002CF7D1B40700F19C8071074C
:10945C000FD5744BD3F8844144F02A02C3F884210D
:10946C00A20744D4270704D4714B1A78022A00F0BF
:10947C008D8006F080733BB16D4B1A78012A00F099
:10948C00B780032A00F09980B1012ED5694F3C6852
:10949C00002C2AD063690026214630463B6006E04A
:1094AC002E6916442E614B61012619462B464861E4
:1094BC00002B00F0B2801A699861042A00F2A28095
:1094CC005D69002AEFD0002DEAD14B615D613D60F2
:1094DC00594E002521466469C86803689B68B342ED
:1094EC00C1E9055516D1002CF4D1BDE8F08114F07A
:1094FC0001074F4A6FD011780129B3D801204F4989
:10950C0026F0807610704FF04042C3F88010C3F8FC
:10951C008420B9E79847002CDCD1E6E71B0404D57E
:10952C00A36ADB6B0BB120469847D4E9083242B3EF
:10953C0013621BB35A6220461C4600F0DBFE002C63
:10954C007FF46CAF71E7180404D5A36ADB6B0BB125
:10955C0020469847D4E9083252B113625BB15A6283
:10956C0020461C4600F0C6FE002C7FF465AF6BE76E
:10957C003B60002BF3D1C8F80020F1E7C8F80020BD
:10958C00D9E73B60D5E7FFF7ADFE60E764077FF5F1
:10959C007BAF03202349187042F21070C1F8800091
:1095AC004FF04040C1F88400D1F88411880501D5F2
:1095BC0023494A63F2017FF567AF04201949002261
:1095CC001870D1F884011146C0F3816000F07EFB65
:1095DC001C4B186058E717700222194BDFF8648097
:1095EC009A63D8F8000000F0E1FDC8F8007039E784
:1095FC000C4A02211970D2F8843143F48073C2F8FA
:10960C00843141E706B13D60064B013A4FF04041D1
:10961C00C3F88820C3F88C105AE7002E3FF458AFDB
:10962C0055E700BF00022E40EC4700200048002008
:10963C00FE53002084460020E16B0000A086010050
:10964C0000A00D400C480020DC470020F84700200B
:10965C008D4B012A03FB01F1036B2DE9F04F85B013
:10966C001B7D4FEA11410290104638BF0120022B9E
:10967C0000F0948005234FF0010A4AEA5A02824214
:10968C0080F0E480013B4FEA4A0AF6D14FF0200A01
:10969C00CDF80CA0029A039892F83530A2F8440049
:1096AC00002B40F0CF80843102244F0900234FF06F
:1096BC00FF36DFF8D8B1B04699460193DDF804E0E7
:1096CC000BEBCE02002512F8010B5178384492F8BE
:1096DC0002C02144D378A4448842234454D9604521
:1096EC004ED9834238BF0346B34202D2A946F04654
:1096FC001E460135042DE6D1D644BEF11F0FDFD92D
:10970C00019B01339A450193D8D1BB2E42D8FFB2AD
:10971C00B8F11F0FE4B21FFA88F5DDE90232A3F8A5
:10972C004820A3F84C9083F84E7083F84F40A3F870
:10973C004A5015D809EBC803019E5B44F000197818
:10974C00B0449A783944B8F11F0F224419709A70BA
:10975C00D9781A7921442244D9701A710344EED96C
:10976C0001201C23029900FA09F203FA09F3A1F86B
:10977C00465081F8362081F8373005B0BDE8F08FBF
:10978C00634538BF6346AFE76145F9D98B4238BFB3
:10979C000B46A9E7002005B0BDE8F08F0F28034663
:1097AC004FF0010C01F1570128BF0F234FF0FF3E82
:1097BC004C090026013B0299DFF8D0B077460CFA31
:1097CC0003FCBCF5807F654628BF4FF48075EB0821
:1097DC00012B38BF0123A1F84430334600201BF87D
:1097EC0003102B442144884238BF0846FF2BF6D97E
:1097FC00704501D2864637460136B542EDD1BEF1F1
:10980C00BB0FC7D8029BE4B2FF2FA3F84850A3F8B4
:10981C004A7083F84E4008D83B461BF8031021448D
:10982C000BF803102B44FF2BF7D9012A12D9022A6B
:10983C001ED0BCF1040F21DC07F00302112393406E
:10984C00DBB208E0663102274C092FE71FFA8AF3D6
:10985C0003931FE7FF230299FF080022012081F8E0
:10986C003630A1F8467081F8372005B0BDE8F08F8E
:10987C0007F0010255239340DBB2ECE707F0070237
:10988C0001239340DBB2E6E7AB2A0100D44600206B
:10989C00B0F84610B0F844C01F2934D830B51A4C73
:1098AC0040F0020509E0B3F844E0E64511D202604D
:1098BC0044F8215061441F2924D854F82120D3079F
:1098CC00F5D402F0060E22F01F03BEF1020FEAD00F
:1098DC0007E09842EED01A68D20706D41B6823F032
:1098EC001F03B3F844206245F3D21A468242E1D0FA
:1098FC00126832F01F02F9D161441A681F29026004
:10990C001D60DAD930BD7047003000202DE9F843D6
:10991C0005460E461446994600F0D4FC074600282E
:10992C0065D000F0DFFC8046002800F086806022C5
:10993C000021384606F02CFC3C22002108F10400E2
:10994C0006F026FC01224023032EC8F80020C8F89C
:10995C000830C7F8108087F835907A613D6387F836
:10996C00346058D03CB16B68002B61D01A469B6BAD
:10997C00002BFBD19763297D002E3BD101294FF49D
:10998C0080408CBF00220122D206230243EA01331D
:10999C00089943EA0143697D0B43134397F8372039
:1099AC00034343F070437B60AB7DE97D1B0443EACA
:1099BC00C15343EA022397F83620134343F0804304
:1099CC00BB6036F0020318D1224BD3F85821D2B920
:1099DC00796847F0020241F4004179603A60C3F8BB
:1099EC005871D3F8402142F02002C3F84021384688
:1099FC00BDE8F88300200246C7E7032EF7D13846AE
:109A0C00FFF746FFF3E7116847F002033846396069
:109A1C001360BDE8F883DDE908123846FFF718FE3D
:109A2C00814678B1002C9ED1297D20462246ACE798
:109A3C00297D6F60002EA1D0DCE73846474600F048
:109A4C0049FCD4E7404600F055FC384600F042FC97
:109A5C004F46CCE700022E40F8B590F8343004465F
:109A6C0013F0FD0F3BD1036823F01F03984200F065
:109A7C00CB801A68194622F01F039C42F9D1636807
:109A8C001D0400F1AC802368734A0B60D2F840319E
:109A9C0043F04003C2F84031D2F844319806FBD56C
:109AAC002023C2F844316D4E35683DB16C4F2846C9
:109ABC002D6A836AA3427FD0002DF8D1256935F039
:109ACC001F0307D02B6828461D4600F013FC35F009
:109ADC001F03F7D12046BDE8F84000F0FBBB6148FE
:109AEC0000F1800550F8042FD1070CD422F01F028E
:109AFC00944203D156E08C4259D00A46136823F0A5
:109B0C001F01DB07F7D5A842ECD1236B1B7D022B81
:109B1C006AD0B4F84A50B4F848E01F2DB4F84C3071
:109B2C0094F84E6094F84FC018D803EBC5034E4A16
:109B3C004FEACE0713449A7875441878A2EB0C02BE
:109B4C00D978801B1F2D9A70A1EB0C011A79187013
:109B5C00A2EB0C02D9701A713B44ECD9434E356818
:109B6C00002DABD02846424F2D6A836AA34206D003
:109B7C00002DA3D028462D6A836AA342F8D1436AEC
:109B8C00002B66D01D62002D61D06B62236933F00F
:109B9C001F0204D150E01B6833F01F024CD08342EB
:109BAC00F9D1E5E72368A84203609BD1ADE72368B0
:109BBC00A842136096D1A8E7436A002B45D01D62DA
:109BCC00002D40D06B62236933F01F0204D12AE0D0
:109BDC001B6833F01F0226D08342F9D16CE74B6827
:109BEC0043F400434B604EE7B4F84A30B4F84850A5
:109BFC00FF2B94F84E00B1D81B49CA5C121ACA54F8
:109C0C002B44FF2BF9D9A9E7134AD2F8403123F0A2
:109C1C002003C2F84031D2F8443113F40043FAD196
:109C2C00C2F858313FE783423FF446AF00F062FB85
:109C3C00002D7FF43CAF41E7834299D000F05AFBF2
:109C4C00002D97D13AE73B60BDE73560B8E73B6044
:109C5C009CE7356097E700BF00022E40EC470020E0
:109C6C00DC470020FC2F0020D446002000480020B8
:109C7C00F84700200B4B70B51E688EB10A4DF46886
:109C8C0014B90AE0646844B12368DB68AB42F9D0CC
:109C9C00204698476468002CF6D1B668002EEED1A9
:109CAC0070BD00BF084800203501000006490022A5
:109CBC000B68C0E901222BB11A465B68002BFBD163
:109CCC005060704708607047D4470020F0B583B0EF
:109CDC0007460E46154600F0E5FA0446002833D038
:109CEC002822002106F054FA002308202775A675B7
:109CFC001A46E5751946019300902046FFF706FEBB
:109D0C000346206028B300F0FDFA2368134A206153
:109D1C0013491448DA630122186483F83520124879
:109D2C000B6802709BB11A469B68002BFBD19460A8
:109D3C000E484FF400220E490023C1E9000223769D
:109D4C0020460C4AFFF790F9204603B0F0BD0C609A
:109D5C00EEE720461C4600F0ADFAF5E75D7E00000C
:109D6C0008480020A97C0000015400208006000156
:109D7C0000430020003B002030B4037E092B7CD82C
:109D8C00DFE803F0121D3F444E5E64696E053C4AE9
:109D9C0000233C4954791A464B60240444F4106463
:109DAC000C6030BCFFF760B936494FF40022364CDA
:109DBC000023C1E90042324A30BCFFF755B9334C9D
:109DCC00334B94F800C019680CF1010CBCF1800FF6
:109DDC0028BF4FF0010C31B10B465A7D6245F3D0D0
:109DEC009B68002BF9D14FEA0C43264984F800C03C
:109DFC0043F4A0630B60002330BC1A464B60FFF7A2
:109E0C0033B920494FF490121F4CD1E7214C002359
:109E1C00214A1C49C1E90042204A30BCFFF724B951
:109E2C00174A458C174912F8044B1A4B43EA044362
:109E3C00194C2C430B6000234C6030BCFFF714B959
:109E4C000F4A458C0F4954780432EEE70C4A458C86
:109E5C000C499478F8E70B494FF41022104CA7E703
:109E6C00074A104C538807490D4D23801B040D6085
:109E7C004B60002330BCFFF7F7B830BC704700BF15
:109E8C00003B002000430020800600010554002008
:109E9C0008480020800600030000FC07043B00205B
:109EAC0080060002F4530020836A186B90F824306B
:109EBC000133DBB2182B80F8243003D9024B00227B
:109ECC001A707047FFF758BF0154002070B50D6928
:109EDC009DB3D66A90B3295C0131C9B26EB3737865
:109EEC00032B2AD12954347801EB5403312B27DC72
:109EFC00022C13D9302911D84FF0020C0CF10202AC
:109F0C000B4616F80CE001315FFA82FC2B44C9B207
:109F1C00644583F803E001D93029EFD96B1800228E
:109F2C00DA70431CDBB2022B07D8C0F10202E8182E
:109F3C00D2B2BDE8704006F02BB970BD0146CDE73A
:109F4C00C1F132046400E4B2D2E700BF3F4B2DE90B
:109F5C00F04F1C6883B00646002C73D04FF00009FC
:109F6C00DFF8F4803A4F01E06468A4B1A26820469F
:109F7C003B463146002AF7D1B8F80050D4F800C05F
:109F8C00093D0095DCF80050A847002847D1A146B0
:109F9C006468002CEAD12F4BB8F8002003F10905B6
:109FAC0003EB0209A94503D843E04544A94540D930
:109FBC006B7895F80080042BF7D1B8F1090FF4D128
:109FCC00224B1C68002CF0D0A7684FF0000AA9EBBC
:109FDC00050B20462B46012231464FB16468002CFC
:109FEC00E3D0A76820462B4601223146002FF5D13D
:109FFC002768CDF800B03F68B84708B9A246EDE72E
:10A00C006368BAF1000F17D0CAF80430F368A2469F
:10A01C006360F460A6601C46002CE2D1C5E763685F
:10A02C00B9F1000F0BD0C9F804300023C4E9013694
:10A03C00F46003B0BDE8F08F044A1360E6E7034A0E
:10A04C001360F2E7DFF81080A5E700BFD4470020CB
:10A05C00093B0020003B0020F4530020826AC36BB4
:10A06C0070B5146B2BB11A684A4952688A420CD1EC
:10A07C0070BD227E84F82430092AF9D8DFE802F07A
:10A08C0013232E48515B7067770A01461846BDE8CA
:10A09C00704010472046FFF759FF0A213E4B002223
:10A0AC0021761A7070BD216801233C484D683C4AEA
:10A0BC00C0792A4042EA00424A6020462376BDE835
:10A0CC007040FFF759BE374A0223216850886075EB
:10A0DC004A6822F07F0202434A60EEE72F4AD07BA7
:10A0EC00937B117C1370034391701943917992F80F
:10A0FC0004C0507018BF0323507908BF0723E176C2
:10A10C001189528984F819C0A076E1832284D4E79E
:10A11C00224B1A79032A02D95A79032A33D00723FE
:10A12C00CBE7024621460020FFF7D0FE1B4B5A78A6
:10A13C003AB10523C1E7024621460120FFF7C6FECE
:10A14C00164B9B78002B0CBF07230623B5E7134B4C
:10A15C005B88B3F5006F11D8134A13800823ACE762
:10A16C00024621460220FFF7B1FE0723A5E70B4A62
:10A17C000923D179127A217762779EE70A4B4FF443
:10A18C0000621A80EAE7D9881A786184002ACED056
:10A19C00042392E73101000001540020003B002011
:10A1AC00FFFF00F800430020F4530020002837D0B4
:10A1BC00F8B5C46806466CB11A4D002723682046D2
:10A1CC001B69984723462A68A76064682B605A600D
:10A1DC00002CF3D174682CB12046A46BFFF73CFC27
:10A1EC00002CF9D13068FFF737FC0F4B1C6844B1D9
:10A1FC00A64202D111E0A64204D02346A468002C4A
:10A20C00F9D1F8BDA2689A60206908B100F088F80D
:10A21C002046BDE8F84000F04DB8A2681A60F3E79C
:10A22C00704700BFD447002008480020074A084B5D
:10A23C00506EB2F868C0B2F87010C3F80600D06E59
:10A24C00A3F80AC0D982C3F812007047800200201C
:10A25C001043002030B40D4C0D4925680D4A0E4BAF
:10A26C0015600E480D6822600D4A04680A60194694
:10A27C0015601A4603F140051C601B6442F8805FB0
:10A28C0041F8C02F016030BC704700BFB4460020BD
:10A29C00B04600208846002040310020D8470020DE
:10A2AC00E0300020024B186808B102681A60704751
:10A2BC00B4460020024B1A6818600260704700BF59
:10A2CC00B4460020024B186808B102681A60704747
:10A2DC00B0460020024B1A6818600260704700BF3D
:10A2EC00B0460020024B186808B102681A6070472B
:10A2FC00D8470020024B1A6818600260704700BFF4
:10A30C00D8470020054A106830B10168002311605D
:10A31C00037043708370C370704700BFB846002051
:10A32C00024B1A6818600260704700BFB8460020E4
:10A33C0001EB410100EB411188420ED210B4074CE5
:10A34C00226800E01846034643F8602B9942024607
:10A35C00F8D820605DF8044B70477047B046002079
:10A36C0000EB811C604511D2024610B5084C4FEA37
:10A37C00811E2168134643F8401B9C4511461A4622
:10A38C00F8D8AEF1400E7044206010BD704700BF8D
:10A39C00D8470020352303FB010188420ED210B4AC
:10A3AC00074C226800E01846034643F8352B9942C7
:10A3BC000246F8D820605DF8044B7047704700BF28
:10A3CC00B8460020C36B33B1C26A596B8A4203D0C2
:10A3DC00996B8A4204D07047002283F84E20704754
:10A3EC00002283F84F2070470023C0E903337047E5
:10A3FC0070B5C38F044690F84E109D0829B994F897
:10A40C004F3003F0FF028BB970BD01F0FF02E9B2CF
:10A41C00034680F84E109200416B0069FEF7C4FEB3
:10A42C0094F84F3003F0FF02002BEDD0EDB2234631
:10A43C00A16B9200206984F84F50BDE87040FEF784
:10A44C00B3BE00BF012A01D0002070471A78092A38
:10A45C00FAD15A78042AF7D170B582B05A790D46E0
:10A46C0004460699012A194459D0023A102A25D9D2
:10A47C00093300228B42A4F850201FD293F800C05D
:10A48C001646BCF1030F19D903EB0C0E714515D30D
:10A49C005A780B2A18BF042A0CBF0120002071D057
:10A4AC00242A0ED0052A1BD0252A07D1714569D93B
:10A4BC00734693F800C0BCF1030FE5D8002002B03E
:10A4CC0070BD9A78012A06D0042A06D9F12AF6D151
:10A4DC00DB78022BF2D10126E8E7012AEFD9FAE763
:10A4EC00BCF1060FEAD993F803C0ACF1020CBCF135
:10A4FC00010FE3D893F802C01CF0F00236D0802A8A
:10A50C00DDD194F85020002AD0D10CF00F0C84F837
:10A51C0050C0DA7884F852209B88A387C6E79879D4
:10A52C000328A5D1093300209942A4F85000A5D8DE
:10A53C000023E36094F8512022B1E18FB4F8463047
:10A54C008B4246D2002323610023E268A4F84A30F0
:10A55C00A4F84C3084F85530A4F8563084F85830B0
:10A56C00A4F87C31002A2FD00120A8E794F85120C0
:10A57C00002A9BD184F851C0DA7884F853209B8848
:10A58C00E38793E7002E99D094F85020002ACFD07F
:10A59C00A38FB4F846109942CAD3002100932846E1
:10A5AC000123019194F85210FFF7B0F9E0600028F4
:10A5BC00C0D0114A2346216BC263A28FFEF7F4FD73
:10A5CC00012384F84430B5E72069C01A18BF012074
:10A5DC0075E70026009128460196334694F85310EF
:10A5EC00FFF794F920610028AED0044BC36384F8C4
:10A5FC004E6084F84F60A7E7F5840000C581000029
:10A60C0010B50446032100F5F070FFF791FE04F538
:10A61C0040700721FFF7A4FE04F598600121FFF7B5
:10A62C00B9FE00232046A4F84A30A4F84C30C4E903
:10A63C006033C4E96233C4E96433C4E96633C4E902
:10A64C006833C4E96A33C4E96C33C4E96E33C4E9D2
:10A65C007033C4E97233C4E90333BDE81040FFF72B
:10A66C0025BB00BF8A680B6BC2F30E42B0F84A10D0
:10A67C00B0F84CC09B1A9B0870B5054638D0026BDD
:10A68C00043A02EB830352F8044F54B10131B5F88C
:10A69C00480088424FEA810001D8002108462E6C00
:10A6AC0034509A42EFD188B28C45A5F84A00A5F8EF
:10A6BC004CC00BD90CF1FF3CAA8FACEB0101B1EBF8
:10A6CC00920F0CD2002385F8443070BDB5F8483099
:10A6DC00AA8F6344013B591AB1EB920FF2D32B466C
:10A6EC00296BE868FEF760FD012385F8443070BDE6
:10A6FC000846D9E70146C06B08B1FFF7B3BF7047F6
:10A70C002DE9F84F72B690F84420B0F84A60B0F8D2
:10A71C004C3062B69E4234D00F460133B0F848102C
:10A72C000446D2B2994230D94FEA830C98B2256CC8
:10A73C0055F80C50A4F84C008AB9E06878B1B342D3
:10A74C0040F2AE809B1B591EA28FB1EB920F06D329
:10A75C000123216B84F844302346FEF725FDC5F315
:10A76C00031305F00F08C5F303264FEA152984F8E7
:10A77C005430A8F108030136062B2BD84FB1B74241
:10A78C0007D000273846BDE8F88F002084460346E2
:10A79C00CDE7B8F1080FC5F3033340F08580082BE3
:10A7AC0040F082808022D4F88031C5F30748F6B29D
:10A7BC002D0E84F856201BB1414630462A46984748
:10A7CC00012784F8556084F85780384684F858502F
:10A7DC00BDE8F88FA8F102025FFA89F3012A3BD990
:10A7EC00B3F1F70BA8F1050A18BF4FF0010BBAFA39
:10A7FC008AFAF02B94BF00270BF001074FEA5A1A84
:10A80C001AEA070728D1B8F1040F00F07381A8F1F8
:10A81C000502022A40F21181B8F10F0FB1D1F72BCA
:10A82C001AD8F02BB4F87C1101D00029A9D0D4F897
:10A83C009C31002B00F01A82B1F5917FC0F01A8286
:10A84C00002204F159009847002101232144A4F867
:10A85C007C3181F8599095E7F13B0E2B91D801A2F0
:10A86C0052F823F0E9870000FB8700001B880000EA
:10A87C0083850000838500004387000083850000EA
:10A88C0059870000838500006B87000085870000D6
:10A89C009F87000083850000B9870000CF870000E8
:10A8AC000139891B19444FE7B8F1090F13D1092B52
:10A8BC0011D12A0E38D18023F6B2C5F3074884F89B
:10A8CC005630D4F88031002B00F069814146304677
:10A8DC001546984774E7B8F10A0F05D10A2B03D136
:10A8EC00A022D4F8883160E7B8F10B0F05D10B2BFF
:10A8FC0003D1B022D4F88C3157E7B8F10C0F40F0EB
:10A90C0093800C2B40F09080C022D4F89031C5F38A
:10A91C000748F6B22D0E84F85620002B3FF450AFAA
:10A92C004146304698474BE79023C5F30748F6B2AB
:10A93C0084F85630D5B2D4F88431002B7FF43CAF78
:10A94C003EE7D4F8B0316BB1C5F307489847F6B27F
:10A95C0084F856902D0E33E7D4F8B431002B00F068
:10A96C004E819847C5F30748F1E7D4F8B831002B6E
:10A97C00F7D1D4F8CC31002BF4D0FA20C5F307482A
:10A98C009847E4E7D4F8BC31002BDDD1D4F8CC31B6
:10A99C00002BE7D0FB20C5F307489847D7E7D4F83E
:10A9AC00C031002BD0D1D4F8CC31002BDAD0FC2024
:10A9BC00C5F307489847CAE7D4F8C431002BC3D174
:10A9CC00D4F8CC31002BCDD0FE209847CAE7D4F870
:10A9DC00C831002BB8D1D4F8CC31C5F30748002BC3
:10A9EC00B5D0FF209847B2E7D4F8A431C5F3074897
:10A9FC00002BACD040469847A9E7D4F8A821002AF0
:10AA0C00B0D06B0CC5F306404FEA154803F47E53E7
:10AA1C005FFA88F81843904799E7D4F8AC31C5F33E
:10AA2C000748002BE6D192E7B8F10D0F3CD10D2B66
:10AA3C003AD1D022D4F8943169E7D4F89C31B4F8E7
:10AA4C007C11002B50D0B1F5917F50D33A4604F1D4
:10AA5C0059009847394601232144A4F87C3181F8E8
:10AA6C005990BAF1000F03D0BBF1000F7FF489AEFF
:10AA7C00B8F1050F6DD1B4F87C11D4F89C31C8B283
:10AA8C000A0A84F85700002084F85820F022A4F811
:10AA9C007C0184F85620002B00F0A880012204F1E0
:10AAAC005900174698476DE6B8F10E0F7FF469AE62
:10AABC000E2B7FF466AEE022D4F8983184F8562041
:10AACC00002B00F0F580690CC5F30642F6B201F4D8
:10AADC007E514FEA154830462D0E11435FFA88F827
:10AAEC00A1F5005198476BE6B1F5917FB9D24B1C9B
:10AAFC009BB2B1E7D4F89C61002E52D0B4F87C31F3
:10AB0C00B3F5917FC0F0888019463A4604F159009C
:10AB1C00B0470123D4F89C21C5F3074084F8599021
:10AB2C00A4F87C31002A40F0E280591C23442D0EFD
:10AB3C0089B2B1F5917FA4F87C1183F85900BFF468
:10AB4C0020AE4B1C9BB22144A4F87C3181F85950A7
:10AB5C0018E6D4F89C31B4F87C11B3B3B1F5917FFD
:10AB6C00C0F08B80002204F15900984701212A0C77
:10AB7C00B8F1070FD4F89C3184F85920A4F87C1153
:10AB8C0047D1002B00F0AB804F1C0E46F8B2C7F338
:10AB9C000722B9B226442D0E86F8595071E71D468E
:10ABAC000EE6B4F87C21B2F5917FBFF4EAAD531CEC
:10ABBC002244C5F307409BB2B3F5917FA4F87C31D6
:10ABCC0082F859903FF4DDADAFE7B1F5917F76D3C4
:10ABDC00B8F1070F1DD10B0A0020F02284F8571092
:10ABEC0084F85830A4F87C0184F85620D4F8A031AD
:10ABFC00002B62D004F1590001279847C2E5D4F824
:10AC0C00CC31002B3FF4AEAEF820C5F30748984783
:10AC1C009DE6C8B20A0A34E7591CE218C5F3074886
:10AC2C0089B2B1F5917FA4F87C1182F8599012D0B9
:10AC3C00023362182D0E99B2B1F5917FA4F87C11F4
:10AC4C0082F859807FF47DAF3A4604F15900B04741
:10AC5C003946012377E73A4604F15900B047012100
:10AC6C002D0E84F85980A4F87C116AE7B1F5917F18
:10AC7C00BFF487AD4B1C9BB2E8E5481C6218B8F1D9
:10AC8C00070F81B24FEA1540A4F87C1182F85900E5
:10AC9C00BFD1B1F5917F7FF477AF002204F1590059
:10ACAC00984700220120D4F89C311646014671E7E2
:10ACBC00C5F30748F6B22D0E82E5012762E54A1C62
:10ACCC00280C2144B8F1070F92B2A4F87C2181F82A
:10ACDC00590011469DD1B2F5917F3FF47CAF4F1CCA
:10ACEC000E460023F8B2C7F30722B9B252E72D0E75
:10ACFC00022184F85A0024E790F8A32090F8A200CF
:10AD0C00101A704790F8A23090F8A3209A4205D9F7
:10AD1C005A1C034480F8A220987E70474FF0FF30F5
:10AD2C00704700BF90F8A23090F8A3209A4202D945
:10AD3C001844807E70474FF0FF307047704700BF5B
:10AD4C000346B0F8300178B193F82F21882A03D943
:10AD5C00012200205A60704702F1010C01201A44B4
:10AD6C0083F82FC182F8A510704700BF38B5B0F832
:10AD7C0030410CB9204638BD90F82F310546C3F14F
:10AD8C008904A2420DD8144605F1A50022461844A8
:10AD9C0003F06AF895F82F312046234485F82F31BB
:10ADAC0038BD01224260EFE7704700BF2DE9F04F3C
:10ADBC00D0F814A01524017E8146437E83B00AEBA3
:10ADCC000111384A0AEB0313374F097A93F82830EC
:10ADDC0002EB01150901E86852F8018002EB03113E
:10ADEC00D5F804B01B01CE68D558CBF80040C8F894
:10ADFC008400D8F804304A6803432C490192C8F8FF
:10AE0C0004301460C5F884606B6833436B60284B66
:10AE1C004C683A68A3FB0232920C02EB820252009D
:10AE2C004B681B1B9A42FBD84FF0090C1F4ADFF8EA
:10AE3C0080E0D8F80830034202D0AB6833422FD1FF
:10AE4C00C5F8886054683968AEFB0131890C01EB98
:10AE5C00810153681B1B9942FBD8C5F88460546868
:10AE6C003968AEFB0131890C01EB810153681B1B66
:10AE7C009942FBD8BCF1010CDBD1604699F8183033
:10AE8C00019A0AEB0313DB68CBF8003099F8193000
:10AE9C000AEB031ADAF82C30136003B0BDE8F08F1C
:10AEAC000120EBE72808002094180020001000E097
:10AEBC0083DE1B430E4A10B51168046905E0DB0103
:10AECC0007D413685B1A102B08D8636913F0007F42
:10AEDC00F5D14FF4FE430120636110BDFFF766FF0F
:10AEEC000028FAD04FF4FE4301206361F5E700BF60
:10AEFC00005300202DE9F04790F82FA10569BAF115
:10AF0C00000F4FD081468846FFF7D4FF002849D068
:10AF1C00374E0024376818E06B69190551D4DA04F0
:10AF2C0055D4580559D4990441D43268D21B322ACD
:10AF3C003DD8544507D9EA6D520704D19B0555D429
:10AF4C00B8F1000F52D004F085FA5445E4D8EA6DFC
:10AF5C00500702F00703DFD413E099F8A520013362
:10AF6C00022442F48062042B2A661ED08A4503F127
:10AF7C00010309EB01020ED992F8A520042B2A66D5
:10AF8C00CAD00121002CE8D02146013301348A4576
:10AF9C0009EB0102F0D8B8F1000FBDD04FF40073EB
:10AFAC002B66B9E70420BDE8F0870124B4E72B69D0
:10AFBC004FF40072042043F440732B612A66BDE801
:10AFCC00F0872B69042043F440732B61EBE72B696A
:10AFDC00052043F440732B61E5E72B694FF40072B5
:10AFEC00022043F440732B612A66DCE70020DAE789
:10AFFC0000530020F8B506690446D6F8145115F430
:10B00C00706301D0C6F81431A8070BD5D6F870219F
:10B01C0011043DD50023012184F8A230234484F887
:10B02C00A3109A76EA0710D594F83071F7B194F81A
:10B03C002E7194F82F31BB4226D97B1C274484F8FF
:10B04C002E3197F8A530C6F86031AB050DD594F8C4
:10B05C00A30018B1D4F83C3103B198470023A4F8ED
:10B06C00A230A4F82E3184F83031F8BDD4F8383140
:10B07C0003B19847002384F82E31012384F8303132
:10B08C0094F82F31BB42D8D80023C6F86031DCE7E6
:10B09C0094F8A330872BC5D8591CC9B2BEE700BFA2
:10B0AC000148FFF7A7BF00BFA81B00200148FFF70E
:10B0BC00A1BF00BFE81C00200148FFF79BBF00BFE9
:10B0CC00281E002010B4144C00220369A1421A61FE
:10B0DC0014D8124C012012494FF430329C6458623F
:10B0EC009962DA629C6C00204FF0011101221C6500
:10B0FC0018625DF8044B99651A61704709488142E2
:10B10C0007D9094C09480A499C645A629862D96269
:10B11C00E8E7084C0848F6E77F1A06003B37281981
:10B12C00B80B05053F420F000A090704600901012D
:10B13C00007F05001C1A120C100E0202A1F128034C
:10B14C0030B5054683B0252B28D8DFE803F05265CF
:10B15C002424136B27272727272727272727272749
:10B16C002727272727272727272727272727272763
:10B17C0027273F3F4249003A424B434C18BF01221C
:10B18C0048681B68A4FB03439B0C03FB02F24B684F
:10B19C001B1A9A42FBD8012003B030BD3F295AD963
:10B1AC0001F03F03E81890F82C00FF28F3D011F0C1
:10B1BC00300F5CD0102B5ED002F084FB03460120D4
:10B1CC00003B18BF012385F82730E5E70192002AE0
:10B1DC0043D101F03F0401212C4494F82C0002F0DF
:10B1EC0083FB019A94F82C00114602F041FB0120DC
:10B1FC00D2E72B35012405E00F2A26D802F074FB88
:10B20C000134E4B215F8013F621E0121FF2B1846F0
:10B21C00F2D1162CF4D1BEE7104602F0ABFA0120A5
:10B22C0003B030BD174C032A1549174B48682268E8
:10B23C0034BF05240224A3FB0232920C04FB02F25D
:10B24C004B681B1A9A42FBD8A5E7022102F04CFB73
:10B25C00162CD5D19FE700209EE701F03F03022179
:10B26C002B4493F82C0002F03FFB012094E711468D
:10B27C0002F0FEFA8FE7019004F0ECF801989BE7DE
:10B28C00001000E09418002083DE1B4380F8371078
:10B29C0080F8382080F83930704700BFA1F1140CC9
:10B2AC0038B50446BCF10C0F08D8DFE80CF01507D4
:10B2BC000709220F0707070707070D00002038BDF5
:10B2CC0019461548FFF752FD012038BD01211248DF
:10B2DC00FFF710FE012038BD83692BB903680F4AB4
:10B2EC005B7B02FB03F383610B4805F0F1FB012050
:10B2FC0038BD094D81692846FFF7E4FE94F82420F7
:10B30C00012302F0FE02184685F8303185F8A5209D
:10B31C0085F82F3138BD00BFA81B0020A086010086
:10B32C002DE9F04383B01F46CB188046BDF828901A
:10B33C0014469BB20E4602EB0905ADB2009500F027
:10B34C00E9FD80B1B9F1000F0DD04FF00009224694
:10B35C0001343B463146A4B24046CDF8009000F093
:10B36C005DFDA542F3D103B0BDE8F0832DE9F043B8
:10B37C0085B0CF181E468046BDF83090BFB20D4642
:10B38C00144602EB09039BB200933B4600F0C2FD4E
:10B39C0010B905B0BDE8F08300232246294640468B
:10B3AC000093334600F03AFDB9F1010FF1D9A9F140
:10B3BC000209621C1FFA89F492B24CB9002433467C
:10B3CC00294640460C9405B0BDE8F04300F026BD7C
:10B3DC004FF00109234629464046CDF800900392D0
:10B3EC0000F01CFD791E039A2346404689B2CDF825
:10B3FC00009000F013FD039A224492B2DEE700BFE6
:10B40C0003682DE9F043064683B090F85090002471
:10B41C0090F8515093F8118000E033681B7C2A4659
:10B42C00F76C002104FB03FC0134304601354FEA74
:10B43C00CC0CE4B21FFA8CFCEDB2BC44CDF800C0CD
:10B44C0001F084F8A14501D9A845E6D803B0BDE8C0
:10B45C00F08300BF0268002190F85030127CC06C61
:10B46C0012FB03F2D20004F093BE00BF10B50446E9
:10B47C00FFF7C6FF2046BDE8104001F097B800BFAB
:10B48C00836C10B5044680F851101B689847A36C68
:10B49C0020465B68BDE81040184700BF10B590F817
:10B4AC00AB3004462BB920460021BDE81040FFF715
:10B4BC00E7BF0268002190F85030127CC06C12FB80
:10B4CC0003F2D20004F064FE20460021BDE81040D7
:10B4DC00FFF7D6BF38B50446FFF792FF94F85150EA
:10B4EC0094F8503022681D44517CEDB2A94211D918
:10B4FC0094F8AB1029B920462946FFF7C1FF01206B
:10B50C0038BD127C0021E06C12FB03F2D20004F077
:10B51C003FFEF0E7204601F049F8002038BD00BF9F
:10B52C002DE9F0479A4603680F4690F850105B7C63
:10B53C0082B0144699429DF8282019D1B0F8529047
:10B54C000646C56C04FB09F303EBC7031D447AB133
:10B55C0004EB02085FFA88F8224601340095534642
:10B56C00E4B2394630464D4400F0F0FFA045F3D12B
:10B57C0002B0BDE8F08700BF10B50446FFF78EFFA0
:10B58C002046FFF7A7FF0028FAD101462046BDE868
:10B59C001040FFF775BF00BF0346082201481A7020
:10B5AC00704700BF6C4C002030B51C4685B013466C
:10B5BC0005460A4A00940C46094901F009F80DF1B8
:10B5CC000F00FFF7E9FF074B01469DF80F202846B7
:10B5DC00009400F09FFD05B030BD00BFE9A0000055
:10B5EC00A1A20000719D00004218435C507800EB52
:10B5FC00032080B2704700BF0020704738B50D465D
:10B60C00044611212B78284623706B786370AB7835
:10B61C00A370EB78E3702B7923716B796371AB7941
:10B62C00A371EB79E3712B7A23726B7A6372AB7A29
:10B63C00A372EB7AE3722B7B23736B7B6373AB7B11
:10B64C00A373EB7BE3732B7C2374FFF7CDFF0346D3
:10B65C00132128466382FFF7C7FF034615212846AE
:10B66C00A382FFF7C1FFE08238BD00BF012B05D0DC
:10B67C00022B09D02BB1411A88B27047014488B211
:10B68C007047024490B27047821A90B2704700BF64
:10B69C00012B05D0022B09D02BB1024490B270477C
:10B6AC00821A90B27047014488B27047411A88B22E
:10B6BC00704700BF2DE9F04F87B004460E4690F856
:10B6CC00807090F881B005920FE094F885100029F5
:10B6DC0049D0F319AE420BF1010BA3EB0A033AD399
:10B6EC005FFA8BFB002703F0FF0694F882A04FFA59
:10B6FC0087FC31464FFA8BF9AAEB070594F8883092
:10B70C004A46B4F87C00EDB2B4F87E80CDF80CC09B
:10B71C00AE4228BF294604916146FFF7B9FF0246A5
:10B72C000399404690464A46FFF7A0FF059902460A
:10B73C000029CAD00093414694F886C02046049B49
:10B74C000BF1010B84F8AAC000F068FBF319AE42B0
:10B75C00A3EB0A03C4D23E4484F8819084F8806041
:10B76C0007B0BDE8F08F0093414694F88700049B26
:10B77C0084F8AA00204600F051FBAAE72DE9F04F0F
:10B78C00044690F89000002385B00728A16784F840
:10B79C0084300D7840F24E81A0F108030131DBB208
:10B7AC00A1674FF0FF3294F8916084F884308240A6
:10B7BC0025EA0205F2186DB2D2B284F88250072A3B
:10B7CC00087840FA03F000F22781C3B24FF0FF3043
:10B7DC0084F88420B04094F8926023EA000394F833
:10B7EC00AA0084F88600B0FA80F04FFA83F9400979
:10B7FC0084F8839084F88700B0180F78C0B2174192
:10B80C00072800F2F6805FFA87FE94F893C084F85C
:10B81C0084000CEB00020F78D2B20741072A00F229
:10B82C00D880F8B294F894A084F884200AEB02082B
:10B83C0091F800B05FFA88F84BFA02FBB8F1070FE9
:10B84C0000F2B8805FFA8BF74FF0FF3284F88480F7
:10B85C000121002D0AEB020802FA0AFA5FFA88F8B5
:10B86C0027EA0A0701FA08F8A7EB08074FFA87FB43
:10B87C0040F39C800CEB020802FA0CFCB240013E37
:10B88C0020EA0C0C5FFA88F02EEA020EF6B201FAEE
:10B89C0000F2B4F87C00B140D21A94F88830AEEBC8
:10B8AC000101A2EB0C0249B252B202910392FFF7D2
:10B8BC00EFFEA4F87C000646B4F87E00DDE9021227
:10B8CC00FFF7D4FE0246A4F87E00032B00F2EC80B6
:10B8DC00DFE803F0B2B8C102C5F10103411C034417
:10B8EC0089B29AB206EB09039BB20091204631460D
:10B8FC0000F010FB002859D0002294F884304FF04F
:10B90C00FF38A4F8802094F88E50A16FEA180878BC
:10B91C00D2B21841072A00F2B880C6B294F88F0050
:10B92C0008FA05F584F88420831891F800C026EAFB
:10B93C000506DBB24CFA02FC072B00F299805FFA89
:10B94C008CF508FA00F084F8843025EA00053146BD
:10B95C0020460022FFF7AEFE012229462046FFF7C3
:10B96C00A9FE94F88420A76F531CC2F10800397803
:10B97C00A2F1070EDBB207F1010A1141C0B2072B8D
:10B98C00CAB207D9C4F878A05FFA8EF37A788240ED
:10B99C000A43D2B2D20784F88430D8D494F98120E7
:10B9AC004A45B0DB94F8863084F8AA30584605B086
:10B9BC00BDE8F08F4F1CC2F10802A8F10808D2B202
:10B9CC00A7674F785FFA88F8974047EA0B07FFB2F2
:10B9DC003AE701F10108C0F10800083AC0B2C4F816
:10B9EC0078804978D2B201FA00F041463843C0B2AF
:10B9FC0018E701F1010CC2F108020838D2B2C4F800
:10BA0C0078C091F801E0C0B261460EFA02FE4EEA2F
:10BA1C00070E5FFA8EFEF8E64F1CC3F10803083AD6
:10BA2C00DBB2A7674978D2B201FA03F33946034374
:10BA3C00DBB2CBE60346B4E6731900EB09019BB20B
:10BA4C0089B252E74119C9F10100731C304489B223
:10BA5C009BB286B249E7C5F10101C9F10100731C23
:10BA6C00314410449BB28EB2511C82B289B23CE775
:10BA7C004D1CC2F10802083BD2B2A5674D78DBB26F
:10BA8C00954045EA0C05EDB25BE701F1010CC3F101
:10BA9C000803083ADBB2C4F878C04E78D2B26146DB
:10BAAC009E400643F6B239E7014633461DE700BF18
:10BABC0070B5FF29046F0D4604F117040ED86029E8
:10BACC0030D9B0F8A0301C44607830B12378AB4248
:10BADC002ED0044460780028F8D170BDB0F8A230A4
:10BAEC001C44264600213046FFF77EFD034602210A
:10BAFC0030461C44FFF778FD854206F10406F1D868
:10BB0C00208840BA80B20028E7D0854208D0A378BC
:10BB1C001C44208840BA80B20028DED08542F6D181
:10BB2C00E01C70BD4029D5D9B0F89E301C44D1E73B
:10BB3C00A01C70BD38B50446FFF7BAFF00287AD0B8
:10BB4C0094F890C00023A067BCF1070F84F88430F0
:10BB5C00027871D863464FF0FF3184F8843001FAD3
:10BB6C000CF194F891C022EA010284F882200CEBCB
:10BB7C00030290F800E0D2B24EFA03FE072A6FD807
:10BB8C005FFA8EF394F8AA1084F8842084F8861057
:10BB9C00B1FA81F1490984F887104FF0FF3101FAAD
:10BBAC000CF194F892C023EA010384F883300CEB77
:10BBBC00020390F800E0DBB24EFA02FE072B41D8EC
:10BBCC005FFA8EF24FF0FF3101FA0CF10CF1FF3CF1
:10BBDC0022EA01025FFA8CFC012101FA0CF1521AE3
:10BBEC0094F893100B4484F8A820DBB2072B03D9EC
:10BBFC00083B0130DBB2A06794F894C084F8843021
:10BC0C000CEB030190F800E0C9B24EFA03FE0729D1
:10BC1C0035D85FFA8EF34FF0FF3084F88410012290
:10BC2C000CEB000100FA0CF0C9B223EA000002FA96
:10BC3C0001F3C01A40B238BD0130ACF10803A06763
:10BC4C00DBB288E7C2F10802451C083BD1B2A567FC
:10BC5C004278DBB228468A4042EA0E02D2B2B1E701
:10BC6C00451CC3F10803083ADBB2A5674178D2B290
:10BC7C00284601FA03F343EA0E03DBB282E7C3F171
:10BC8C0008030839DAB2431CC9B2A367437893405E
:10BC9C0043EA0E03DBB2BEE72DE9F04700256FF057
:10BCAC003F094FF6FF774FF6FE782E4680F882500C
:10BCBC0082464C1E00F05EFA14F8011F5046DAF86A
:10BCCC000430984703465046BB4219460CD04345B6
:10BCDC00F2D0FFF72FFF19F1400F85B208BF9AF988
:10BCEC00A8902E44B6B2E7E79AF9822062B19AF98D
:10BCFC00A830B9F1000F13443344A3EB05039EB2F3
:10BD0C0002DDB1441FFA89F63046BDE8F08700BF6A
:10BD1C0070B50E46194690F8883082B00446154628
:10BD2C00032B09D8DFE803F0251E0217436F01919E
:10BD3C009847281A019985B22046A4F87C60A4F88B
:10BD4C007E50FFF7B5FE20B101462046FFF716FDE9
:10BD5C0080B202B070BD436F019198473044019995
:10BD6C0086B2E9E7436F01919847301A019986B280
:10BD7C00E2E7436F019198472844019985B2DBE7CC
:10BD8C00014B4367704700BFF9930000026F8A4272
:10BD9C0022D010B504468C302167FFF72FFC236F9F
:10BDAC00CBB194F9991094F99A2094F8A53084F8B1
:10BDBC00A61084F8A72073B1012B0ED094F998002B
:10BDCC0094F9963003449942B8BF84F8A630824265
:10BDDC0001DD84F8A70010BD704794F99B3094F9ED
:10BDEC009C008B42B8BF0B46824284F8A630F0DC34
:10BDFC0010BD00BF014B4360FFF74EBF659F0000B5
:10BE0C0010B49DF804400194B0F85640121B446CD9
:10BE1C0092B2A4465DF8044B604700BF30B590F871
:10BE2C00A4409DF80CC004B103B930BD012B05D062
:10BE3C00BCF1020F2CD0BCF1030F5CD01CF0010F35
:10BE4C0029D0B0F860408C42EFD8B0F862408C42F8
:10BE5C00EBD91344B0F86450B0F866401FFA83FC79
:10BE6C00944505D294424AD904F1FF3C1FFA8CFC4C
:10BE7C009442DAD96545D8D2AA4238BF2A466445DD
:10BE8C0094BFC2EB0403C2EB0C0301249BB22BE066
:10BE9C000131C91A89B2B0F864409442C5D8B0F8DF
:10BEAC0066409442C1D90B44B0F86050B0F862E0DF
:10BEBC001FFA83FC8C4505D28E4522D90EF1FF3C2E
:10BECC001FFA8CFC6545B0D28E458CBF0024012432
:10BEDC00002CAAD1A94238BF2946E64594BFC1EB34
:10BEEC000E03C1EB0C039BB20394846CA468A446B0
:10BEFC00BDE8304060470132D21A92B2A1E72A461F
:10BF0C00B6E72946DEE700BF032928BF012180F8E8
:10BF1C00AA10704710B5B0F86640BDF808C094423E
:10BF2C00B0F864E016D9E64504D3624594BF00220C
:10BF3C0001229AB1B0F86240B0F860208C420FD95F
:10BF4C00994294BF002101219A422CBF084641F02E
:10BF5C00010010BDE64501D26245EBD8002010BDB2
:10BF6C00994294BF002001209A4228BF002010BDA6
:10BF7C0070B54FF0010C02F0070490F8AA500CFABF
:10BF8C0004FC9DF81060012D5FFA8CFC46D94FF033
:10BF9C00000E056822F007022D7C02FB05F54FF61A
:10BFAC00F8722A401144C26C11449EB95A1E92B2C6
:10BFBC0001320A440B784EEA03038CEA030301F8BE
:10BFCC00013B9142F6D170BD5FFA86FE5FFA85FCAB
:10BFDC00002BF8D00A780134013B4FEA4E064EEAAA
:10BFEC00020214F007049BB28CEA02024FEA4C05E1
:10BFFC000A70E9D190F8AA20B0F85250012A2944CD
:10C00C0004D94FF0010C002BE4D1DCE79646DFD0CD
:10C01C004FF0010CE646002BDCD1D4E7E646B8D154
:10C02C004FF0000CB5E700BF10B49DF8044001942C
:10C03C005DF8044BFFF7E4BE10B5B0F86E1082B09B
:10C04C00B0F86A300446B0F86C200091B0F8681073
:10C05C00FFF760FF18B984F8A40002B010BDB4F863
:10C06C0068300121B4F8602084F8A4109A42B4F826
:10C07C00622038BFA4F86030B4F86A309A42B4F841
:10C08C00642088BFA4F86230B4F86C309A42B4F8DB
:10C09C00662038BFA4F86430B4F86E309A4288BF7A
:10C0AC00A4F8663002B010BD4FF0000CB0F85C1074
:10C0BC00826DA0F860C0A0F862104266FFF7BCBFAA
:10C0CC0090F850C001684FEACC0310B5A0F854307A
:10C0DC000A7CD200A0F8522090F85120D40094444D
:10C0EC00A0F8564091F811E0F44506DD92B2AEEBA3
:10C0FC00020E4FEACE0E1FFA8EF3B1F814C0234491
:10C10C00CA8AA0F85840A0F85A30A0F85CC0A0F831
:10C11C005E2010BD38B5436440F20113002504467F
:10C12C00A0F8AA30049B80F85020C16480F85150CC
:10C13C0080F8855080F8A55080F8A9508364056775
:10C14C001B689847A26C064B2046C4E91A33536807
:10C15C0098472046FFF714FE84F8885038BD00BF7E
:10C16C000000FFFF19B10A2901D088B270474FF6C1
:10C17C00FF707047002380F82630704710B40C46CF
:10C18C001346172122460469A4465DF8044B604708
:10C19C0000B583B00B4601210DF107028DF8073075
:10C1AC00FFF7ECFF03B05DF804FB00BF10B40023F5
:10C1BC0004691821A4461A465DF8044B604700BF79
:10C1CC0010B4002304691921A4461A465DF8044BE7
:10C1DC00604700BF30B5044683B001920091FFF771
:10C1EC00E5FF40212046FFF7D3FF172120462569A4
:10C1FC00DDE90023A847204603B0BDE83040FFF737
:10C20C00DFBF00BF10B4C4680A4600231521A44642
:10C21C005DF8044B604700BF10B4C4680A460023A5
:10C22C001621A4465DF8044B604700BF10B40C46C1
:10C23C00134617212246C468A4465DF8044B604798
:10C24C0010B40023C4681821A4461A465DF8044BA8
:10C25C00604700BF10B40023C4681921A4461A46D5
:10C26C005DF8044B604700BF70B5054682B00C46C4
:10C27C0094F800C0BCF1190F13D8BCF1170F2BD8D0
:10C28C000DF107024FF00101284617D163780234F3
:10C29C008DF80730FFF7CAFF94F800C0BCF1190FF6
:10C2AC00EBD9BCF1FE0F4FF02901284609D1627879
:10C2BC0002348DF8072000F083F9D9E7BCF1140F94
:10C2CC0001D802B070BD627861460023EE688DF82B
:10C2DC0007200234B047CBE7002361462846EE68BE
:10C2EC001A460134B047C3E714392DE9F04106462C
:10C2FC0014461D4605295CD8DFE801F00C1C4C2FB8
:10C30C0046032D4F3B78002B4AD1002301203B7074
:10C31C00BDE8F08190F82430FF2B02D1782380F80F
:10C32C00243037692B4622463046BC461421BDE8E2
:10C33C00F0416047204F3B78C3BB3046FFF736FFD8
:10C34C0000213046FFF724FF21463046FFF720FF3F
:10C35C00012318463B70BDE8F081174F3B783BB189
:10C36C0021E0183C18213046E4B20D44FFF732FFAF
:10C37C00182C2A46F5D830462146FFF72BFF002310
:10C38C0001203B70BDE8F0810B4B002201201A709C
:10C39C00BDE8F0811146FFF7FBFE0120BDE8F081FE
:10C3AC00FFF70EFFB1E7FFF70BFFE1E7FFF708FF21
:10C3BC00C3E70020ACE700BF0F5400200B39F8B5E1
:10C3CC00064615461C46042952D8DFE801F04151B7
:10C3DC0047320300FFF734FF637996F8227040214F
:10C3EC00304607EBC307FFF70DFF304607F0FF079A
:10C3FC00390941F01001FFF705FF07F00F01304636
:10C40C00FFF70AFFA179304641F0B001FFF704FFB6
:10C41C00217930462268C90001F0F801FFF706FFC8
:10C42C006A1E12F0FF05F3D13046FFF713FF01200F
:10C43C00F8BDFFF705FF81213046FFF7E3FE2946E3
:10C44C003046FFF7E9FE3046FFF704FF0120F8BD48
:10C45C00CAB90F49FFF708FF0120F8BD52B90D49C1
:10C46C00FFF702FF336801209B7C86F82230F8BD71
:10C47C000020F8BD0849FFF7F7FE33680120DB7C8C
:10C48C0086F82230F8BD0549FFF7EEFE0120F8BD15
:10C49C00BC160020741600207C160020C416002048
:10C4AC0038B505460C46FFF789FF98B9092C0BD017
:10C4BC000A2C00D038BD284600F018F8284606494A
:10C4CC00FFF7D2FE012038BD2846044900F008F8D9
:10C4DC00012038BD012038BD84160020CC16002068
:10C4EC0001608B7C80F82230704700BF38B5002388
:10C4FC002821456904461A46A847002314212046E2
:10C50C001A46E568A847204601224B2100F058F84E
:10C51C002368204629211A7900F052F8204600227F
:10C52C004B2100F04DF82368204629211A7900F0A0
:10C53C0047F8204601224B2100F042F823682046A0
:10C54C0029215A79BDE8384000F03AB830B583B0AB
:10C55C0084688DF805101946069D6B468DF80620EB
:10C56C0001228DF804100F210095A04703B030BDB7
:10C57C0010B4002384680921A4461A465DF8044BC4
:10C58C00604700BF10B4002384680A21A4461A46F1
:10C59C005DF8044B604700BF10B484680A46002362
:10C5AC000B21A4465DF8044B604700BF10B4002378
:10C5BC0084681021A4461A465DF8044B604700BFFE
:10C5CC0010B444690023A4465DF8044B604700BFD7
:10C5DC0003614FF0FF33C362036343638363C3633D
:10C5EC00A0F840300023C0E902120360FF2280F85B
:10C5FC00233080F826308361009B80F8242080F85B
:10C60C0028204361FFF7B4BF70B5EFF3108272B608
:10C61C000C4C206880B10C4E00254369236073B12B
:10C62C009D6102B962B6836845779847EFF3108233
:10C63C0072B620680028F0D102B962B670BD3360C2
:10C64C00EFE700BF1848002014480020FFF7DCBFBC
:10C65C000449054A4968054B196013680133136096
:10C66C00704700BF001000E000530020FC52002077
:10C67C0001207047B0F84630B0F848209BB292B217
:10C68C00934202D2013AD01A7047416B01390A44E5
:10C69C00D01A7047016972B6B0F84A20B0F84C3025
:10C6AC0092B29BB29A423CBF806B1218C86AD31AE2
:10C6BC0062B6C0F302601844704700BFB0F84A106D
:10C6CC000246B0F84C3089B29BB2994210B404695E
:10C6DC0014D00133906B116B984298BF0023994290
:10C6EC0006D85B1A526AD05CC0B25DF8044B704736
:10C6FC00126A5DF8044BD05CC0B2704772B6B0F8E9
:10C70C004A0080B2814201D062B6E2E7E36A13F0DC
:10C71C00E06F03D14FF0FF3062B6E6E7E36901202A
:10C72C000024116AA2F84A00C3F30900DBB2A2F894
:10C73C004C404B70F0E700BFB0F84A100246B0F81E
:10C74C004C3089B29BB2994230B4046925D0013384
:10C75C00946B9C4216D9106B1FFA83FC984217D924
:10C76C00106AC05CC0B2956DA2F84CC045B199423C
:10C77C001CD3CB1AD16B994202D3D36DC5F8883038
:10C78C0030BC70474FF0000C106B63469842E7D8F2
:10C79C00181A556A285CC0B2E5E7084672B6B2F8BA
:10C7AC004A1089B2884204D062B6D0E70C44E31A2E
:10C7BC00E0E7E36A13F0E06F03D14FF0FF3062B6AD
:10C7CC00DEE7E069C0F30900F9E700BF90F84430F8
:10C7DC0043B110B5044602F03DFE94F84430002BF2
:10C7EC00F9D110BD704700BF38B5D0E90453D3E977
:10C7FC0003120968114228D090F84420044632B143
:10C80C0002F028FE94F84430002BF9D16369002122
:10C81C000E4AA961207E03EB0010007D02EB001094
:10C82C00456805202860657E03EB051393F83430CA
:10C83C0002EB0312A36D52681060A4F84A10A4F81E
:10C84C004C1013B1E26DC3F8842038BD28080020C9
:10C85C0007EE901A9FED9A7A0421B6EE005AF8EE84
:10C86C00677A9FED986A41F6FF7CC7EE275A2DE94F
:10C87C00F0478E460569012407EE901AF8EEE77A28
:10C88C0085EEA77A77EE057AFDEEE77A17EE903A09
:10C89C006345A8BF6346012BB8BF012307EE903A4E
:10C8AC00F8EEE76A76EEC76AC6EE877AF5EEC07ADE
:10C8BC00F1EE10FA48BFF1EE677AF4EEC67AF1EEBB
:10C8CC0010FA03D8B0EE676A8E461C460131212956
:10C8DC00D2D10021436902F40076A0F84A10B3F8D3
:10C8EC005AC08E42A0F84C10B3F85860A0F846100D
:10C8FC00A0F8481080F84410816BDF68A1EB0606A5
:10C90C00A1EB0C01C0E90F6139681E6941EA06010F
:10C91C00396014BF01210021817640F0AC80017E8A
:10C92C00694E03EB0118DFF8C09198F81470D8F831
:10C93C001CA006EB0717B968C1F800907968D8F805
:10C94C0018700F60BAF1000F03D0D8F82010CAF895
:10C95C000010477ED92103EB071898F834C006EB7A
:10C96C000C1CDCF808703960DCF80410D8F838704E
:10C97C000F60417E03EB0111CF6B0FB1096C396075
:10C98C000EF1FF31BEF1080F4FEA0161CCBF4FF041
:10C99C00000E4FF0010E01F0F85144EA4E442143D1
:10C9AC005C682961597801F110030021E96047495D
:10C9BC0041F8234041694FF0010E454C02F0030C45
:10C9CC004F7891F85610434B39554FF00217446984
:10C9DC00617803EB511301F01F019B000EFA01F17A
:10C9EC001960EF62AB6A43F08803AB6253073ED425
:10C9FC004CF4701302F00F01042908BF43F080437C
:10CA0C0097062ED5817E43F0805300293AD1160724
:10CA1C00AB6103D52B6943F000532B616B69D106D5
:10CA2C0023F0805348BF43F080536B61D30503D58B
:10CA3C002B6943F400532B61A36883B1264E3478E1
:10CA4C00002C3AD0611E254DC9B22B1F05EB81017C
:10CA5C0001E0994225D053F8042F9042F9D1BDE85A
:10CA6C00F087817E0029D2D043F0A003CFE71C4B86
:10CA7C004CEA0303BEE7477E4FF2D901124E03EB9B
:10CA8C0007186AE7417E43F0A00304EB011191F80B
:10CA9C00341006EB0116B668316821F44041316060
:10CAAC00B5E7631CDBB20F4A3370137845F82400EA
:10CABC0043F002031370BDE8F0870123074DF2E742
:10CACC00001BB74BEC78AD6028080020002C002030
:10CADC0000E400E0403800380054002020480020DA
:10CAEC0010003C002254002038F00100EFF31380BA
:10CAFC00B8B9EFF310834BB9EFF305823AB94FF4A1
:10CB0C008073EFF3118050B1984208D270470F2A0E
:10CB1C00F7D9054B9B5CEFF311800028F4D1184634
:10CB2C0070474FF0FF30F1E7F0E300E070B5436978
:10CB3C00447E03EB041C9CF834C08C4508D093F85D
:10CB4C0034E08E4530D093F844E08E4512D070BD61
:10CB5C00DB68A6461B68164C04EB011480F819E040
:10CB6C0022B140F6D802A3681A6070BDD922A3681E
:10CB7C001A6070BD4FF0010EDD681E692D683542DC
:10CB8C00E9D0A645E7D00A4C03EB0E13052604EBBF
:10CB9C000C1CDCF804502E6093F834C09D6B04EB35
:10CBAC000C135B681D60D7E74FF0000EE4E700BF85
:10CBBC0028080020036D2DE9F04104460F46066954
:10CBCC0013B1426DC3F88420A37E2BB172B6B36946
:10CBDC0043F00053B36162B6B4F84650636BADB228
:10CBEC000135AB424CD84FF000084546B4F84830FC
:10CBFC009BB29D4219D028E073691B0210D5B4F882
:10CC0C004830626B9BB201339A4236D99AB2E16AD0
:10CC1C0099422DD9E169CB5CDBB2F361A4F84820D1
:10CC2C00B4F848309BB2AB420FD1FFF75FFF63699A
:10CC3C00B3F856308342DFDAFF28F1DD02F00AFC4C
:10CC4C00B4F848309BB2AB42EFD0E36AAB421AD98E
:10CC5C00FFB2E3695F5572B6012084F84400A4F872
:10CC6C004680B36943F40003B36162B6BDE8F0815A
:10CC7C005B1AA16ACB5CDBB2CFE700221346C6E796
:10CC8C001FFA85F8B2E7ED1AFFB2A36A5F55E2E727
:10CC9C00FFF790BF0269536913F4401F70B543D07E
:10CCAC00D36A13F0E06FC3F3026E3AD0B0F84A5077
:10CCBC00B0F84C60ADB2B6B207E0016A01F803C03F
:10CCCC000EF1FF3313F0FF0E1DD0D1696B1C846B7A
:10CCDC00B0F84CC0C1F309019C4298BF00231FFA65
:10CCEC008CFC9C45ECD0046B5FFA81FC1D469C428D
:10CCFC00A3EB0404E1D8436A03F804C00EF1FF333C
:10CD0C0013F0FF0EE1D1ABB2A0F84A30836D43B102
:10CD1C00B54254D3AD1B016CA94202D8C16DC3F806
:10CD2C0084105369D90245D49669330228D55369C6
:10CD3C001D0225D5B0F84650B0F84830ADB29BB2C4
:10CD4C0006E0C169C95CC9B2D161D16A4C0512D483
:10CD5C00AB4238D0446B0133C16A9C4298BF00236C
:10CD6C009942A3EB0104ECD8816A095DC9B2D16187
:10CD7C00D16A4C05ECD599B2AB42A0F8481025D03D
:10CD8C00710216D553695B0213D50021036D80F82F
:10CD9C00441013B1416DC3F88810837E2BB172B669
:10CDAC00936923F00053936162B6936923F4800373
:10CDBC00936170BD536943F480135361B4E7816B85
:10CDCC00891B0D44A7E79BB2A0F84830936923F464
:10CDDC0000039361936943F480039361D0E700BF30
:10CDEC000148FFF757BF00BFA81800200148FFF704
:10CDFC0051BF00BF081900200148FFF74BBF00BF0F
:10CE0C00681900200148FFF745BF00BFC819002072
:10CE1C000148FFF73FBF00BF281A00200148FFF769
:10CE2C0039BF00BF881A00200148FFF733BF00BF8D
:10CE3C00E81A00200148FFF72DBF00BF481B002057
:10CE4C00704700BF704700BF704700BF704700BFFE
:10CE5C0070B51A4C1A4D2368AB4202D0194AD168EE
:10CE6C0029BBA369AB4202D0164AD169C9B9236B5D
:10CE7C00AB4202D0134AD16A69B9A36CAB4209D058
:10CE8C00104AD16B31B101211B680F48D163BDE849
:10CE9C007040184770BD01211B680C48D16298473F
:10CEAC00EBE701211B680A48D1619847DFE70121B4
:10CEBC001B6804F10800D1609847D2E7803000204D
:10CECC00E805002000410840D0300020B830002098
:10CEDC00A030002038B5064CA4F1600554F8083C8D
:10CEEC002046183CDB689847AC42F7D138BD00BFF0
:10CEFC00D030002003682DE9F041044688B0174675
:10CF0C00002B4BD000229A600122DA60304D04A82D
:10CF1C00DFF8E0801D4451F8083B2D1102935B684B
:10CF2C0005EB45069847F60006F1080058F8063060
:10CF3C004044DB6801909847264A04A9DDE90103C7
:10CF4C00029248F806309B689847029B04A8DB685D
:10CF5C0098472368032220481F609A601F4A237950
:10CF6C001F4C535513785178C0F828428B4228BF78
:10CF7C000B469178D2788B4228BF0B46934228BF40
:10CF8C001346184C4FF0E0224FF08061012084F8DA
:10CF9C007A30C2F80C1108B0BDE8F081124AD36E99
:10CFAC0043F44053D3660122104B1A60104A1346C7
:10CFBC000260403298680028A8D010339342236056
:10CFCC00F8D100231846236008B0BDE8F08100BFFB
:10CFDC0000BFF7BFE8050020002C0020082200202D
:10CFEC0051AC000000E400E000C00F4000400840DD
:10CFFC000041084080300020F8B5036843B3154C5D
:10D00C000746154E1C44241104EB4405ED007359DE
:10D01C0005F10800DB6830449847104B00210122D1
:10D02C0073513B689960DA60FF230D4A13551378EE
:10D03C0050789478834228BF0346D078094AA3429B
:10D04C0028BF2346834228BF034682F87A303960D2
:10D05C00F8BD00BF00BFF7BF80300020E8050020FE
:10D06C000822002000E400E010B4064B0020064C1F
:10D07C00064A1C609C611C639C6405495DF8044B6A
:10D08C0002F0CEBA80300020E80500201C220020DF
:10D09C00D5AC0000084602F049B900BF012A70B5B2
:10D0AC0008BF0A228AB091B34FF0210E01E05FFA5B
:10D0BC0086FE0EF1FF36B1FBF2F502FB15145FFA9A
:10D0CC0084FC092C0CF137040CF1300C98BF5FFA7E
:10D0DC008CF40EF1280C88BFE4B29142EC44294642
:10D0EC000CF8244CE3D24BB10EF1FF3E2D225FFA2B
:10D0FC008EFE0EF128036B4403F8242C036801A95F
:10D10C00CEF122025B68714498470AB070BD3022A0
:10D11C004FF0210E8DF82520E5E700BF2DE9F041F9
:10D12C000C46D1B1EAB180468E1800250E4F04E0B2
:10D13C0002F0FCF8B44205440CD0D8F8003014F8D6
:10D14C00010B1B68BB42F3D0014640469847B442E2
:10D15C000544F2D12846BDE8F0810D462846BDE8CD
:10D16C00F0811546F6E700BF95AE00002DE9F041C1
:10D17C008C688AB0DCB10025884606462F462B46C3
:10D18C00212201A9404600F035F9202C22463368B3
:10D19C0028BF202201A930465B68A41A1544984781
:10D1AC000744002CEBD138460AB0BDE8F081274685
:10D1BC0038460AB0BDE8F081002903DB00230A22BF
:10D1CC00FFF76CBF49422D230A22FFF767BF00BF50
:10D1DC0000B5036883B040F60D2C022201A95B68F0
:10D1EC00ADF804C0984703B05DF804FB5AB9036866
:10D1FC00C9B2074A1B68934200B506D108465DF8D0
:10D20C0004EB02F093B8FFF749BF5DF804EB184745
:10D21C0095AE0000F8B500260446C0E900668660AD
:10D22C0029B108460D4603F04BFA074608B92046CB
:10D23C00F8BD013002F010FA0028F8D0294606702B
:10D24C002060C4E9017703F0D9F92046F8BD00BF8E
:10D25C0010B50446006802F007FA204610BD00BF66
:10D26C00F8B50446154632B9036803B11A700023A9
:10D27C002046A360F8BD43680E469A421CD9511C47
:10D28C00006802F0B5FC074660B1A368C4E900056C
:10D29C000BB90370276831463846A56003F0AEF928
:10D2AC002046F8BD206810B102F0DEF9276000239B
:10D2BC002046C4E90133F8BD07683146A5603846FD
:10D2CC0003F09CF9ECE700BF10B500238AB00446CC
:10D2DC00084601A9A360C4E9003302F0A7F901A82C
:10D2EC0003F0EEF901A902462046FFF7B9FF2046EC
:10D2FC000AB010BD814203D08A680968FFF7B0BF3D
:10D30C00704700BF38B505460C4649B1084603F0D6
:10D31C00D7F9214602462846FFF7A2FF284638BD1A
:10D32C002846A96038BD00BF2DE9F84304460068C3
:10D33C000D4616468842A36809D8C218914206D2F7
:10D34C000F1A4FF0010936B92046BDE8F8834FF0AB
:10D35C000009002EF8D003EB0608626890450CD942
:10D36C0008F1010102F044FC0028EDD0A368C4E9E7
:10D37C00000813B903702068A368B9F1000F08D135
:10D38C002946184403F03AF92046C4F80880BDE851
:10D39C00F8833246C119184400F066FD2368002258
:10D3AC0003F80820F0E700BF10B582B00023044654
:10D3BC0001228DF8041001A98DF80530FFF7B4FF98
:10D3CC00204602B010BD00BF826808B50B463AB1CA
:10D3DC0061B1006802F0A8FFB0FA80F0400908BD06
:10D3EC0031B11878B0FA80F0400908BD0368F8E74D
:10D3FC00012008BDC2B170B5B1FA81F60C467609B0
:10D40C0019B185689D4201D80E7070BDED1A02F1FC
:10D41C00FF3C016820466545194428BF65462A46ED
:10D42C0002F008FF665570BD704700BF2DE9F04152
:10D43C0007680646E7B18468D4B1B846454618F883
:10D44C00010B02F021FE0028F8D1013C3C4402E023
:10D45C00A54205D8013C207802F016FE0028F7D131
:10D46C00621CAF42A2EB0502B26004D30023BB5492
:10D47C003046BDE8F0813846294600F0F5FC3768A7
:10D48C00B268F3E7A249A34B88422DE9F047A24CBE
:10D49C005E699A69D4F80C801BD9A04B984240F273
:10D4AC000281C31A9E491B0AA1FB031340F2276198
:10D4BC00DB0903EB830303EB830303F2E2438B42AD
:10D4CC0028BF0B46A3F54877964BA3FB0737FF08FD
:10D4DC0004E0954FB8428CBF0E2706278D4908F003
:10D4EC001F09D1F88030B94543F0C003C1F8803032
:10D4FC000CD228F01F08A1F5F82148EA0708C1F85A
:10D50C000C800B68002BFCDA08F01F0916F0007376
:10D51C0024D186490C698649A14300F0EA8082F443
:10D52C00805134464FF4805514F0605F04D026F0DF
:10D53C0060561E43774B5E6111F4405F07D022F4B6
:10D54C00405274492A438A618B6C1A07FCD446F00A
:10D55C000076704A5661936C9B06FCD4754CA042C5
:10D56C0000F2CE804FF0010C0146634603FB011222
:10D57C0003F1010E0CF10105A24218D8BEF1080FFF
:10D58C004FF0010340F08D80BCF1040F00F291804C
:10D59C000A18A24200F2A48005FB00F1AC4603F18C
:10D5AC00010E03FB01120CF10105A242E6D90CF1AC
:10D5BC00FF318C0286EA81215F4810445F4A904219
:10D5CC007FD9DFF8A4A16C225D48584DB0FBFEF06A
:10D5DC00D5F800E0B0FBFCF0DFF890C10EEA0C0CC3
:10D5EC00D44509D042F400524FF4805CC5F800C019
:10D5FC002A602A68002AFCDA464A156905F00705F4
:10D60C009D4203D01361936CDD03FCD411F4E05FF5
:10D61C0009D026F4E05604F4E0543E4A2643566101
:10D62C00936C9907FCD44749474A014491423CD832
:10D63C00464BC909A3FB0131090B4B1E1B0286EAA1
:10D64C00030212F4407F06D026F4407603F44073B4
:10D65C00304A334353612F4A536923F000735361AB
:10D66C00936C9B06FCD43A4B4F45A3FB00234FF025
:10D67C00FF324FEA9343B0FBF1F1B2FBF3F3354ABF
:10D68C001060354A1160354A136008D228F01F0823
:10D69C00214A48EA0707D7601368002BFCDABDE87B
:10D6AC00F087734662E7122718E74FF440730421A2
:10D6BC00C5E70CF1FF31204807238C02104486EAA1
:10D6CC008121274ADFF8A8A0A2FB0020020D2548E3
:10D6DC00362A38BF362202FB00F042EA0A0A74E707
:10D6EC004FEA8C24002386EA8C214FF0010EAC46C5
:10D6FC0062E71D4686F0C05411464FF0C05313E745
:10D70C0000244FF0010C024631462346E64653E70F
:10D71C0000A4781F00C00F40000008400046C3233F
:10D72C0023B24C001F85EB5100366E0100800D407A
:10D73C0040300080FFB19F26808D5B00FF7EF64D50
:10D74C0000643F4D7FD1F0087F17B42C9F10E5008B
:10D75C0083DE1B4394180020901800206452002094
:10D76C00819F5E16001BB7006C2000807F3001800B
:10D77C000020008000B970472DE9F84F0121814647
:10D78C00214C224D224E54E8003F2A68306844E870
:10D79C000013002BF7D11F494B684FF47A7BDFF84D
:10D7AC0078A01B1A01270BFB02F8DAF80020A3FB68
:10D7BC0002325A4594BF9044D84454E8003F2A683A
:10D7CC00306844E80073002BF7D14B68DAF800C0DE
:10D7DC001B1A0BFB02F2A3FB0C3CBCF57A7F94BF2B
:10D7EC00624402F57A72A2EB0802B2F57A7F06D394
:10D7FC00B9F1010908F57A78DFD1BDE8F88F01F0AD
:10D80C0029FE0449D9E700BF04530020005300202F
:10D81C00FC520020001000E06452002030B40F4B8A
:10D82C004FF0010C0E4D0F4C53E8002F2868216867
:10D83C0043E800C2002AF7D10B4B5B680B4A5B1A1A
:10D84C004FF47A71126801FB00F0A3FB023230BC7A
:10D85C008A4294BF80184018704700BF04530020C0
:10D86C0000530020FC520020001000E06452002005
:10D87C00362816D80201104B03EB00109B5810B43D
:10D88C00C2685C68144205D061B95DF8044BC3F8FA
:10D89C0088207047836851B1084A5DF8044B1A60C0
:10D8AC00704770475DF8044BC3F884207047044AF6
:10D8BC005DF8044B1A6070472808002038F001000E
:10D8CC003830010036280BD8064B020103EB001050
:10D8DC009A58C36892681A4214BF012000207047FE
:10D8EC000020704728080020362829D8164B020142
:10D8FC00012903EB00109A5810B45368C4680ED079
:10D90C0004290CD023EA040353608368A9B10229CB
:10D91C0017D003290CBF0D4A0D4A1A6007E02343A8
:10D92C0001295360836808D040F638021A604368B6
:10D93C0015225DF8044B1A60704738221A60F6E71E
:10D94C007047044A1A60F2E72808002038300100BA
:10D95C003800010038F0010030B4124A0020124B9C
:10D96C000121124D124CC2F8F032C2F8F402C2F886
:10D97C00B810C2F8A000C2F8A450C2F8B010536995
:10D98C00DB07FCD551612378DB07F0D4136805491C
:10D99C0043F0010313600B68DB07FCD462B630BCA8
:10D9AC00704700BF00802A400504012401000F00CD
:10D9BC0000812A4070B50E4C4FF6FF7E0D4E04F1DF
:10D9CC007E05A6F58053002102E0B34281B204D259
:10D9DC001A88481C02337245F7D124F8021FAC4256
:10D9EC0006F58056EDD1044B01221A7070BD00BFB4
:10D9FC006E52002000107C601054002041F2BB03DA
:10DA0C0098422FD8184B10B51B7804463BB3A0088E
:10DA1C00164B04F00301164CA3FB0023C21A03EBB4
:10DA2C005203144A5B09C3EB831E9C46A0EB0E0306
:10DA3C0041EA8C01FF2034F813C01A444FEA4C0C15
:10DA4C0013030CEB023CBCEB023F07D91A880233E0
:10DA5C00D4B28C4208BF100A9C45F7D810BDFFF712
:10DA6C00A9FFD4E7FF207047105400200541100493
:10DA7C0070520020C0070600F8B50F46164672B665
:10DA8C00344B40F20641344A9A610222DA61002298
:10DA9C00C3F8A020C3F8F012C3F8F422C3F8F8229C
:10DAAC00C3F8FC224FF47022C3F8A4200122C3F85F
:10DABC00B02020F01F038219BFF34F8F4FF0E024EA
:10DACC00C4F85C3F20339A42FAD8BFF34F8FBFF3B0
:10DADC006F8F204D6B69DA07FCD501231F49B2B259
:10DAEC0020F07F406B6142F47022C5F8F01242F2D4
:10DAFC000121184CC5F8F412C5F8BC30C5F8A000CB
:10DB0C00C5F8A420C5F8B030154D01E05B0609D46A
:10DB1C00636913F00100F9D041236361BDE8F8405B
:10DB2C00FFF71ABF082E0AD836B1324639463744A9
:10DB3C000646284600F098F940236361E8E7A6F111
:10DB4C00080008263946324637440646284600F077
:10DB5C008BF9F1E700802A40F05AF05A3204180889
:10DB6C0080812A4010B472B6284B0221284C002226
:10DB7C009C614FF47024D96140F20641C3F8F01255
:10DB8C000121C3F8F422C3F8F822C3F8FC22C3F82D
:10DB9C00A020A2F58052C3F8A4400240C3F8B010F4
:10DBAC00BFF34F8F02F5805102F120034FF0E02CB0
:10DBBC00994234BF0121802102EB41118B42CCF8F8
:10DBCC005C2F1A4603F12003F8D1BFF34F8FBFF33C
:10DBDC006F8F0E4A5369D907FCD501240D490E4BA2
:10DBEC0054610340C2F8F0124FF470200749C2F898
:10DBFC00A030C2F8A400C2F8B0404B69DB07FCD5DA
:10DC0C0001235DF8044B4B61FFF7A6BE00802A4050
:10DC1C00F05AF05A2004180800F0FF0041F2BB0340
:10DC2C00984200F28980464B2DE9F0471B78C2B030
:10DC3C0005468946002B7CD0AB08424E05F0030507
:10DC4C00414FA6FB03269A1B06EB5206760945EAC2
:10DC5C008605C6EB86169E1B3C4B37F816403344A4
:10DC6C0060004FEA033800EB0330B0EB033F64D99C
:10DC7C0043464FF0FF0C1A880233D1B2A94208BFB9
:10DC8C004FEA122C9842F6D8E14541D0B4F5006F1A
:10DC9C0041D302AC4FF48072FF21204602F078FA97
:10DCAC0008F5805008F102034246984234BF012027
:10DCBC004FF4006008EB4000134602321B8882428E
:10DCCC00D9B24FEA13236354F6D104F805900DF141
:10DCDC0007090DF2071A00254C464046FFF742FF94
:10DCEC0014F801CF08EB450002220DF10601631E6A
:10DCFC00BCF1FF0FA3EB090306D043EA0C2301355B
:10DD0C00ADF80630FFF7B8FEA245E9D127F816505A
:10DD1C0042B0BDE8F08745EA092502A90222013488
:10DD2C00ADF80850FFF7A8FE27F8164042B0BDE842
:10DD3C00F087FFF73FFE7FE770474FF0FF0CA3E73C
:10DD4C00105400200541100470520020C00706003A
:10DD5C00704700BF362858D80001F0B4344C354D0C
:10DD6C002358AB4256D049D8B3F1844F4BD0A5F5CC
:10DD7C008045AB4240D1304D2044304E304CC4F83D
:10DD8C00B462D0E901C4C0684FF0E0264FF00057F0
:10DD9C00042AC6F810712FD85E6926EA00065E6167
:10DDAC004FF00506CCF80060266846F480362660F5
:10DDBC005C6824EA00045C60224C54F8224090FA1F
:10DDCC00A0F2B2FA82F245F822106FEA00011DD0DF
:10DDDC00DD690F2A01EA0501D9611DDC520003251A
:10DDEC00D968944005FA02F221EA02022243DA6071
:10DDFC0098615A6902435A61F0BC7047124DAB42AC
:10DE0C00FAD1124DB8E7124DB6E77047DA69024302
:10DE1C00DA61EDE70F4DAFE7103A032519695200AF
:10DE2C00944005FA02F221EA020222431A61DFE76A
:10DE3C002808002000800042E0260020210000007D
:10DE4C00002C0020F402002000C00042E02700203B
:10DE5C00602600206027002008B5FAF7C7FCF9F708
:10DE6C00C3FE01F0F7FAFAE7844641EA000313F027
:10DE7C0003036DD1403A41D351F8043B40F8043BC5
:10DE8C0051F8043B40F8043B51F8043B40F8043B88
:10DE9C0051F8043B40F8043B51F8043B40F8043B78
:10DEAC0051F8043B40F8043B51F8043B40F8043B68
:10DEBC0051F8043B40F8043B51F8043B40F8043B58
:10DECC0051F8043B40F8043B51F8043B40F8043B48
:10DEDC0051F8043B40F8043B51F8043B40F8043B38
:10DEEC0051F8043B40F8043B51F8043B40F8043B28
:10DEFC0051F8043B40F8043B403ABDD2303211D3C8
:10DF0C0051F8043B40F8043B51F8043B40F8043B07
:10DF1C0051F8043B40F8043B51F8043B40F8043BF7
:10DF2C00103AEDD20C3205D351F8043B40F8043BC7
:10DF3C00043AF9D2043208D0D2071CBF11F8013BC5
:10DF4C0000F8013B01D30B8803806046704700BF8B
:10DF5C00082A13D38B078DD010F003038AD0C3F19A
:10DF6C000403D21ADB071CBF11F8013B00F8013B7C
:10DF7C0080D331F8023B20F8023B7BE7043AD9D33B
:10DF8C00013A11F8013B00F8013BF9D20B78037010
:10DF9C004B7843708B7883706046704701F1FF3C7F
:10DFAC0070B56646002400E00134B0FBF2F502FBCC
:10DFBC001503092B03F1370E03F130035FFA8EFEC4
:10DFCC0098BF5FFA83FE9042284606F801EFEBD229
:10DFDC00631C0022C818CA547CB162461CF8015F4D
:10DFEC0010F8016DA1EB0C0302328CF80060013BC0
:10DFFC00521A057023449A42EFDB084670BD00BFED
:10E00C0000230F2248F2B82C194610B54FF4704477
:10E01C004FF4806EA0F88C414FF46044A0F88E2130
:10E02C000A46A0F89031B0F888319BB243F0F00367
:10E03C00A0F8883101EB4103013100EB43130429B3
:10E04C009C80A3F806E05A841A865A805A81A3F859
:10E05C000EC05A82DA825A83DA83EBD1B0F8883157
:10E06C009BB243F00F03A0F88831B0F888319BB213
:10E07C0043F47063A0F8883110BD00BF374B384AA9
:10E08C00996F384841F47F0170B5996741F20106E8
:10E09C00D3F8801045F6C05543F226040A43C3F862
:10E0AC008020FFF7ADFF00F58040FFF7A9FF00F5DA
:10E0BC008040FFF7A5FF00F58040FFF7A1FF00228D
:10E0CC00A0F503104FF00F0E114600EB42134FEA70
:10E0DC00421C01329981042A5981A3F80EE09E82D8
:10E0EC00DD8020F80C1019829C81EED100221E4894
:10E0FC004FF00F0E41F20106114645F6C05543F2A2
:10E10C00260400EB42134FEA421C01329981042A87
:10E11C005981A3F80EE09E82DD8020F80C10198244
:10E12C009C81EED1002211480F2641F201051146C7
:10E13C0045F6C05443F2260E00EB42134FEA421C44
:10E14C0001329981042A5981DE819D82DC8020F87C
:10E15C000C101982A3F80CE0EED170BD00C00F407A
:10E16C00000003FC00C03D4000001E4000401E406B
:10E17C0072B6EFF30583524CC4F884301EF0040FD2
:10E18C000CBFEFF30882EFF309824FF0E0234D4E02
:10E19C004D4DD3F8280DD3F82C1DC4E92201D3F82A
:10E1AC00341DD3F8383DC4E924139369C4F898306E
:10E1BC00D369C4F89C3000F0BDF884ED280A01F056
:10E1CC00B5F90B214FF0FF32C4F8A4000B46C4F88C
:10E1DC0080103E49301D5A40202402F00103013CBE
:10E1EC0001FB03F383EA5202F7D1A84202D0736811
:10E1FC000646EFE7324BC3F8A820BFF34F8F4FF022
:10E20C00E0233049324AC3F8701FC3F8702FBFF3B4
:10E21C004F8FBFF36F8F2F4A02252F48D36E2F4994
:10E22C0043F44053D3660560D3692D4823F07F0334
:10E23C0043F04003D3610B6883423DD8264D002147
:10E24C004FF0E0234FF0FF3229600126C5F808118A
:10E25C002449C5F80011C5F80861C3F88021C3F83A
:10E26C008421C3F88821C3F88C21C3F8902101E0E4
:10E27C0000F052F9D5F80C31002BF9D00134C5F867
:10E28C000C614F2CF4D9184B022018494FF0004266
:10E29C00C1F840015A63D5F80C313BB91448154903
:10E2AC000D4A0163D2F80C31002BFAD04FF0E02369
:10E2BC00114AC3F80C2DFEE7FFF7E4F8BEE700BFE8
:10E2CC0000FF272080FF2720A8FF27202083B8ED00
:10E2DC00A0FF272000C00F400040084094180020E9
:10E2EC00803DCD0B009F240000900D4000002E407F
:10E2FC0000800F40F100AD0B0400FA050A490A68D2
:10E30C0038B108B513180948834204D810460B607D
:10E31C0008BD1046704701F0D1FF0C234FF0FF32BF
:10E32C000360104608BD00BF182200200000282002
:10E33C00FFF71EBF124AD2F880305B07FBD5D2F82C
:10E34C0080301048C3F30B230F4990ED007A07EE91
:10E35C00903A91ED006AB8EE477A0C4AF8EEE77AFB
:10E36C000B4BD2ED006A77EEC77A93ED007AB8EEDC
:10E37C00477A67EE867A87EEA60A37EE400A704730
:10E38C0000810D40545200205C520020605200204D
:10E39C0058520020836BF0B41BB1536843F4004314
:10E3AC00536072B6446B3CB31A4B2260D3F8B04145
:10E3BC000C421DD1184E776804E07468E41BB4F568
:10E3CC00166F0BD2D3F8404144F48044C3F840415B
:10E3DC00D3F8B851D3F840416404EED50D4007D1C1
:10E3EC000C4CC0E90225D4F8B0310B43C4F8B03161
:10E3FC00426362B6F0BC7047064DC0E90224D5F802
:10E40C00B0310B43C5F8B0310263426362B6F0BC65
:10E41C00704700BF00002E40001000E070B5056B87
:10E42C009DB106462A46002403E012680134012AF5
:10E43C000CD0536813F08003F7D032632CB128460C
:10E44C00B36B2D689847013CF9D170BDC6E90C330C
:10E45C00F4E700BF30B4D9B91F4C204B0021204A3F
:10E46C0001254FF0011099601D60C4E90231802430
:10E47C005C60C2F8BC01D2F8B0311A482B43C2F828
:10E48C00B0310160D2F8B031002BFBD130BC7047F9
:10E49C000904154B104C012541F080019860104A7D
:10E4AC00596000F580511D60D96000F50051A364DE
:10E4BC00196100F5405100F58040596100219861C7
:10E4CC00E164D2F8B03143F48033C2F8B031D2F801
:10E4DC00B031002BFBD1C0E70000002040320020FF
:10E4EC0000002E40D050002060320020084901224C
:10E4FC000B7802FA00F023EA0000087030B9054AE4
:10E50C00D2F8483123F08003C2F84831704700BF7D
:10E51C001954002000002E402DE9F04F974C83B089
:10E52C00D4F84471FB07C4F8447153D5D4F8AC212A
:10E53C00002A4AD0924EDFF860A2DFF87492DFF81E
:10E54C0074B2DFF87482C4F8AC21D6E90A20D4F88E
:10E55C00403143F40053C4F84031D4F840319D04A9
:10E56C00F5D5D4F8403123F40053C4F840314FF0C2
:10E57C000113C4F8B431D4F8B45115F00115FAD123
:10E58C0093B28446CAF80050B3F5086F00F0CF81FF
:10E59C0000F2DB8040F202318B4200F0E78100F2A6
:10E5AC009A80822B00F0CB81B3F5817F40F08A807A
:10E5BC0010F0780F83B200F003824FF00113C4F80F
:10E5CC00C031D4F8AC21002ABDD16C4AD2F8BC3190
:10E5DC00002B42D17E0616D5684BD3F8AC21C3F87C
:10E5EC00AC21D3F8BC21C3F8BC21D3F8B041002C2A
:10E5FC00FBD14FF0FF32C3F8B421D3F8843100F0D3
:10E60C002DFD604B1C60FC0103D55F4B1B6803B1F7
:10E61C009847B80103D55D4B1B6803B19847790740
:10E62C0008D5564BD3F8843113F4007347D0584BAC
:10E63C0001221A70514BD3F848311A060AD53B0601
:10E64C0008D5544A13782BB1013BDBB21370002B65
:10E65C0000F0728203B0BDE8F08F4F49C2F8BC31B4
:10E66C000868034240F0D181464A14681C40B1D07E
:10E67C005FEA144810D0424E4FF0010998FAA8F501
:10E68C00B5FA85F506EBC51009FA05F54030FFF72C
:10E69C00C5FE38EA0508F1D1A4B2002C9AD0384E48
:10E6AC004FF0010894FAA4F5B5FA85F506EBC51000
:10E6BC0008FA05F5FFF7B2FEAC43F3D18AE7344A0A
:10E6CC001370B7E7802B7FF478AF344802210580B4
:10E6DC00FFF7C0FE75E7B3F5A06F00F00B81A3F553
:10E6EC00D063012B3FF669AF2D4B5D68002D3FF4D5
:10E6FC0064AF1FFA8CFC4FEA124E04E01D690C3318
:10E70C00002D3FF45AAF1A887245F7D15A886245EA
:10E71C00F4D14FEA1E22032A00F0A5811A89000CBD
:10E72C00824228BF0246BEF5007F40F0A181184B03
:10E73C001C4918781C4B0192002818BF19461B481D
:10E74C00FFF792FB194D019AE1E142F221218B4234
:10E75C007CD033D942F221318B4200F081804FF6CC
:10E76C00C0018B427FF429AF10F47F4F83B27FF44A
:10E77C0024AF43F46E4363F30F0CB5E700002E4057
:10E78C0000000020D4500020E0530020E45300206F
:10E79C002054002021540020D0500020185200207A
:10E7AC00E4160020382100609C210060000020202D
:10E7BC00C85000205DCFC6B8C0012E40B3F5106F15
:10E7CC0066D042F221018B427FF4F7AE030C072B8B
:10E7DC007FF4F3AEB24BB349F560D960B249B36084
:10E7EC00C3F80890C1E9002001221A60AF4A5A60B0
:10E7FC00AF4A1A61D4F8B01141F00101C4F8B0115C
:10E80C0002F5805102F5005259619A61D4F8B03189
:10E81C00002BFBD1A74AF36493600123B26413600D
:10E82C0048F2800353604FF00113C4F8BC31D4F8A4
:10E83C00B03143F48033C4F8B0314FF48033CAF8AC
:10E84C000030D4F8B031002BFBD1BAE680B238B925
:10E85C00994BC2F307421968984B1960984B1A7080
:10E86C00944B00229A60F2640122B3641A608022F5
:10E87C005A604FF00113C4F8BC31D4F8B03143F4F2
:10E88C008033C4F8B031D4F8B031002BFBD198E60A
:10E89C00C2F307428B4B1A708B4BC4F8C8318B4BAD
:10E8AC00C4F8CC318A4BC4F8D03100F0D9FB8022AB
:10E8BC002946884801F06CFC874B8022C6F8A0B032
:10E8CC00C6F8E0307B4BF5645A600122B3649D605E
:10E8DC001A604FF00113C4F8BC31D4F8B03143F4D2
:10E8EC008033C4F8B031CAF80050D4F8B031002BE2
:10E8FC00FBD166E66F4B0121F564196080219D60A8
:10E90C00B36459604FF00113C4F8BC31D4F8B03182
:10E91C0043F48033C4F8B031D4F8B031002BFBD1C0
:10E92C00130C5B0643F08073C4F8543149E6654B15
:10E93C0001216A481B780370FFF78CFD41E683B216
:10E94C0010F078007FF439AE03F07F0258F82210F3
:10E95C00624A1080180600F19E80CB0701D5012376
:10E96C00137002215D48FFF775FD2AE610F0780F51
:10E97C0083B27FF422AE03F07F0213F0800F58F8BD
:10E98C00223014BF43F4803343F0010348F82230A3
:10E99C000022484BF2649A600122B3641A60802210
:10E9AC005A604FF00113C4F8BC31D4F8B03143F4C1
:10E9BC008033C4F8B031D4F8B031002BFBD100E671
:10E9CC0003F07F0213F0800F58F8223014BF23F4A9
:10E9DC00803323F0010348F822300022354BF264D7
:10E9EC009A600122B3641A6080225A604FF00113BE
:10E9FC00C4F8BC31D4F8B03143F48033C4F8B0312E
:10EA0C00D4F8B031002BFBD1DBE50020086026499F
:10EA1C000C88486842F221018C427FF425AE80B20A
:10EA2C0000287FF421AE2E492E4C03C9A1808628E4
:10EA3C004FEA11412060A1717FF416AE72B62A48DC
:10EA4C00017841F008010170D2F848110D0605D487
:10EA5C0080200143C2F84401C2F8481162B6234A2F
:10EA6C005021117000E6000C2A78824228BF024621
:10EA7C00BEF5E06F44D11E4B1E4D18781E491F4B3E
:10EA8C000192002818BF19462846FFF7EDF9072315
:10EA9C006B70019A3BE0C9033FF561AF61E700BFC2
:10EAAC0060320020C860002008430020800007006E
:10EABC00C87000204032002000530020DC5300209E
:10EACC001E5400201F5400200200CC00C80002007D
:10EADC000200C800800000201993D5741852002041
:10EAEC00C8500020D4530020195400202154002079
:10EAFC0020540020000020209C2100603821006060
:10EB0C002946104D01922846FFF7AEF9019A25F0DF
:10EB1C001F031544BFF34F8F4FF0E021C1F8703F36
:10EB2C0020339D42FAD8BFF34F8FBFF36F8F054848
:10EB3C001146FFF78FFC44E50320FFF7D7FC01F0EB
:10EB4C00CBFF00BF000020202DE9F0471F46831E9D
:10EB5C00022B01D9BDE8F087DFF84C9015460C4626
:10EB6C003C2209EBC01806464FEAC01A002108F1F6
:10EB7C000400240401F00CFBB5FA85F201235209C0
:10EB8C0044EA427449F80A40C8F83870C8F80830AA
:10EB9C00002FDFD0034AB34011680B431360BDE86C
:10EBAC00F08700BFD4500020000000202DE9F04772
:10EBBC000D46811E022901D9BDE8F087C701DFF897
:10EBCC004C909246044640373C2200211E4609EBED
:10EBDC0007082D0408F1040001F0DAFABAFA8AF2F7
:10EBEC00520945EA427249F807200122C8F83860F8
:10EBFC00C8F80820002EDFD0034B10341968A2404F
:10EC0C000A431A60BDE8F087D450002000000020B1
:10EC1C0012048160C36101F5405342F0800210B4CC
:10EC2C000124426001F50052046001F5805401F5A5
:10EC3C008041C46081615DF8044BC0E904237047D6
:10EC4C00831E0A46022B00D97047064B00F11001B7
:10EC5C004FF0010C03EBC0100CFA01F14030FFF740
:10EC6C0099BB00BF00000020831E0A46022B00D96E
:10EC7C0070470121024B814003EBC010FFF78ABBA8
:10EC8C000000002040687047124A134BD2F8200253
:10EC9C0020F07F40984210B584B002D200EB800087
:10ECAC0040000E4C01A90A22FFF778F901A90023B4
:10ECBC00204611F8012B01333AB10A2B20F8022F10
:10ECCC00F7D11623237004B010BD5B00DBB22370A8
:10ECDC0004B010BD00441F4080969800FC28002012
:10ECEC0000F0DCBA00F0ACBA00F010BB00F0CABA0D
:10ECFC0000F066BB00F03CBB0846114600F02CBB94
:10ED0C00F8B5144C4FF0E025134E4FF4003204EBE1
:10ED1C004024124F06EB40160346C5F88C212146C1
:10ED2C003A883046FFF774FF3B882344BFF34F8F7C
:10ED3C00C5F85C4F2034A342FAD8BFF34F8FBFF312
:10ED4C006F8F03203146FFF78FFF4FF40033C5F868
:10ED5C000C31F8BD8000202080390020F6530020B3
:10ED6C00244B2DE9F0411C884368C569C3F30E435D
:10ED7C00E41A002C24DD204920480A780078D3B20C
:10ED8C001F4E82421F4807D010F8038036F81870C7
:10ED9C00C7F50072944218D90133002226F81540A9
:10EDAC00082B194E88BF134626F8152098BFDAB2E7
:10EDBC00C554164B0A701A6814441C60BDE8F081E7
:10EDCC002846BDE8F041FFF79BBF07EB48201049F0
:10EDDC0022462744084401EB4521FFF745F80B4A2E
:10EDEC00284626F8187013682344BDE8F0411360D8
:10EDFC00FFF786BFF6530020155400201654002050
:10EE0C002852002048520020385200202452002062
:10EE1C00800020201D4B1A78002A36D102F0FF0307
:10EE2C001B4A12788AB32DE9F0411A4D2A8852B345
:10EE3C00194EC2F50068194F3278194C07EB42177E
:10EE4C0004EBC224424638462146FFF7E1FE04EBB0
:10EE5C000802BFF34F8F4FF0E023C3F8704F2034FC
:10EE6C00A242FAD8BFF34F8FBFF36F8F04203946FD
:10EE7C00FFF7E6FE33780133DBB2032B88BF0023A8
:10EE8C00337000232B80BDE8F08170471D540020A7
:10EE9C001F540020F85300201C540020803A0020FE
:10EEAC00801020202DE9F04F85B0CDE9011000290C
:10EEBC0000F0BF800023604CDFF89881DFF898A148
:10EECC005E4F009301235E4A23705E4B1978B8F8AD
:10EEDC00003002EB4119002B40F0A7801E461D4666
:10EEEC009B464846FFF7CEFE10F0800000F08C8069
:10EEFC00BFF34F8F9AF8003084F800B005B93E6824
:10EF0C00002B7DD13B689B1B782B00F287804E4BEE
:10EF1C001B78002B74D000F09DFA0122B8F8003059
:10EF2C0015462270002BDCD0464AC3F500601178E0
:10EF3C001A4600EBC120454DC9022844019D95425B
:10EF4C0017D20393DDE901512A46FEF78DFF039B8F
:10EF5C004FF040425B1BA8F800303D4BC3F88420B7
:10EF6C00BFF34F8F009800232844237005B0BDE8F1
:10EF7C00F08F364BCD180299FEF776FF00234FF435
:10EF8C00006229464846FFF743FEBFF34F8F05F159
:10EF9C00200205F50063934234BF012340234FF058
:10EFAC00E02205EB4313C2F8705F2035AB42FAD177
:10EFBC00BFF34F8FBFF36F8F04204946FFF740FE1E
:10EFCC00204A13780133DBB2032B84BF00231D4A84
:10EFDC001370B8F80030019AD11A009A1A440191B2
:10EFEC000092029A1A4400230292194AA8F800309F
:10EFFC00C2F88430BFF34F8F237000297FF462AFC7
:10F00C00009805B0BDE8F08F4FF400620D4B8AF804
:10F01C00000019781346A8F800208AE7012300980D
:10F02C008AF8003005B0BDE8F08F1A46C3F50060D1
:10F03C007FE70198E5E700BF1D5400200053002036
:10F04C00803A00201C5400201F54002080102020E7
:10F05C0000002E40F85300201B540020704700BFC6
:10F06C002D4B002180222D4870B51B7800242C4D8F
:10F07C008B422C4E0CBF40234FF400732B803380FB
:10F08C0001F086F8284A2146284B14704FF4807200
:10F09C0027481C8001F07CF8264A1021264B0220C0
:10F0AC00C2E90044C2E90244244AC3E90044147092
:10F0BC00234AC3E90244234B1C70234614602246A6
:10F0CC00FFF774FD2246318803201F4BFFF73CFDF0
:10F0DC002346012229880420FFF768FD20460134CD
:10F0EC00FFF70EFE082CF9D1184B00214A221848C4
:10F0FC00184C0460C3F88410C3F88020D3F848215E
:10F10C00154942F08072C3F8482121B1134A137893
:10F11C0043F00103137070BD20540020803A00208E
:10F12C00FA530020F65300201C540020F853002002
:10F13C00803900202852002038520020155400201D
:10F14C00245200201654002061CB000000002E40F9
:10F15C00E053002015CC00000000000022540020D9
:10F16C002DE9F04F4FF0E0234FF40032DFF8C8A048
:10F17C0083B0C3F88C218B469AF8004000294FD0FD
:10F18C008046E4B20027DFF8B490264BABEB0702C5
:10F19C0025491B78A34204F101043FD0092C234BD1
:10F1AC00404628BF00241E5D39F816C00CEB4623E0
:10F1BC0019441F4B33F81650A5EB0C05AA421CD270
:10F1CC000CEB462C18491B4C61440192FEF74CFE8B
:10F1DC00216839F816505846019AA1EB0B012A44C4
:10F1EC00394429F8162021604FF0E0234FF4003207
:10F1FC00C3F80C2103B0BDE8F08F2A462F44FEF76C
:10F20C0033FE0C49E3B230460A68A844521B0A602C
:10F21C008AF80030FFF774FDBB45B6D83846E3E7F3
:10F22C000846E1E7155400208000202048520020B9
:10F23C00285200202452002016540020385200205E
:10F24C000B4B0C4A12781978D3B28A420DD0013389
:10F25C0009480A4A092B0A4928BF0023C35C31F824
:10F26C00131002EB4323585C70474FF0FF3070478C
:10F27C0015540020165400204852002080002020F5
:10F28C0038520020044B10B51C680CB1204610BD40
:10F29C0000F0E0F8204610BD245200202DE9F84F74
:10F2AC00144E154D33782A78934221D0DCB2DFF816
:10F2BC005090DFF850B0DFF85080104F0134082C1C
:10F2CC005FFA84FA01D90024A24619F80400DBF88D
:10F2DC00003038F8102037F81010521A9B1ACBF85F
:10F2EC000030FFF70DFD86F800A02B78A342E5D186
:10F2FC00BDE8F88F16540020155400203852002019
:10F30C0048520020245200202852002000B583B01F
:10F31C0001210DF10700FFF723FF20B19DF8070035
:10F32C0003B05DF804FB4FF0FF30F9E7094B00B573
:10F33C0083B01B788DF807003BB101210DF107005C
:10F34C00FFF7B0FD03B05DF804FB03F0FF0003B062
:10F35C005DF804FB1F540020044B1B7803F0FF02E4
:10F36C000BB1FFF79FBD1046704700BF1F54002024
:10F37C002DE9F0410024DFF8448001230D4D274690
:10F38C000D4E88F80030337828462035A34204F11E
:10F39C00010405D0FFF776FC030658BF07F500679C
:10F3AC00042CF0D1BFF34F8F0023384688F800307F
:10F3BC00BDE8F081803A00201C5400201D54002030
:10F3CC002DE9F8431D4B1B7813B11D4D2A880AB942
:10F3DC00BDE8F8831B4EC2F500691B4933784A46D9
:10F3EC001A4C01EB43181A4F04EBC324012340467B
:10F3FC003B7021460023FFF70BFC04EB0902BFF323
:10F40C004F8F4FF0E023C3F8704F2034A242FAD84C
:10F41C00BFF34F8FBFF36F8F04204146FFF710FCF3
:10F42C0033780133DBB2032B88BF00233370002306
:10F43C002B80BFF34F8F3B70BDE8F8831F54002027
:10F44C00F85300201C540020803A0020801020200B
:10F45C001D5400202DE9F8432D4B1E7866B12D4F1D
:10F46C003B784BB90123F1073B7043D4B20726D448
:10F47C0000233B70730701D4BDE8F883264B1A6850
:10F48C00002AF9D0EFF30582002AF5D1EFF31085AD
:10F49C0072B61868002834D0204C2178002930D15D
:10F4AC000122227042691A60002A2ED0916105B99E
:10F4BC0062B600258368457798472570DCE7DFF84E
:10F4CC00648098F80030002BD2D00025DFF85890DB
:10F4DC002B4659F823400135236820461B69984771
:10F4EC0010B163699B68984798F80020EBB29A4278
:10F4FC00EFD8BDE7FFF7C6FE0028B7D0AFF300800A
:10F50C00B4E7002DB8D162B6B6E7054B1A60CEE76A
:10F51C00225400200454002010480020FF530020E7
:10F52C001C4800200054002020480020074A506A44
:10F53C00936A19468446506A936A9942F9D1844574
:10F54C00F7D1DB0B43EA4040704700BF00400D4051
:10F55C0008B5D0E900325BB1BAB10F4BA3FB021373
:10F56C00DB0803EB4303B2EB83030AD1012008BD94
:10F57C00094BA3FB0213DB0803EB4303B2EB83033E
:10F58C0001D0D21A4260F02AF0D800F097FE1C226B
:10F59C00034600201A6008BDABAAAAAA70B504469F
:10F5AC0038B319B1B2FA82F67609A2B9206800B361
:10F5BC006268F2B1184B194902FB03F3B1EBB30FBC
:10F5CC0017D3A368E3B90022012322606260A26012
:10F5DC00E260184670BD1D46049BC0E90012C36072
:10F5EC00FFF7B6FF03460028F3D06DB90123184688
:10F5FC0070BD00F063FE162200230260184670BD39
:10F60C00002100F0C5FDDEE7626831462068A56088
:10F61C0000F0BEFD0123DCE7ABAAAAAA555555158F
:10F62C0003460846194600F029BD00BF931E222B45
:10F63C0010B50C460CD80A2A03D000F0D1FC204699
:10F64C0010BD0028F9DA2D2301F8013B4042F4E704
:10F65C0000230B70184610BD024B0146186800F0D1
:10F66C000BB800BF30260020024B0146186801F091
:10F67C0029B900BF302600202DE9F04F01F10B060F
:10F68C00162E83B0044624D8102900F2BA8000F05C
:10F69C00A3FA102618220220B54F3A44A2F1080111
:10F6AC0053688B4200F0BA805A68D96822F0030282
:10F6BC001A449D68E9608D60516841F00101204653
:10F6CC00516003F1080500F08DFA284603B0BDE83F
:10F6DC00F08F36F0070600F19480B14200F2918071
:10F6EC0000F07AFAB6F5FC7FC0F09A81730A00F04C
:10F6FC008F80042B00F26F81B30903F1390003F101
:10F70C00380CC3009A4F3B44A3F108055B689D423B
:10F71C0006D10CE0002980F22781DB689D4206D0DF
:10F72C005A6822F00302911B0F29F3DD60463D69F4
:10F73C00DFF850C265457CD06A6822F00302931B47
:10F74C000F2B00F37B81002BC7E904CC80F26C817A
:10F75C00B2F5007F80F01A81D308796801334FEA43
:10F76C00521E012202FA0EF20A4357F833E0C5F892
:10F77C0008E007EBC3010839E9607A6047F83350B9
:10F78C00CEF80C50831001219940914257D8114268
:10F79C0006D120F003004900114200F10400FAD018
:10F7AC0007EBC0094D468646D5F80C80454508D177
:10F7BC001DE1002B80F22481D8F80C80454500F027
:10F7CC001681D8F8042022F00302931B0F2BF0DDD6
:10F7DC002046D8E9025408EB060146F00106C8F8A9
:10F7EC000460EC60A56043F00104C7E90411C1E9B1
:10F7FC0002CC4C6048F8023000F0F4F908F108052E
:10F80C0002E00C2323600025284603B0BDE8F08FEE
:10F81C004FF4007340204FF03F0C73E7D3689A42CB
:10F82C0008BF02307FF440AF3D69DFF858C1654531
:10F83C0082D17A688310012199409142A7D9BD6881
:10F84C006B6823F003094E4503D8A9EB06030F2B75
:10F85C007ADCDFF834B1474BDBF800201B6801324F
:10F86C00334405EB090A00F0338103F580530F3361
:10F87C0023F47F6828F00F084146204600F00CFD69
:10F88C00411C024600F0F380824500F2EE803A4BB8
:10F89C00196841441960084600F04E81DBF80010ED
:10F8AC00019301311BBFA2EB0A010918CBF8002010
:10F8BC00196012F0070B00F01781CBF108010A4414
:10F8CC00CBF5805190440831A1EB0801C1F30B0A30
:10F8DC0051462046009200F0DFFC421CDDE900237B
:10F8EC0000F04F81801A00EB0A081968BA6048F0E2
:10F8FC0001005144BD425060196000F02981B9F1FA
:10F90C000F0F40F227816868A9F10C0C2CF0070C42
:10F91C0000F0010040EA0C0068604FF0050E05EBAA
:10F92C000C00BCF10F0FC0E901EE00F232815068FF
:10F93C001546124B1A688A4238BF1960104B1A6868
:10F94C008A4238BF196094E0AA1943F0010346F0CB
:10F95C0001066E602046BA60536000F043F908352A
:10F96C00284603B0BDE8F08FD9681A44A1E600BF61
:10F97C0020220020304B0020004B0020284B002080
:10F98C002C4B00202822002028260020B2F5206FC6
:10F99C004FEA522363D3142B00F2B78003F15C01BE
:10F9AC00C9005B3307EB010E7958AEF1080E8E459A
:10F9BC0000F091804B6823F00303934202D98968CD
:10F9CC008E45F7D1D1F80CE07A68C5E9021ECEF865
:10F9DC000850CD60D6E6142B59D9542B00F29D80DB
:10F9EC00330B03F16F0003F16E0CC3008AE60EF1CA
:10F9FC00010E1EF0030F05F108057FF4D5AE51E0A2
:10FA0C00424445465368D8F80C1043F00103536048
:10FA1C0055F8083F2046D9608B6000F0E3F8F3E618
:10FA2C00F00806F1080237E62A442046536843F0F2
:10FA3C0001035360083500F0D5F8E5E6A919204616
:10FA4C0046F0010643F001046E60C7E90411C1E9F8
:10FA5C0002CC4C60AB5000F0C5F80835D4E69309E5
:10FA6C0003F13901C90038339CE7BD425FD0BD6852
:10FA7C00686820F003084645A8EB060302D80F2B54
:10FA8C003FF762AF204600F0ADF80025BCE603F16D
:10FA9C005C0003F15B0CC30034E659F808394B45A4
:10FAAC0040F0968010F0030F00F1FF30F5D17B6829
:10FABC0023EA01037B60490099423FF6C0AE19B9B5
:10FACC00BDE649000EF1040E1942FAD0704667E605
:10FADC0003F11008D0E69A104FF001087B6808FA81
:10FAEC0002F21A437A6070E702EB08014942C1F353
:10FAFC000B0A51462046009200F0CEFB431CDDE978
:10FB0C0000237FF4EFAEDA46EFE6542B25D8130B27
:10FB1C0003F16F01C9006E3344E7B3F5AA7F25D812
:10FB2C00F30B03F1780003F1770CC300EAE5294BE2
:10FB3C00186840441860B1E6CAF30B0CBCF1000F16
:10FB4C007FF4ACAEBD68C84448F001006860F0E6D4
:10FB5C001546EEE60123536094E7B3F5AA7F23D84C
:10FB6C00D30B03F17801C90077331BE740F25452F1
:10FB7C00934223D8B30C03F17D0003F17C0CC3003A
:10FB8C00C0E5ABF1080BD844A8EB02084FF0000A13
:10FB9C00ABE605F108012046009300F093FEBD682A
:10FBAC00009B68681968C4E640F254518B420BD82C
:10FBBC00930C03F17D01C9007C33F3E64FF47E73A3
:10FBCC007F204FF07E0C9DE54FF47E717E23E9E69D
:10FBDC007B6870E7004B0020014800F099BB00BF28
:10FBEC00FC4A0020014800F095BB00BFFC4A0020F5
:10FBFC0010B4044C03460A4620685DF8044B1946C1
:10FC0C0000F002B8302600202DE9F84F17460029E5
:10FC1C0000F098800C4607F10B058046FFF7DCFFDF
:10FC2C00162D54F8041C5BD810252A46AF425CD81C
:10FC3C0021F003069642A4F1080962DABC4BD3F812
:10FC4C0008C009EB0600844500F09780D0F804C08A
:10FC5C002CF0010303445B68DB0768D42CF0030C25
:10FC6C0006EB0C03934247DACB0710D454F8083C4C
:10FC7C00A9EB030ADAF8043023F003018C44B444F2
:10FC8C00944580F211817318934280F2E8803946D2
:10FC9C004046FFF7F1FC0746E0B154F8043C23F072
:10FCAC0001034B44A0F10802934200F0D280321FB2
:10FCBC00242A00F2F580132A00F2AC800346224677
:10FCCC00116819605168596092689A6021464046E3
:10FCDC0000F0F8FD4046FFF785FF3846BDE8F88F89
:10FCEC0025F00705002D2A46A0DA0C23C8F80030B1
:10FCFC0000273846BDE8F88F1E46D0E90223D360B2
:10FD0C009A60731B0F2B22D8D9F8043003F001032F
:10FD1C0033434E44C9F80430736843F001037360F5
:10FD2C0040462746FFF75EFF3846BDE8F88FC90707
:10FD3C00ADD454F8083CA9EB030ADAF8041021F00E
:10FD4C000301A0E7BDE8F84F1146FFF795BCD9F8C1
:10FD5C00042009EB050102F001024E4443F00103BB
:10FD6C002A43C9F804204B60736843F0010308313F
:10FD7C007360404600F0A6FDD2E7DCF8040020F0EA
:10FD8C00030B06EB0B0C05F1100084454DDAC9078B
:10FD9C003FF57DAF54F8081CA9EB010ADAF8041002
:10FDAC0021F003018B44B34458453FF76CAF5746E1
:10FDBC00DAF80C1057F8080F321F242AC16088603B
:10FDCC0000F2DB80132A40F2D6802168CAF80810B2
:10FDDC006168CAF80C101B2A00F2DF8008340AF1A3
:10FDEC0010022168116061685160A16891600AEB92
:10FDFC000501ABEB050242F0010299604A60DAF8AA
:10FE0C00043003F001032B434046CAF80430FFF7DB
:10FE1C00E9FE6EE723680360636843601B2A68D8B9
:10FE2C0004F1080200F108034AE709EB05029A60A5
:10FE3C00ACEB050343F00103536054F8043C03F0AE
:10FE4C0001032B43404644F8043CFFF7CBFE274606
:10FE5C004FE750F8043C23F003031E4451E7574688
:10FE6C00DAF80C1057F8080F321F242AC16088608A
:10FE7C004CD8132A48D92168CAF808106168CAF806
:10FE8C000C101B2A56D808340AF110021E4623689F
:10FE9C00136063685360A3689360D1463C4630E7B7
:10FEAC00214600F0F9F811E7D0E902135746CB6070
:10FEBC00996057F8081FDAF80C30CB60321F242AEF
:10FECC0099602DD8132A29D92368CAF80830636899
:10FEDC00CAF80C301B2A42D808340AF110032268E5
:10FEEC001A6062685A60A2689A606646D1463C46BF
:10FEFC0007E7A3688360E368C360242A26D004F173
:10FF0C00100200F11003DBE63A46BFE72146384603
:10FF1C001E46D14600F0C0F83C46F2E63B46DEE712
:10FF2C00214638466646D14600F0B6F83C46E8E62F
:10FF3C0020220020A168CAF81010E168CAF8141039
:10FF4C00242A20D010340AF118029FE72369036198
:10FF5C006169416104F1180200F11803B0E6A3686D
:10FF6C00CAF81030E368CAF81430242A21D01034AF
:10FF7C000AF11803B3E73A4633E72146384600F056
:10FF8C008BF8164B33E72269CAF818206269CAF855
:10FF9C001C2018340AF1200278E7A168CAF8101066
:10FFAC00E168CAF81410242A0DD010340AF1180292
:10FFBC0017E72369CAF818306369CAF81C3018347B
:10FFCC000AF120038BE72269CAF818206269CAF883
:10FFDC001C2018340AF1200203E700BF2022002065
:10FFEC00F0B5254FA2F1020E164605460C460FCF72
:04FFFC008BB0EC4694
:02000004600199
:10000000ACE80F000FCFACE80F0097E803004CF806
:10001000040BBEF1220F8CF800102ED804F1FF3E25
:1000200070464FF0000CB5FBF6F206FB1253283376
:100030006B44614613F828CC00F801CF2B469E4252
:1000400001F1010C1546EED9002304F80C3089B1FA
:10005000A44472461EF8010F1CF8015D8EF8005092
:10006000A4EB0E030232013B121B0B449A428CF8A4
:100070000000EEDB20460BB0F0BD002318462370D5
:100080000BB0F0BDFC06002013460A4601460220D4
:1000900000F08ABB024B1844407800F0080070471B
:1000A0002407002088420DD98B1883420AD900EB1F
:1000B000020CBAB1624613F801CD02F801CD9942A3
:1000C000F9D170470F2A0ED8034602F1FF3C4AB11E
:1000D0000CF1010C013B8C4411F8012B03F8012FAA
:1000E0006145F9D1704740EA01039B0750D1A2F165
:1000F000100370B501F1200C23F00F0501F1100E73
:1001000000F11004AC441B095EF8105C44F8105C6C
:100110005EF80C5C44F80C5C5EF8085C44F8085C23
:100120005EF8045C44F8045C0EF1100EE64504F140
:100130001004E9D1013312F00C0F01EB031102F0AE
:100140000F0400EB031327D0043C24F003064FEA0E
:10015000940C1E441C1F8E465EF8045B44F8045F3A
:10016000B442F9D10CF1010402F0030203EB840361
:1001700001EB840102F1FF3C4AB10CF1010C013B9F
:100180008C4411F8012B03F8012F6145F9D170BDA2
:1001900002F1FF3C03469BE72246EBE7830730B5BD
:1001A00048D0541E002A3FD0CAB2034601E0013CA9
:1001B0003AD303F8012B9D07F9D1032C2DD9CDB2E9
:1001C00045EA05250F2C45EA054536D9A4F110026C
:1001D00022F00F0C03F1200EE6444FEA121C03F14B
:1001E000100242E9045542E9025510327245F8D135
:1001F0000CF1010214F00C0F03EB021204F00F0CCF
:1002000013D0ACF1040323F003030433134442F886
:10021000045B9342FBD10CF003042CB1C9B21C4423
:1002200003F8011B9C42FBD130BD64461346002CF1
:10023000F4D1F9E703461446BFE71A46A446E0E7BF
:1002400040EA01039B0730B501D1032A0FD8844649
:1002500001F1FF3E07E01EF8011F03F8011B541EC9
:10026000C1B19C4622466346002AF4D130BD0B46FC
:100270008446194653F8045BA5F1013424EA0504C9
:1002800014F0803FE4D1043A032A4CF8045B194689
:10029000EFD8DDE79444002CE8D003F8011B634558
:1002A000FBD130BD38B5074D0022044608462A6010
:1002B000FEF72AF8431C00D038BD2B68002BFBD07A
:1002C000236038BDD8500020014B1868704700BF2C
:1002D0003026002070B50D4E0D4D761BB61006D0A1
:1002E000002455F8043B01349847A642F9D1094E41
:1002F000094D761B00F0FAFBB61006D0002455F825
:10030000043B01349847A642F9D170BD002000603B
:10031000002000601420006000200060704700BFD3
:10032000704700BF0000000000000000A2EB0300C7
:10033000704700BF02780B78012A28BF9A42F5D196
:100340006DE9044540EA0104CDE902676FF0000C55
:100350004FEA447212B380EA010414F0070F6AD125
:1003600000F0070420F0070004F0030521F0070166
:100370004FEAC505F0E8042314F0040FF1E8046720
:100380000CFA05F462EA040266EA04060AD063EA9B
:100390000403624667EA0407664603E0F0E80423C4
:1003A000F1E8046782FA4CF582EA0604A4FA8CF4B8
:1003B0006CBB83FA4CF583EA0705A5FA8CF595B971
:1003C00050E9022351E9026782FA4CF582EA0604F9
:1003D000A4FA8CF483FA4CF583EA0705A5FA8CF5A8
:1003E0002543DBD09CB92DBAB5FA85F424F0070477
:1003F00027FA04F1DDE9026723FA04F303F0FF00B2
:1004000001F0FF01FDE80445A0EB0100704724BAAC
:10041000B4FA84F424F0070426FA04F1DDE9026753
:1004200022FA04F202F0FF0001F0FF01FDE80445AA
:10043000A0EB0100704714F0030F3CD110F003044F
:1004400028D150F8082B51F8083B82FA4CF582EA83
:100450000305A5FA8CF55DB950F8042C51F8043C5D
:1004600082FA4CF582EA0305A5FA8CF5002DE8D056
:100470002DBAB5FA85F424F0070423FA04F122FA20
:1004800004F202F0FF0001F0FF01FDE80445A0EBDB
:10049000010070474FEAC40420F0030050F8082B15
:1004A00021F0030151F8083B0CFA04F462EA04025B
:1004B00063EA0403C9E710F003041AD0A1EB0401B6
:1004C00020F00300E40750F8042B06D00FD28B78FD
:1004D0005FFAA2F4E41A06D12BB1CB785FFAB2F43A
:1004E000E41A00D11BB920465DF8104B704701F1AA
:1004F000040150F8042BCC0721F0030151F8043B10
:1005000048D824D222F07F4482FA4CF594EA13258D
:10051000A5FA8CF50AD165B951F8043B84EA0204C6
:10052000B4EB036F0ED150F8042BEBE74FEA132323
:1005300055E035F07F454DD10878FDE80445C0F120
:10054000000070474FEA126203F0FF0347E002EA3F
:100550001C4482FA4CF594EA1345A5FA8CF50AD1AD
:1005600065B951F8043B84EA0204B4EB034F0CD1A3
:1005700050F8042BEBE74FEA134330E015EA1C4533
:1005800028D10B884FEA124229E04FEA124203EACF
:100590001C4324E002F0FF0482FA4CF594EA136550
:1005A000A5FA8CF50AD165B951F8043B84EA020436
:1005B000B4EB032F09D150F8042BEBE74FEA136398
:1005C0000DE015F0FF0F05D10B684FEA122223F062
:1005D0007F4304E04FF00000FDE80445704712BA85
:1005E0001BBA82FA4CF482EA0304A4FA8CF5B5FA39
:1005F00085F402FA04F203FA04F34FEA1260FDE80C
:100600000445A0EB1360704780EA0102844612F0B3
:10061000030F4FD111F0030F32D14DF8044D11F0FB
:10062000040F51F8043B0BD0A3F101329A4312F0AE
:10063000803F04BF4CF8043B51F8043B16D100BF87
:1006400051F8044BA3F101329A4312F0803FA4F118
:1006500001320BD14CF8043BA24312F0803F04BF9F
:1006600051F8043B4CF8044BEAD023460CF8013B0C
:1006700013F0FF0F4FEA3323F8D15DF8044B7047B6
:1006800011F0010F06D011F8012B0CF8012B002AF4
:1006900008BF704711F0020FBFD031F8022B12F0E3
:1006A000FF0F16BF2CF8022B8CF8002012F47F4F9E
:1006B000B3D1704711F8012B0CF8012B002AF9D1A6
:1006C000704700BF000000000000000090F800F03C
:1006D0006DE9024520F007016FF0000C10F00704EF
:1006E00091F820F040F049804FF000046FF00700CF
:1006F000D1E9002391F840F000F1080082FA4CF2B1
:10070000A4FA8CF283FA4CF3A2FA8CF34BBBD1E936
:10071000022382FA4CF200F10800A4FA8CF283FA68
:100720004CF3A2FA8CF3E3B9D1E9042382FA4CF238
:1007300000F10800A4FA8CF283FA4CF3A2FA8CF3CD
:100740007BB9D1E9062301F1200182FA4CF200F1D4
:100750000800A4FA8CF283FA4CF3A2FA8CF3002B73
:10076000C6D0002A04BF04301A4612BAB2FA82F286
:10077000FDE8024500EBD2007047D1E9002304F008
:100780000305C4F100004FEAC50514F0040F91F809
:1007900040F00CFA05F562EA05021CBF63EA0503A6
:1007A00062464FF00004A9E72DE9F047DFF87CA08E
:1007B0000646DAF8000098460F469146FFF7AEFD70
:1007C000184B1C6824B365681F2D24DC5EB96B1CB4
:1007D0000235DAF80000636044F82570FFF7A0FDE9
:1007E0000020BDE8F08704EB85010123C1F8889063
:1007F000D4F88821AB401A43022EC4F88821C1F8EE
:100800000881E4D1D4F88C211A43C4F88C21DEE7A6
:10081000054C1C60D7E7DAF80000FFF781FD4FF0C8
:10082000FF30DEE7644900206849002014220020E0
:10083000F8B5244F0C460646FFF7D4F9BB685D684F
:10084000C4F57E610F3125F003054B1923F47F6356
:1008500023F00F03A3F58054B4F5805F07DB00217C
:100860003046FFF71FFDBB682B44984204D030464A
:10087000FFF7BEF90020F8BD61423046FFF712FDD8
:1008800001300DD0104ABB682D1B45F001055D609D
:10089000136830461B1B1360FFF7AAF90120F8BD4F
:1008A00000213046FFF7FEFCBA68831A0F2BDEDD0D
:1008B00043F001035360054B03491B68C01A0860ED
:1008C000D5E700BF20220020004B00202826002072
:1008D000002961D0F8B50C460646FFF783F954F8B5
:1008E000042C7B4FA4F1080522F0010105EB010C5B
:1008F000B868DCF80430604523F0030300F08B8017
:10090000D207CCF8043032D454F8082CAD1A114474
:10091000AA6807F1080082426AD00CEB0304D4F8FD
:1009200004E0EC68D4601EF0010FA26000F0978034
:1009300041F001036B60CCF80010B1F5007F35D2B7
:100940007868CB080122490901338A40024357F8ED
:1009500033107A6007EBC302083AC5E9021247F880
:100960003350CD603046BDE8F840FFF741B90CEB9D
:1009700003025268D00710D4194407F10800DCF8CC
:100980000830834273D0DCF80C20DA60936041F0C9
:1009900001036B606950D0E7704741F00103B1F586
:1009A000007F44F8043CCCF80010C9D3B1F5206FA7
:1009B0004FEA512348D28B0903F1390003F1380281
:1009C000C300F818FB580838984259D05A6822F0EA
:1009D00003028A4202D99B689842F7D1D868C5E9D8
:1009E00002308560DD603046BDE8F840FFF700B9B1
:1009F0000CEB03025268D20763D40B44DCE9021209
:100A0000CA60916043F001026A603046EB50BDE875
:100A1000F840FFF7EDB80B44D10707D454F8082C81
:100A2000AD1A1344D5E90212CA60916043F0010285
:100A30006A60284ABD6012689A4293D8264B3046B5
:100A40001968FFF7F5FE8DE7142B0AD9542B1FD830
:100A50000B0B03F16F0003F16E02C300B1E7194401
:100A60008DE703F15C0003F15B02C300A9E741F0ED
:100A70000103C7E90455C5E902006B60695071E7DD
:100A800079689210012404FA02F20A437A60A6E718
:100A9000B3F5AA7F06D8CB0B03F1780003F17702F8
:100AA000C3008EE740F25452934206D88B0C03F1F8
:100AB0007D0003F17C02C30083E74FF47E737E2246
:100AC0007FE741F001036B60CCF800104AE700BFFC
:100AD000202200202C260020304B00205FF800F060
:100AE000891700605FF800F0091F00605FF800F0F0
:0C0AF000B11F00600000000000000000CA
:040AFC00F8B500BF8A
:080B00002CEBFF7F0100000057
:100B080000000000000000000000000000000000DD
:100B180000000000000000000000000000000000CD
:100B280000000000000000000000000000000000BD
:100B380000000000000000000000000000000000AD
:100B4800000000000000000000000000000000009D
:100B5800000000000000000000000000000000008D
:100B6800000000000000000000000000000000007D
:100B7800000000000000000000000000000000006D
:100B8800000000000000000000000000000000005D
:100B9800000000000000000000000000000000004D
:100BA800000000000000000000000000000000003D
:100BB800000000000000000000000000000000002D
:100BC800000000000000000000000000000000001D
:100BD800000000000000000000000000000000000D
:100BE80000000000000000000000000000000000FD
:100BF80000000000000000000000000000000000ED
:100C080000000000000000000000000000000000DC
:100C180000000000000000000000000000000000CC
:100C280000000000000000000000000000000000BC
:100C380000000000000000000000000000000000AC
:100C4800000000000000000000000000000000009C
:100C5800000000000000000000000000000000008C
:100C6800000000000000000000000000000000007C
:100C7800000000000000000000000000000000006C
:100C8800000000000000000000000000000000005C
:100C9800000000000000000000000000000000004C
:100CA800000000000000000000000000000000003C
:100CB800000000000000000000000000000000002C
:100CC800000000000000000000000000000000001C
:100CD800000000000000000000000000000000000C
:100CE80000000000000000000000000000000000FC
:100CF80000000000000000000000000000000000EC
:100D080000000000000000000000000000000000DB
:100D180000000000000000000000000000000000CB
:100D280000000000000000000000000000000000BB
:100D380000000000000000000000000000000000AB
:100D4800000000000000000000000000000000009B
:100D5800000000000000000000000000000000008B
:100D6800000000000000000000000000000000007B
:100D7800000000000000000000000000000000006B
:100D880000000000000000000000FF27100032FFF4
:100D980027100032FF27100032FF27100032000012
:100DA800000000000000000000000000000000003B
:100DB800520100000000000000000000FF271000A2
:100DC80032FF27100032FF27100032FF27100032B1
:100DD800000000000000000000000000000000000B
:100DE800000000000040004000400000E73BE73BF7
:100DF800E73B0000000000000100000003000000C5
:100E080002000000000000004C4F4144454421000E
:100E180053415645442100004D6573736167652051
:100E280028646973706C6179206F6666293A2000BE
:100E38005761746368646F67207472696767657265
:100E480065642120526573657474696E6720493240
:100E5800432E2E2E0000000044494E0046494C54B3
:100E680045520000434C000041530000415400002B
:100E7800555342204F555420524F555445000000B9
:100E88004C6F6E6720707265737320656E636F6454
:100E98006572203D2053617665000000454D45523E
:100EA80047454E43593A20466C757368696E67200A
:100EB800627566666572206F6E20696E7075742043
:100EC8000000000046494C54455220434820392D23
:100ED8003136000046494C20434820312D38000067
:100EE80046494C20434820392D31360041424300C1
:100EF800444953504C4159204F4E000044495350E7
:100F08004C4159204F4646004D49444920524553CB
:100F18004554000044697361626C65640000000018
:100F2800456E61626C6564002D2D2D204D49444944
:100F38002050726F63657373696E67204C617465C6
:100F48006E6379205265706F7274202D2D2D00000C
:100F5800496E707574200000205B4275663A000087
:100F68005D3A20004176673D0000000075732C2033
:100F78004D61783D0000000075732C204D696E3D71
:100F88000000000075732C204D7367733D0000004E
:100F98004E6F206461746100555342204D494449A5
:100FA8003A20000075732C2053616D706C65733D99
:100FB8000000000053797374656D20537461747573
:100FC800733A200045585452454D45204C4F4144F2
:100FD8000000000048494748204C4F4144000000A9
:100FE8004E6F726D616C00002C20446973706C61E7
:100FF800793A2000506173732D7468726F75676851
:10100800000000002C20546F74616C206D736773AE
:101018003A2000002C20576F727374206C6174653D
:101028006E63793A20000000757300002C20555338
:1010380042204368616E6E656C204D61736B3A2087
:1010480000000000493243206572726F72206465A7
:101058007465637465642C20726573657474696E55
:101068006720576972650000555342204455504C1B
:1010780049434154450000004D554C544900000077
:10108800504153530000000000190000E1AB00007C
:101098000000000074C00F40C00000000000000005
:1010A8000200000050851F400100000034000000CD
:1010B8000200000050851F400000000001000000F1
:1010C8000200000054851F400100000035000000A8
:1010D8000200000054851F4000000000FF0040008F
:1010E800260018007C00000041AC000045AC000060
:1010F80049AC00004DAC00000000000000000000FA
:101108004582000031010000F18100003501000036
:10111800E981000000000000000000004582000096
:1011280031010000F181000035010000E981000073
:10113800000000000000000095AE0000F9CA0000A1
:10114800F5CA0000F1CA0000EDCA0000E9CA0000B3
:10115800E5CA0000E1CA000000000000000000002D
:1011680091AA00001DAF000075A40000CDA50000E5
:1011780095A4000039A50000BDA4000051A60000F8
:10118800E9A5000071A400000000000000000000B4
:101198008D0100009D020000290100002D010000C2
:1011A80000000000000000008D0100009D0200000A
:1011B800290100002D0100000000000000000000CF
:1011C8005101000071010000000000000000000053
:1011D800418B00006D8B0000290100003D8B000051
:1011E800F98A0000058B0000258B000039010000FA
:1011F8003D010000450100004D010000303132334F
:101208003435363738396162636465666768696A98
:101218006B6C6D6E6F707172737475767778797A9E
:101228000000000000202020202020202020282846
:10123800282828202020202020202020202020208E
:1012480020202020208810101010101010101010CE
:1012580010101010100404040404040404040410FE
:10126800101010101010414141414141010101018C
:101278000101010101010101010101010101010156
:101288001010101010104242424242420202020262
:101298000202020202020202020202020202020226
:1012A80010101010200000000000000000000000D6
:1012B8000000000000000000000000000000000026
:1012C8000000000000000000000000000000000016
:1012D8000000000000000000000000000000000006
:1012E80000000000000000000000000000000000F6
:1012F80000000000000000000000000000000000E6
:1013080000000000000000000000000000000000D5
:1013180000000000000000000000000000000000C5
:10132800000000000000000000000042C8801F40CC
:10133800B8821F400800000000000042C4801F401F
:10134800B4821F400400000000C0004224801F40F7
:1013580014821F401000000000C0004228801F4077
:1013680018821F402000000000C000422C801F404F
:101378001C821F404000000000C0004234801F4013
:1013880024821F40000100000040004264811F4089
:1013980054831F40000400000040004280811F4029
:1013A80070831F4000000200004000427C811F4003
:1013B8006C831F40000001000040004268811F400C
:1013C80058831F4000080000004000423C811F4035
:1013D8002C831F40010000000040004244811F4050
:1013E80034831F40040000000040004240811F4039
:1013F80030831F40020000000040004248811F4027
:1014080038831F40080000000000004204811F408C
:10141800F4821F40000004000000004208811F40C1
:10142800F8821F40000008000000004218811F4099
:1014380008831F40000080000000004214811F4004
:1014480004831F40000040000000004200811F404C
:10145800F0821F400000020000000042FC801F4094
:10146800EC821F40000001000000004224811F4060
:1014780014831F40000000040000004228811F4020
:1014880018831F4000000008000000421C811F4014
:101498000C831F40000000010000004220811F4013
:1014A80010831F400000000200000042EC801F4033
:1014B800DC821F400010000000000042F0801F4046
:1014C800E0821F40002000000000004234811F40DD
:1014D80024831F40000000400000004238811F4064
:1014E80028831F40000000800080004294801F4035
:1014F80084821F400000040000C0004290801F400A
:1015080080821F400000008000800042A8801F40A9
:1015180098821F400000800000800042A4801F4085
:1015280094821F4000004000004000426C811F4030
:101538005C831F400010000000C0004230801F4044
:1015480020821F408000000000400042B0811F4000
:10155800A0831F400000002000400042AC811F40D3
:101568009C831F40000000100040004284811F40FF
:1015780074831F40000004000040004288811F401F
:1015880078831F4000000800000000422C811F40A3
:101598001C831F40000000100000004230811F40E3
:1015A80020831F4000000020000000420C811F40E3
:1015B800FC821F40000010000000004210811F4004
:1015C80000831F400000200000800042C8811F40A7
:1015D800B8831F400080000000800042C4811F4083
:1015E800B4831F400040000000800042C0811F40BB
:1015F800B0831F400020000000800042BC811F40D3
:10160800AC831F400010000000800042D0811F40C2
:10161800C0831F400000020000800042CC811F40B0
:10162800BC831F400000010000C0004274801F40BE
:1016380064821F400000000100C0004280801F40FB
:1016480070821F400000000800C0004284801F40D4
:1016580074821F400000001000C000426C801F40D0
:101668005C821F400000400000C000427C801F4098
:101678006C821F400000000400C0004278801F40B8
:1016880068821F400000000200C0004288801F409E
:1016980078821F40000000205245424F4F540000FE
:1016A800456E746572696E6720626F6F746C6F61E6
:1016B8006465722E2E2E0000424F4F544C4F414409
:1016C800455200005761726E696E673A204469732B
:1016D800706C61792075706461746520746F6F6BCC
:1016E800200000005761726E696E673A204C6F6F78
:1016F8007020746F6F6B2000757320617420000078
:1017080020287468726573683A00000075732900B0
:10171800205B45585452454D45204C4F4144204D7F
:101728004F44455D00000000205B48494748204C75
:101738004F4144204D4F44455D0000004D494E4403
:101748004255524E455200004D454455534120499B
:1017580049000000566572207E2031322047202B38
:1017680000000000536574757020636F6D706C65C0
:101778007465202D2077616974696E6720666F72C1
:1017880020737461727475702073637265656E205E
:1017980074696D656F757400C19E0000A99E000094
:1017A800299E00005F00030204040204050B0BFFDE
:1017B800FE08FE08FE015302BD03F4200500E604FE
:1017C800210681E3C4252207233B45A20423107682
:1017D800A2559225D12025C920255912012410A5EA
:1017E8009E55B654946C4BA244A96C1100251088E0
:1017F800628ED49229799C275A12951400260D8658
:10180800238E16B56951A2259129270621BA84008D
:10181800280BA31A551225515B9405290CA31B45C7
:101828001665514B9444002A07333645D2012B0ADA
:1018380055A655180D5218012C0732DA4CA2002D66
:1018480006132EC5002E0611E344002F0A83E25426
:10185800256A892200300A85A2CD92F9962C00319A
:101868000782A3CDD207320C85A2CD928525290BFC
:101878000701330C85A2CD9285911A6AC902340EEC
:1018880085A25D262551524A062D4C00350C85A2AD
:10189800CD9084E11A6AC902360C85A2CD9289439B
:1018A80092D99205370B85A2C52066C52CAC0138A4
:1018B8000C85A2CD9269C992D99205390C85A2CD21
:1018C80092D99221D492053A0661E344183B0982E1
:1018D800DA4C0E250A003C0753A755522B3D083415
:1018E8006AC5100E013E0853A7455629013F0B84CF
:1018F800A38D1265512D8F0040169ADEDE20A65169
:10190800A4245249C92225AA448A96638306410E13
:1019180087E25D9C2661929506255503420D85E375
:10192800C59064DAA064B64101430C8623CE908446
:101938006AC7644800440D8623C6106549E82D1916
:101948002200450A85E3C5311CC6E220460A85A364
:10195800C5311C92B011470C8623CE90846A6D1451
:101968009341480A862346681C06D131490681E31B
:10197800C4414A0984625D6F52A2004B0D85E3455C
:101988002625A5A9122599164C0884A345D6B72162
:101998004D10876346BA0DD952512A522445520137
:1019A8004E0F862386B6299112498994689B004F69
:1019B8000B8623CE90843E264302500C85E3C590C7
:1019C80064DAA0848D005112971FCE10854998843F
:1019D800499844494D1AF400520C85E3C59064DADD
:1019E800A0646E01530C85E3CD92A9ABA6250B002C
:1019F80054098562C520857D02550A862346E8C7B5
:101A0800644800560F87E245AA2659944559254C43
:101A1800D20C5710896246966995A82F6DC52CCCB3
:101A28002200580D85E345A625B54A94D4B400593B
:101A38000E87E2459A645156099334AE015A0B85D4
:101A4800E3C52066C5AC38085B08A2DBC4D22F0208
:101A58005C0A83E24494456D51005D08A2DA84D2A1
:101A68002F035E0A55AE55982551520B5F06169AFC
:101A7800C501600622FE4414610C6562C51A2D5129
:101A880012454A00620C85A245583169DAA428003B
:101A9800630A64628D1269A54401640A85A265C55A
:101AA800B4991425650B64628D120D5B9428006649
:101AB8000A842295124D592700670C859A8D69333F
:101AC800294A982C00680A85A2455831696E01692F
:101AD8000781A244320C6A09A2994C96F4A2006BC1
:101AE8000C846245565212292949016C0681A2C408
:101AF800416D0E6722C6A244911449911449056E9E
:101B08000965A24562D2DC026F0A65A2CD92B925A9
:101B18000B00700C859A4562D2B44951C210710A03
:101B2800859A8D6933294A587209632245B2444D12
:101B380000730B64628D1225A2942800740A832214
:101B48004D942C5193007508646245E42919760C6C
:101B580065A245A625A5240B2300770E6722461407
:101B68004995A6A496844904780A65A24596D42A7C
:101B7800352D790E85594D94444929C9B430D20080
:101B88007A0A6462C590456D43007B0AA3DA541251
:101B980055B2A82D7C07A1DBC443007D0BA3DA4412
:101BA80016D592A825027E0726EE8D640100000056
:101BB80004FFFF00000000005F00030204050305A6
:101BC800060F11FFFC0CFC0CFC01D7040B059C2034
:101BD8000500184B2107C10C4BBC082208448A4D4C
:101BE800444E012317B808D345611446D13044C583
:101BF800288CA261888A511865002418F7EAD285D2
:101C0800831245522485492AAB491849915419C46D
:101C180038032516CC08DDAC51D64FE994833996A4
:101C280083D11A65FD942E002616CA08D7E9511AE1
:101C3800B646B99E4459254AB3542B656300270814
:101C48004288470C4901280C03CB4C255125EAB79B
:101C5800A816290D03CB4C64512DEA97A812012A26
:101C68000A55784D552A53520B2B12990855E648B8
:101C78008EE448381C7324477224042C0842EAC8AE
:101C88005414002D0714484B0C012E06210C49084A
:101C98002F0CC408CB95B2A6AC94D5003010C70A57
:101CA800536DA52C497D4DB228CB26003109C30EB2
:101CB800535596A83F3210C70A536D95548DD3A239
:101CC80098C6F130043310C70A536D9554ADEDB979
:101CD800AA265936013413C80853AA499A845118B8
:101CE800659DC26818D4BC043511C70A530D529CAF
:101CF800C643568F6335C9B2093612C70A530D5108
:101D0800A8CAC9A425A96B92651300370FC8085340
:101D18001CF4B81EE7715ECE53003812C70A536D23
:101D280095544DB26CABA4D624CB26003911C70A02
:101D3800536D95D435C9A42556C56888003A0791CE
:101D48000C49A8023B0AB2EAC8D4C12451003C0E8F
:101D58009908D5ABCE39A4433AA443023D0A482892
:101D6800551C74D230083E0F990A55E8900EE99038
:101D78000EC5AA3B003F0EC70A536D95548DD3E696
:101D88001CAE014023EDEAE20EB928E648140E49DC
:101D980014699116465298496126855112994A93B9
:101DA80096C3AA3C88004117CA0857EA881EC5513D
:101DB8001CA561DB304871142739A223014215C9DB
:101DC8000A57DCD2284EE2248D86218A93DC391901
:101DD80086084318CA0A590EA118E5498EE4500E20
:101DE800E5508EE5501E89E910014417CA0A591CAE
:101DF80053294FF2244774444774444FF22495867C
:101E080011450CC80A57BCB70FF7EEC320460CC7DC
:101E18000A551CE4E661907B064717CA0A5BAE9A2E
:101E2800942739924339140E3B524F62494BC229C9
:101E3800480CC90A59E4DE8783EE7B004906C10ACB
:101E4800497C4A0BC608D1F6AB684C86044B15C8CA
:101E58000A57C46A124659294C44296B8CD2244D1E
:101E6800E2004C0AC70A53C4FDE761084D1DCB0ABE
:101E78005BE4D03EE44B9A2869A2A48994455216A3
:101E88004959A42599966462014E15C90A59E4B3C3
:101E9800922AA9146A999689919AA889BC074F171A
:101EA800CB0A5BCE9A96477992433AA4433A94E494
:101EB800519E994700500EC80C579CD224B626C391
:101EC80094F70E511ADBFA5ACE9A96477992433A0A
:101ED800A4433A94E4511865E6250713005217C93C
:101EE8000C59DCD2284EE2248D862D8DE2244EE258
:101EF800244EF2005316C90A570D5A9AE47A9243AF
:101F08003AB44349AE27693648005417C908553CC6
:101F1800E6488EE4488EE4488EE4488EE4488E8491
:101F280000550CC90A59E4FE7B926683045616CA0A
:101F38000857E4888E94A3388AB3B0358AA338CA80
:101F48007544045720CD0A5FA4A99AAA952CC9A262
:101F58002CC9A22CC92A591226591226599296D34D
:101F680038CD005816C80A57C4491885591446A9C7
:101F7800AC466194855198C4015916C90A57E44979
:101F88001AA559314B9378CF911CC9911C09015A54
:101F98000FC908D50C839EEB75BDAED787035B0AC6
:101FA800F3DA4A0C51FFA7015C0CC4084B6461D6F4
:101FB8009815B3025D0AF3D84A4CFD9F86005E0E61
:101FC8007758D1A5499864A52C49D5005F0619D83A
:101FD800523C600833A84D445A006112980AD30C49
:101FE800529AC7D29054933409A52111620FC70A97
:101FF80053C42D9396A45EB7249900630D970A5194
:102008006D95546E4DB26C02640EC70A53372DB5E8
:10201800D56B92494B00650F970A536D95541DCEA9
:102028006992651300660CC40A4B29593424593F38
:10203800016711D7CA522DB5D56B92494BAC8AD1DD
:102048001001680CC70A53C42D4322AA7E0D6908E3
:10205800C10A4728C3016A0A03C74855A3FED30229
:102068006B12C70851C48D4916D592708CB252981C
:10207800A4016C06C10A477C6D139B0C5D24D3A296
:10208800194331144331144331140B6E0B970A531F
:10209800244322AA7E0D6F0D970A536D95D46B9237
:1020A8006513007010D7CA52249396A45EB724997A
:1020B800E26600710ED7CA522DB5D56B92494BDC3A
:1020C80001720A940A4B244394F50D730E960AD1B3
:1020D8000C4928CEF228264302740BB40ACB64D1EB
:1020E80090647D14750B970A53A4FEA80C490076DA
:1020F80011970851A46A9245599455C2245C33003B
:1021080077159B085984A158C94AD1D412654963E7
:10211800D29AC559067810970851A449166595B4FE
:102128009295B2240D7912C7D850A46A92455925C0
:102138004CC2354EE350057A0B960A515CC3D6B0B3
:102148003A0C7B0C03CB4C25512F59D4B7007C0794
:1021580001CB48FC107D0C03CB4C64516F49D497DC
:10216800087E08284AD56CDA0200000004FFFF0048
:10217800000000001815A115C819FF001815A015B2
:10218800C019FF001815AE15D5168015A8163F15ED
:10219800D316001540158D16141520160015A11517
:1021A800C815DA1612158116CF15D916F115DB16D2
:1021B80040152E15A415A619FF0000001815AF1913
:1021C800FF0000001815AE19FF0000000001140AF6
:1021D8006464323200127A00000428961008000065
:1021E80080004000000100003C2600201200000092
:1021F80000060000002200600A0000000002000043
:102208009C21006062000000000700003821006087
:1022180062000000EE030000882800201200000081
:10222800000004EE602800202800000000030000E1
:102238003421006000000000010309041C21006033
:1022480000000000020309040421006000000000EF
:1022580003030904FC28002000000000000000001F
:102268000000000000000000000000000000000066
:1022780000000000344B00209C4B0020044C002040
:102288000000000000000000000000000000000046
:102298000000000000000000000000000000000036
:1022A8000000000000000000000000000000000026
:1022B8000000000000000000000000000000000016
:1022C8000000000000000000000000000000000006
:1022D80000000000000000000000000000000000F6
:1022E80000000000000000000000000000000000E6
:1022F80000000000000000000000000000000000D6
:1023080000000000000000000100000000000000C4
:102318000E33CDAB34126DE6ECDE05000B00000089
:1023280000000000000000000000000000000000A5
:102338000000000000000000000000000000000095
:102348000000000000000000000000000000000085
:102358000000000000000000000000000000000075
:102368000000000000000000000000000000000065
:102378000000000000000000000000000000000055
:102388000000000000000000000000000000000045
:102398000029DE07007B9A1738060020000000009D
:1023A800E8030000000000006006002000000000B4
:1023B800E8030000000000000080194088050020A4
:1023C800000000002C4500202C43002000000000E5
:1023D8000000000040000000400000004000000035
:1023E80040000000000000000000000000000000A5
:1023F80000000000000000000000000000000000D5
:10240800000000000000000060060020000000003E
:10241800E8030000000000000000194088200020A8
:10242800000000006C4500206C4300200000000004
:102438000000000028000000400000002800000004
:102448004000000000000000000000000000000044
:102458000000000000000000000000000000000074
:1024680000000000000000006006002000000000DE
:10247800E80300000000000000801840C81F00208A
:102488000000000094450020AC430020000000003C
:1024980000000000280000004000000028000000A4
:1024A80040000000000000000000000000000000E4
:1024B8000000000000000000000000000000000014
:1024C800000000000000000060060020000000007E
:1024D800E80300000000000000C018402820002089
:1024E80000000000BC450020EC4300200000000074
:1024F8000000000028000000400000002800000044
:102508004000000000000000000000000000000083
:1025180000000000000000000000000000000000B3
:10252800000000000000000060060020000000001D
:10253800E80300000000000000001A40A821002065
:1025480000000000E44500202C44002000000000AA
:1025580000000000280000004000000028000000E3
:102568004000000000000000000000000000000023
:102578000000000000000000000000000000000053
:1025880000000000000000006006002000000000BD
:10259800E80300000000000000401840681F002009
:1025A800000000000C4600206C44002000000000E1
:1025B8000000000028000000400000002800000083
:1025C80040000000000000000000000000000000C3
:1025D80000000000000000000000000000000000F3
:1025E800000000000000000060060020000000005D
:1025F800E80300000000000000C019404821002046
:102608000000000034460020AC4400200000000018
:102618000000000028000000400000002800000022
:102628004000000000000000000000000000000062
:102638000000000000000000000000000000000092
:1026480000000000000000006006002000000000FC
:10265800E80300000000000000401940E8200020C6
:10266800000000005C460020EC4400200000000050
:1026780000000000280000004000000028000000C2
:102688004000000000000000000000000000000002
:102698000000000000000000000000000000000032
:1026A8000000000000000000D0060020000000002C
:1026B800E80300000000000000003F40B420006074
:1026C8000000000000000000000000000000000002
:1026D80000000000000000000000000000000000F2
:1026E80000000000000000000000000000000000E2
:1026F80000000000000000000000000000000000D2
:1027080000000000000000000000000000000000C1
:1027180000000000000000000000000000000000B1
:1027280000000000000000000000000000000000A1
:102738000000000000000000000000000000000091
:102748000000000000000000000000000000000081
:102758000000000000000000000000000000000071
:102768000000000000000000000000000000000061
:102778000000000000000000000000000000000051
:102788000000000000000000000000000000000041
:102798000000000000000000000000000000000031
:1027A8000000000000000000000000000000000021
:1027B8000000000000000000000000000000000011
:1027C8000000000000000000000000000000000001
:1027D80000000000000000000000000000000000F1
:1027E8000000000000000000D006002000000000EB
:1027F800E80300000000000000803F406420006003
:1028080000000000000000000000000000000000C0
:1028180000000000000000000000000000000000B0
:1028280000000000000000000000000000000000A0
:102838000000000000000000000000000000000090
:102848000000000000000000000000000000000080
:102858000000000000000000000000000000000070
:102868000000000000000000000000000000000060
:102878000000000000000000000000000000000050
:102888000000000000000000000000000000000040
:102898000000000000000000000000000000000030
:1028A8000000000000000000000000000000000020
:1028B8000000000000000000000000000000000010
:1028C8000000000000000000000000000000000000
:1028D80000000000000000000000000000000000F0
:1028E80000000000000000000000000000000000E0
:1028F80000000000000000000000000000000000D0
:1029080000000000000000000000000000000000BF
:1029180000000000000000000000000000000000AF
:102928000000000000000000D006002000000000A9
:10293800E80300000000000000C03F4014200060D1
:10294800000000000000000000000000000000007F
:10295800000000000000000000000000000000006F
:10296800000000000000000000000000000000005F
:10297800000000000000000000000000000000004F
:10298800000000000000000000000000000000003F
:10299800000000000000000000000000000000002F
:1029A800000000000000000000000000000000001F
:1029B800000000000000000000000000000000000F
:1029C80000000000000000000000000000000000FF
:1029D80000000000000000000000000000000000EF
:1029E80000000000000000000000000000000000DF
:1029F80000000000000000000000000000000000CF
:102A080000000000000000000000000000000000BE
:102A180000000000000000000000000000000000AE
:102A2800000000000000000000000000000000009E
:102A3800000000000000000000000000000000008E
:102A4800000000000000000000000000000000007E
:102A5800000000000000000000000000000000006E
:102A68000000000000000000051400001DAC00007C
:102A7800000000007CC00F400000000319000000A7
:102A8800020000000000000000000000FF0000003D
:102A9800FF00000000000000000000001800000017
:102AA800020000000000000000000000FF0000001D
:102AB800FF0000000000000000000000FF004000D0
:102AC800260018007700000002150000F9AB00008E
:102AD8000000000068C00F40000000300F00000038
:102AE800020000002C851F4001000000FF000000CC
:102AF800FF00000000000000000000000E000000C1
:102B08000200000030851F4001000000FF000000A7
:102B1800FF00000000000000000000001302400059
:102B280026001800780000000316000005AC00001D
:102B38000000000068C00F400030000010000000D6
:102B48000200000038851F4000000000FF00000060
:102B5800FF0000000000000000000000110000005D
:102B6800020000003C851F4000000000FF0000003C
:102B7800FF0000000000000000000000FF0040000F
:102B8800260018007900000001170000EDAB0000D6
:102B9800000000006CC00F400000000307000000A8
:102BA8000200000040851F4002000000FF000000F6
:102BB800FF00000000000000000000000800000006
:102BC8000200000044851F4002000000FF000000D2
:102BD800FF0000000000000000000000FF004000AF
:102BE800260018007A0000000718000035AC000025
:102BF8000000000074C00F400C000000220000001C
:102C08000100000048851F4001000000300000005E
:102C18000200000048851F4000000000230000005B
:102C2800010000004C851F4001000000FF0000006B
:102C3800FF00000000000000000000003202400019
:102C4800260018007B000000061A000029AC0000CE
:102C5800000000007CC00F400000000C1C000000B9
:102C68000200000058851F4001000000FF0000001E
:102C7800FF00000000000000000000001D00000030
:102C8800020000005C851F4001000000FF000000FA
:102C9800FF0000000000000000000000FF004000EE
:102CA800260018007D000000041B000011AC000085
:102CB8000000000080C00F4000C0000015000000A8
:102CC8000200000060851F40010000002E00000087
:102CD8000200000060851F40000000001400000092
:102CE8000200000064851F40010000002F00000062
:102CF8000200000064851F40000000002B02400015
:102D0800260018007E000000FFFFFFFF19FCFFFFF0
:102D180001000000F84A0020803020200000000058
:102D280000000000000000002022002020220020D7
:102D380028220020282200203022002030220020D3
:102D48003822002038220020402200204022002083
:102D58004822002048220020502200205022002033
:102D680058220020582200206022002060220020E3
:102D78006822002068220020702200207022002093
:102D88007822002078220020802200208022002043
:102D980088220020882200209022002090220020F3
:102DA8009822002098220020A0220020A0220020A3
:102DB800A8220020A8220020B0220020B022002053
:102DC800B8220020B8220020C0220020C022002003
:102DD800C8220020C8220020D0220020D0220020B3
:102DE800D8220020D8220020E0220020E022002063
:102DF800E8220020E8220020F0220020F022002013
:102E0800F8220020F82200200023002000230020C0
:102E1800082300200823002010230020102300206E
:102E2800182300201823002020230020202300201E
:102E380028230020282300203023002030230020CE
:102E4800382300203823002040230020402300207E
:102E5800482300204823002050230020502300202E
:102E680058230020582300206023002060230020DE
:102E7800682300206823002070230020702300208E
:102E8800782300207823002080230020802300203E
:102E980088230020882300209023002090230020EE
:102EA8009823002098230020A0230020A02300209E
:102EB800A8230020A8230020B0230020B02300204E
:102EC800B8230020B8230020C0230020C0230020FE
:102ED800C8230020C8230020D0230020D0230020AE
:102EE800D8230020D8230020E0230020E02300205E
:102EF800E8230020E8230020F0230020F02300200E
:102F0800F8230020F82300200024002000240020BB
:102F18000824002008240020102400201024002069
:102F28001824002018240020202400202024002019
:102F380028240020282400203024002030240020C9
:102F48003824002038240020402400204024002079
:102F58004824002048240020502400205024002029
:102F680058240020582400206024002060240020D9
:102F78006824002068240020702400207024002089
:102F88007824002078240020802400208024002039
:102F980088240020882400209024002090240020E9
:102FA8009824002098240020A0240020A024002099
:102FB800A8240020A8240020B0240020B024002049
:102FC800B8240020B8240020C0240020C0240020F9
:102FD800C8240020C8240020D0240020D0240020A9
:102FE800D8240020D8240020E0240020E024002059
:102FF800E8240020E8240020F0240020F024002009
:10300800F8240020F82400200025002000250020B6
:103018000825002008250020102500201025002064
:103028001825002018250020202500202025002014
:1030380028250020282500203025002030250020C4
:103048003825002038250020402500204025002074
:103058004825002048250020502500205025002024
:1030680058250020582500206025002060250020D4
:103078006825002068250020702500207025002084
:103088007825002078250020802500208025002034
:1030980088250020882500209025002090250020E4
:1030A8009825002098250020A0250020A025002094
:1030B800A8250020A8250020B0250020B025002044
:1030C800B8250020B8250020C0250020C0250020F4
:1030D800C8250020C8250020D0250020D0250020A4
:1030E800D8250020D8250020E0250020E025002054
:1030F800E8250020E8250020F0250020F025002004
:10310800F8250020F82500200026002000260020B1
:10311800082600200826002010260020102600205F
:103128001826002018260020FFFFFFFF00000200DD
:1031380070170020010101000101010012010002C5
:10314800EF020140C016830480020102030100005F
:1031580000000000800000000101010101010101DF
:1031680051BB000051BB000051BB000051BB000027
:1031780051BB000051BB000051BB000051BB000017
:1031880051BB000051BB000051BB000051BB000007
:1031980051BB000051BB000051BB000051BB0000F7
:1031A80051BB000051BB000051BB000051BB0000E7
:1031B80051BB000051BB000051BB000051BB0000D7
:1031C80051BB000051BB000051BB000051BB0000C7
:1031D80051BB000051BB000051BB000051BB0000B7
:1031E80051BB000051BB000051BB000051BB0000A7
:1031F80051BB000051BB000051BB000051BB000097
:1032080051BB000051BB000051BB000051BB000086
:1032180051BB000051BB000051BB000051BB000076
:1032280051BB000051BB000051BB000051BB000066
:1032380051BB000051BB000051BB000051BB000056
:1032480051BB000051BB000051BB000051BB000046
:1032580051BB000051BB000051BB000051BB000036
:1032680051BB000051BB000051BB000051BB000026
:1032780051BB000051BB000051BB000051BB000016
:1032880051BB000051BB000051BB000051BB000006
:1032980051BB000051BB000051BB000051BB0000F6
:1032A80051BB000051BB000051BB000051BB0000E6
:1032B80051BB000051BB000051BB000051BB0000D6
:1032C80051BB000051BB000051BB000051BB0000C6
:1032D80051BB000051BB000051BB000051BB0000B6
:1032E80051BB000051BB000051BB000051BB0000A6
:1032F80051BB000051BB000051BB000051BB000096
:1033080051BB000051BB000051BB000051BB000085
:1033180051BB000051BB000051BB000051BB000075
:1033280051BB000051BB000051BB000051BB000065
:1033380051BB000051BB000051BB000051BB000055
:1033480051BB000051BB000051BB000051BB000045
:1033580051BB000051BB000051BB000051BB000035
:103368002800000000010400010000000000000027
:10337800020157494E55534200000000000000006A
:10338800000000000000000012034D00530046003A
:103398005400310030003000F80000000101010045
:1033A800A8180020145100200000000000000000B0
:1033B80008190020585100200100000000000000FA
:1033C800681900209C510020020000000000000045
:1033D80014510020585100209C510020A8180020AA
:1033E8000819002068190020C8190020281A002090
:1033F800881A0020E81A0020481B00200C0300004F
:1034080000000000000000000000000000000000B4
:1034180000000101010100000000000000000000A0
:103428000000000000000000000000000000000094
:103438000000000000000000000000000000000084
:103448000000000000000000000000000000000074
:103458000000000000000000000000000000000064
:103468000000000000000000000000000000000054
:103478000000000000000000000000000000000044
:103488000000000000000000000000000000000034
:103498000000000000000000000000000000000024
:1034A8000000000000000000000000000000000014
:1034B8000000000000000000000000000000000004
:1034C80000000000000000000000000000000000F4
:1034D80000000000000000000000000000000000E4
:1034E80000000000000000000000000000000000D4
:1034F80000000000000000000000000000000000C4
:1035080000000000000000000000000000000000B3
:1035180000000000000000000000000000000000A3
:103528000000000000000000000000000000000093
:103538000000000000000000000000000000000083
:103548000000000000000000000000000000000073
:103558000000000000000000000000000000000063
:103568000000000000000000000000000000000053
:103578000000000000000000000000000000000043
:103588000000000000000000000000000000000033
:103598000000000000000000000000000000000023
:1035A8000000000000000000000000000000000013
:1035B8000000000000000000000000000000000003
:1035C80000000000000000000000000000000000F3
:1035D80000000000000000000000000000000000E3
:1035E80000000000000000000000000000000000D3
:1035F80000000000000000000000000000000000C3
:1036080000000000000000000000000000000000B2
:1036180000000000000000000000000000000000A2
:103628000000000000000000000000000000000092
:103638000000000000000000000000000000000082
:103648000000000000000000000000000000000072
:103658000000000000000000000000000000000062
:103668000000000000000000000000000000000052
:103678000000000000000000000000000000000042
:103688000000000000000000000000000000000032
:103698000000000000000000000000000000000022
:1036A8000000000000000000000000000000000012
:1036B8000000000000000000000000000000000002
:1036C80000000000000000000000000000000000F2
:1036D80000000000000000000000000000000000E2
:1036E80000000000000000000000000000000000D2
:1036F80000000000000000000000000000000000C2
:1037080000000000000000000000000000000000B1
:1037180000000000000000000000000000000000A1
:103728000000000000000000000000000000000091
:103738000000000000000000000000000000000081
:103748000000000000000000000000000000000071
:103758000000000000000000000000000000000061
:103768000000000000000000000000000000000051
:103778000000000000000000000000000000000041
:103788000000000000000000000000000000000031
:103798000000000000000000000000000000000021
:1037A8000000000000000000000000000000000011
:1037B8000000000000000000000000000000000001
:1037C80000000000000000000000000000000000F1
:1037D80000000000000000000000000000000000E1
:1037E80000000000000000000000000000000000D1
:1037F80000000000000000000000000000000000C1
:1038080000000000000000000000000000000000B0
:1038180000000000000000000000000000000000A0
:103828000000000000000000000000000000000090
:103838000000000000000000000000000000000080
:103848000000000000000000000000000000000070
:103858000000000000000000000000000000000060
:103868000000000000000000000000000000000050
:103878000000000000000000000000000000000040
:103888000000000000000000000000000000000030
:103898000000000000000000000000000000000020
:1038A8000000000000000000000000000000000010
:1038B8000000000000000000000000000000000000
:1038C80000000000000000000000000000000000F0
:1038D80000000000000000000000000000000000E0
:1038E80000000000000000000000000000000000D0
:1038F80000000000000000000000000000000000C0
:1039080000000000000000000000000000000000AF
:10391800000000000000000000000000000000009F
:10392800000000000000000000000000000000008F
:10393800000000000000000000000000000000007F
:10394800000000000000000000000000000000006F
:10395800000000000000000000000000000000005F
:10396800000000000000000000000000000000004F
:10397800000000000000000000000000000000003F
:10398800000000000000000000000000000000002F
:10399800000000000000000000000000000000001F
:1039A800000000000000000000000000000000000F
:1039B80000000000000000000000000000000000FF
:1039C800FFFFFFFFFFFFFFFFFFFFFFFFFFFFFFFFFF
:1039D800FFFFFFFFFFFFFFFFFFFFFFFFFFFFFFFFEF
:1039E800FFFFFFFFFFFFFFFFFFFFFFFFFFFFFFFFDF
:1039F800FFFFFFFFFFFFFFFFFFFFFFFFFFFFFFFFCF
:103A0800FFFFFFFFFFFFFFFFFFFFFFFFFFFFFFFFBE
:103A1800FFFFFFFFFFFFFFFFFFFFFFFFFFFFFFFFAE
:103A2800FFFFFFFFFFFFFFFFFFFFFFFFFFFFFFFF9E
:103A3800FFFFFFFFFFFFFFFFFFFFFFFFFFFFFFFF8E
:103A4800FFFFFFFFFFFFFFFFFFFFFFFFFFFFFFFF7E
:103A5800FFFFFFFFFFFFFFFFFFFFFFFFFFFFFFFF6E
:103A6800FFFFFFFFFFFFFFFFFFFFFFFFFFFFFFFF5E
:103A7800FFFFFFFFFFFFFFFFFFFFFFFFFFFFFFFF4E
:103A8800FFFFFFFFFFFFFFFFFFFFFFFFFFFFFFFF3E
:103A9800FFFFFFFFFFFFFFFFFFFFFFFFFFFFFFFF2E
:103AA800FFFFFFFFFFFFFFFFFFFFFFFFFFFFFFFF1E
:103AB800FFFFFFFFFFFFFFFFFFFFFFFFFFFFFFFF0E
:103AC800FFFFFFFFFFFFFFFFFFFFFFFFFFFFFFFFFE
:103AD800FFFFFFFFFFFFFFFFFFFFFFFFFFFFFFFFEE
:103AE800FFFFFFFFFFFFFFFFFFFFFFFFFFFFFFFFDE
:103AF800FFFFFFFFFFFFFFFFFFFFFFFFFFFFFFFFCE
:103B0800FFFFFFFFFFFFFFFFFFFFFFFFFFFFFFFFBD
:103B1800FFFFFFFFFFFFFFFFFFFFFFFFFFFFFFFFAD
:103B2800FFFFFFFFFFFFFFFFFFFFFFFFFFFFFFFF9D
:103B3800FFFFFFFFFFFFFFFFFFFFFFFFFFFFFFFF8D
:103B4800FFFFFFFFFFFFFFFFFFFFFFFFFFFFFFFF7D
:103B5800FFFFFFFFFFFFFFFFFFFFFFFFFFFFFFFF6D
:103B6800FFFFFFFFFFFFFFFFFFFFFFFFFFFFFFFF5D
:103B7800FFFFFFFFFFFFFFFFFFFFFFFFFFFFFFFF4D
:103B8800FFFFFFFFFFFFFFFFFFFFFFFFFFFFFFFF3D
:103B9800FFFFFFFFFFFFFFFFFFFFFFFFFFFFFFFF2D
:103BA800FFFFFFFFFFFFFFFFFFFFFFFFFFFFFFFF1D
:103BB800FFFFFFFFFFFFFFFFFFFFFFFFFFFFFFFF0D
:103BC800FFFFFFFFFFFFFFFFFFFFFFFFFFFFFFFFFD
:103BD800FFFFFFFFFFFFFFFFFFFFFFFFFFFFFFFFED
:103BE800FFFFFFFFFFFFFFFFFFFFFFFFFFFFFFFFDD
:103BF800FFFFFFFFFFFFFFFF0000000000000000C5
:103C080000000000000000000000000000000000AC
:103C1800000000000000000000000000000000009C
:103C2800000000000000000000000000000000008C
:103C3800000000000000000000000000000000007C
:103C4800000000000000000000000000000000006C
:103C5800000000000000000000000000000000005C
:103C6800000000000000000000000000000000004C
:103C7800000000000000000000000000000000003C
:103C8800000000000000000000000000000000002C
:103C9800000000000000000000000000000000001C
:103CA800000000000000000000000000000000000C
:103CB80000000000000000000000000000000000FC
:103CC80000000000000000000000000000000000EC
:103CD80000000000000000000000000000000000DC
:103CE80000000000000000000000000000000000CC
:103CF80000000000000000000000000000000000BC
:103D080000000000000000000000000000000000AB
:103D1800000000000000000000000000000000009B
:103D2800000000000000000000000000000000008B
:103D3800000000000000000000000000000000007B
:103D4800000000000000000000000000000000006B
:103D5800000000000000000000000000000000005B
:103D6800000000000000000000000000000000004B
:103D7800000000000000000000000000000000003B
:103D8800000000000000000000000000000000002B
:103D9800000000000000000000000000000000001B
:103DA800000000000000000000000000000000000B
:103DB80000000000000000000000000000000000FB
:103DC80000000000000000000000000000000000EB
:103DD80000000000000000000000000000000000DB
:103DE80000000000000000000000000000000000CB
:103DF80000000000000000000000000000000000BB
:103E080000000000000000000000000000000000AA
:103E1800000000000000000000000000000000009A
:103E2800000000000000000000000000000000008A
:103E3800000000000000000000000000000000007A
:103E4800000000000000000000000000000000006A
:103E5800000000000000000000000000000000005A
:103E6800000000000000000000000000000000004A
:103E7800000000000000000000000000000000003A
:103E8800000000000000000000000000000000002A
:103E9800000000000000000000000000000000001A
:103EA800000000000000000000000000000000000A
:103EB80000000000000000000000000000000000FA
:103EC80000000000000000000000000000000000EA
:103ED80000000000000000000000000000000000DA
:103EE80000000000000000000000000000000000CA
:103EF80000000000000000000000000000000000BA
:103F080000000000000000000000000000000000A9
:103F18000000000000000000000000000000000099
:103F28000000000000000000000000000000000089
:103F38000000000000000000000000000000000079
:103F48000000000000000000000000000000000069
:103F58000000000000000000000000000000000059
:103F68000000000000000000000000000000000049
:103F78000000000000000000000000000000000039
:103F88000000000000000000000000000000000029
:103F98000000000000000000000000000000000019
:103FA8000000000000000000000000000000000009
:103FB80000000000000000000000000000000000F9
:103FC80000000000000000000000000000000000E9
:103FD80000000000000000000000000000000000D9
:103FE80000000000000000000000000000000000C9
:103FF80000000000000000000000000000000000B9
:1040080000000000000000000000000000000000A8
:104018000000000000000000000000000000000098
:104028000000000000000000000000000000000088
:104038000000000000000000000000000000000078
:104048000000000000000000000000000000000068
:104058000000000000000000000000000000000058
:104068000000000000000000000000000000000048
:104078000000000000000000000000000000000038
:104088000000000000000000000000000000000028
:104098000000000000000000000000000000000018
:1040A8000000000000000000000000000000000008
:1040B80000000000000000000000000000000000F8
:1040C80000000000000000000000000000000000E8
:1040D80000000000000000000000000000000000D8
:1040E80000000000000000000000000000000000C8
:1040F80000000000000000000000000000000000B8
:1041080000000000000000000000000000000000A7
:104118000000000000000000000000000000000097
:104128000000000000000000000000000000000087
:104138000000000000000000000000000000000077
:104148000000000000000000000000000000000067
:104158000000000000000000000000000000000057
:104168000000000000000000000000000000000047
:104178000000000000000000000000000000000037
:104188000000000000000000000000000000000027
:104198000000000000000000000000000000000017
:1041A8000000000000000000000000000000000007
:1041B80000000000000000000000000000000000F7
:1041C80000000000000000000000000000000000E7
:1041D80000000000000000000000000000000000D7
:1041E80000000000000000000000000000000000C7
:1041F80000000000000000000000000000000000B7
:1042080000000000000000000000000000000000A6
:104218000000000000000000000000000000000096
:104228000000000000000000000000000000000086
:104238000000000000000000000000000000000076
:104248000000000000000000000000000000000066
:104258000000000000000000000000000000000056
:104268000000000000000000000000000000000046
:104278000000000000000000000000000000000036
:104288000000000000000000000000000000000026
:104298000000000000000000000000000000000016
:1042A8000000000000000000000000000000000006
:1042B80000000000000000000000000000000000F6
:1042C80000000000000000000000000000000000E6
:1042D80000000000000000000000000000000000D6
:1042E80000000000000000000000000000000000C6
:1042F80000000000000000000000000000000000B6
:1043080000000000000000000000000000000000A5
:104318000000000000000000000000000000000095
:104328000000000000000000000000000000000085
:104338000000000000000000000000000000000075
:104348000000000000000000000000000000000065
:104358000000000000000000000000000000000055
:104368000000000000000000000000000000000045
:104378000000000000000000000000000000000035
:104388000000000000000000000000000000000025
:104398000000000000000000000000000000000015
:1043A8000000000000000000000000000000000005
:1043B80000000000000000000000000000000000F5
:1043C80000000000000000000000000000000000E5
:1043D80000000000000000000000000000000000D5
:1043E80000000000000000000000000000000000C5
:1043F80000000000000000000000000000000000B5
:1044080000000000000000000000000000000000A4
:104418000000000000000000000000000000000094
:104428000000000000000000000000000000000084
:104438000000000000000000000000000000000074
:104448000000000000000000000000000000000064
:104458000000000000000000000000000000000054
:104468000000000000000000000000000000000044
:104478000000000000000000000000000000000034
:104488000000000000000000000000000000000024
:104498000000000000000000000000000000000014
:1044A8000000000000000000000000000000000004
:1044B80000000000000000000000000000000000F4
:1044C80000000000000000000000000000000000E4
:1044D80000000000000000000000000000000000D4
:1044E80000000000000000000000000000000000C4
:1044F80000000000000000000000000000000000B4
:1045080000000000000000000000000000000000A3
:104518000000000000000000000000000000000093
:104528000000000000000000000000000000000083
:104538000000000000000000000000000000000073
:104548000000000000000000000000000000000063
:104558000000000000000000000000000000000053
:104568000000000000000000000000000000000043
:104578000000000000000000000000000000000033
:104588000000000000000000000000000000000023
:104598000000000000000000000000000000000013
:1045A8000000000000000000000000000000000003
:1045B80000000000000000000000000000000000F3
:1045C80000000000000000000000000000000000E3
:1045D80000000000000000000000000000000000D3
:1045E80000000000000000000000000000000000C3
:1045F80000000000000000000000000000000000B3
:1046080000000000000000000000000000000000A2
:104618000000000000000000000000000000000092
:104628000000000000000000000000000000000082
:104638000000000000000000000000000000000072
:104648000000000000000000000000000000000062
:104658000000000000000000000000000000000052
:104668000000000000000000000000000000000042
:104678000000000000000000000000000000000032
:104688000000000000000000000000000000000022
:104698000000000000000000000000000000000012
:1046A8000000000000000000000000000000000002
:1046B80000000000000000000000000000000000F2
:1046C80000000000000000000000000000000000E2
:1046D80000000000000000000000000000000000D2
:1046E80000000000000000000000000000000000C2
:1046F80000000000000000000000000000000000B2
:1047080000000000000000000000000000000000A1
:104718000000000000000000000000000000000091
:104728000000000000000000000000000000000081
:104738000000000000000000000000000000000071
:104748000000000000000000000000000000000061
:104758000000000000000000000000000000000051
:104768000000000000000000000000000000000041
:104778000000000000000000000000000000000031
:104788000000000000000000000000000000000021
:104798000000000000000000000000000000000011
:1047A8000000000000000000000000000000000001
:1047B80000000000000000000000000000000000F1
:1047C80000000000000000000000000000000000E1
:1047D80000000000000000000000000000000000D1
:1047E80000000000000000000000000000000000C1
:0847F8000000000000000000B9
:040000056000100087
:00000001FF
