:0200000460009A
:100000004643464200000156000000000103030081
:1000100000000000000000000000000000000000E0
:1000200000000000000000000000000000000000D0
:1000300000000000000000000000000000000000C0
:1000400000000000010408000000000000000000A3
:100050000000800000000000000000000000000020
:100060000000000000000000000000000000000090
:100070000000000000000000000000000000000080
:10008000EB04180A063204260000000000000000FD
:10009000050404240000000000000000000000002F
:1000A0000000000000000000000000000000000050
:1000B0000604000000000000000000000000000036
:1000C0000000000000000000000000000000000030
:1000D00020041808000000000000000000000000DC
:1000E0000000000000000000000000000000000010
:1000F0000000000000000000000000000000000000
:10010000D8041808000000000000000000000000F3
:100110000204180804200000000000000000000095
:1001200000000000000000000000000000000000CF
:10013000600400000000000000000000000000005B
:1001400000000000000000000000000000000000AF
:10015000000000000000000000000000000000009F
:10016000000000000000000000000000000000008F
:10017000000000000000000000000000000000007F
:10018000000000000000000000000000000000006F
:10019000000000000000000000000000000000005F
:1001A000000000000000000000000000000000004F
:1001B000000000000000000000000000000000003F
:1001C000000100000010000001000000000000001D
:1001D000000001000000000000000000000000001E
:1001E000000000000000000000000000000000000F
:1001F00000000000000000000000000000000000FF
:10020000FFFFFFFFFFFFFFFFFFFFFFFFFFFFFFFFFE
:10021000FFFFFFFFFFFFFFFFFFFFFFFFFFFFFFFFEE
:10022000FFFFFFFFFFFFFFFFFFFFFFFFFFFFFFFFDE
:10023000FFFFFFFFFFFFFFFFFFFFFFFFFFFFFFFFCE
:10024000FFFFFFFFFFFFFFFFFFFFFFFFFFFFFFFFBE
:10025000FFFFFFFFFFFFFFFFFFFFFFFFFFFFFFFFAE
:10026000FFFFFFFFFFFFFFFFFFFFFFFFFFFFFFFF9E
:10027000FFFFFFFFFFFFFFFFFFFFFFFFFFFFFFFF8E
:10028000FFFFFFFFFFFFFFFFFFFFFFFFFFFFFFFF7E
:10029000FFFFFFFFFFFFFFFFFFFFFFFFFFFFFFFF6E
:1002A000FFFFFFFFFFFFFFFFFFFFFFFFFFFFFFFF5E
:1002B000FFFFFFFFFFFFFFFFFFFFFFFFFFFFFFFF4E
:1002C000FFFFFFFFFFFFFFFFFFFFFFFFFFFFFFFF3E
:1002D000FFFFFFFFFFFFFFFFFFFFFFFFFFFFFFFF2E
:1002E000FFFFFFFFFFFFFFFFFFFFFFFFFFFFFFFF1E
:1002F000FFFFFFFFFFFFFFFFFFFFFFFFFFFFFFFF0E
:10030000FFFFFFFFFFFFFFFFFFFFFFFFFFFFFFFFFD
:10031000FFFFFFFFFFFFFFFFFFFFFFFFFFFFFFFFED
:10032000FFFFFFFFFFFFFFFFFFFFFFFFFFFFFFFFDD
:10033000FFFFFFFFFFFFFFFFFFFFFFFFFFFFFFFFCD
:10034000FFFFFFFFFFFFFFFFFFFFFFFFFFFFFFFFBD
:10035000FFFFFFFFFFFFFFFFFFFFFFFFFFFFFFFFAD
:10036000FFFFFFFFFFFFFFFFFFFFFFFFFFFFFFFF9D
:10037000FFFFFFFFFFFFFFFFFFFFFFFFFFFFFFFF8D
:10038000FFFFFFFFFFFFFFFFFFFFFFFFFFFFFFFF7D
:10039000FFFFFFFFFFFFFFFFFFFFFFFFFFFFFFFF6D
:1003A000FFFFFFFFFFFFFFFFFFFFFFFFFFFFFFFF5D
:1003B000FFFFFFFFFFFFFFFFFFFFFFFFFFFFFFFF4D
:1003C000FFFFFFFFFFFFFFFFFFFFFFFFFFFFFFFF3D
:1003D000FFFFFFFFFFFFFFFFFFFFFFFFFFFFFFFF2D
:1003E000FFFFFFFFFFFFFFFFFFFFFFFFFFFFFFFF1D
:1003F000FFFFFFFFFFFFFFFFFFFFFFFFFFFFFFFF0D
:10040000FFFFFFFFFFFFFFFFFFFFFFFFFFFFFFFFFC
:10041000FFFFFFFFFFFFFFFFFFFFFFFFFFFFFFFFEC
:10042000FFFFFFFFFFFFFFFFFFFFFFFFFFFFFFFFDC
:10043000FFFFFFFFFFFFFFFFFFFFFFFFFFFFFFFFCC
:10044000FFFFFFFFFFFFFFFFFFFFFFFFFFFFFFFFBC
:10045000FFFFFFFFFFFFFFFFFFFFFFFFFFFFFFFFAC
:10046000FFFFFFFFFFFFFFFFFFFFFFFFFFFFFFFF9C
:10047000FFFFFFFFFFFFFFFFFFFFFFFFFFFFFFFF8C
:10048000FFFFFFFFFFFFFFFFFFFFFFFFFFFFFFFF7C
:10049000FFFFFFFFFFFFFFFFFFFFFFFFFFFFFFFF6C
:1004A000FFFFFFFFFFFFFFFFFFFFFFFFFFFFFFFF5C
:1004B000FFFFFFFFFFFFFFFFFFFFFFFFFFFFFFFF4C
:1004C000FFFFFFFFFFFFFFFFFFFFFFFFFFFFFFFF3C
:1004D000FFFFFFFFFFFFFFFFFFFFFFFFFFFFFFFF2C
:1004E000FFFFFFFFFFFFFFFFFFFFFFFFFFFFFFFF1C
:1004F000FFFFFFFFFFFFFFFFFFFFFFFFFFFFFFFF0C
:10050000FFFFFFFFFFFFFFFFFFFFFFFFFFFFFFFFFB
:10051000FFFFFFFFFFFFFFFFFFFFFFFFFFFFFFFFEB
:10052000FFFFFFFFFFFFFFFFFFFFFFFFFFFFFFFFDB
:10053000FFFFFFFFFFFFFFFFFFFFFFFFFFFFFFFFCB
:10054000FFFFFFFFFFFFFFFFFFFFFFFFFFFFFFFFBB
:10055000FFFFFFFFFFFFFFFFFFFFFFFFFFFFFFFFAB
:10056000FFFFFFFFFFFFFFFFFFFFFFFFFFFFFFFF9B
:10057000FFFFFFFFFFFFFFFFFFFFFFFFFFFFFFFF8B
:10058000FFFFFFFFFFFFFFFFFFFFFFFFFFFFFFFF7B
:10059000FFFFFFFFFFFFFFFFFFFFFFFFFFFFFFFF6B
:1005A000FFFFFFFFFFFFFFFFFFFFFFFFFFFFFFFF5B
:1005B000FFFFFFFFFFFFFFFFFFFFFFFFFFFFFFFF4B
:1005C000FFFFFFFFFFFFFFFFFFFFFFFFFFFFFFFF3B
:1005D000FFFFFFFFFFFFFFFFFFFFFFFFFFFFFFFF2B
:1005E000FFFFFFFFFFFFFFFFFFFFFFFFFFFFFFFF1B
:1005F000FFFFFFFFFFFFFFFFFFFFFFFFFFFFFFFF0B
:10060000FFFFFFFFFFFFFFFFFFFFFFFFFFFFFFFFFA
:10061000FFFFFFFFFFFFFFFFFFFFFFFFFFFFFFFFEA
:10062000FFFFFFFFFFFFFFFFFFFFFFFFFFFFFFFFDA
:10063000FFFFFFFFFFFFFFFFFFFFFFFFFFFFFFFFCA
:10064000FFFFFFFFFFFFFFFFFFFFFFFFFFFFFFFFBA
:10065000FFFFFFFFFFFFFFFFFFFFFFFFFFFFFFFFAA
:10066000FFFFFFFFFFFFFFFFFFFFFFFFFFFFFFFF9A
:10067000FFFFFFFFFFFFFFFFFFFFFFFFFFFFFFFF8A
:10068000FFFFFFFFFFFFFFFFFFFFFFFFFFFFFFFF7A
:10069000FFFFFFFFFFFFFFFFFFFFFFFFFFFFFFFF6A
:1006A000FFFFFFFFFFFFFFFFFFFFFFFFFFFFFFFF5A
:1006B000FFFFFFFFFFFFFFFFFFFFFFFFFFFFFFFF4A
:1006C000FFFFFFFFFFFFFFFFFFFFFFFFFFFFFFFF3A
:1006D000FFFFFFFFFFFFFFFFFFFFFFFFFFFFFFFF2A
:1006E000FFFFFFFFFFFFFFFFFFFFFFFFFFFFFFFF1A
:1006F000FFFFFFFFFFFFFFFFFFFFFFFFFFFFFFFF0A
:10070000FFFFFFFFFFFFFFFFFFFFFFFFFFFFFFFFF9
:10071000FFFFFFFFFFFFFFFFFFFFFFFFFFFFFFFFE9
:10072000FFFFFFFFFFFFFFFFFFFFFFFFFFFFFFFFD9
:10073000FFFFFFFFFFFFFFFFFFFFFFFFFFFFFFFFC9
:10074000FFFFFFFFFFFFFFFFFFFFFFFFFFFFFFFFB9
:10075000FFFFFFFFFFFFFFFFFFFFFFFFFFFFFFFFA9
:10076000FFFFFFFFFFFFFFFFFFFFFFFFFFFFFFFF99
:10077000FFFFFFFFFFFFFFFFFFFFFFFFFFFFFFFF89
:10078000FFFFFFFFFFFFFFFFFFFFFFFFFFFFFFFF79
:10079000FFFFFFFFFFFFFFFFFFFFFFFFFFFFFFFF69
:1007A000FFFFFFFFFFFFFFFFFFFFFFFFFFFFFFFF59
:1007B000FFFFFFFFFFFFFFFFFFFFFFFFFFFFFFFF49
:1007C000FFFFFFFFFFFFFFFFFFFFFFFFFFFFFFFF39
:1007D000FFFFFFFFFFFFFFFFFFFFFFFFFFFFFFFF29
:1007E000FFFFFFFFFFFFFFFFFFFFFFFFFFFFFFFF19
:1007F000FFFFFFFFFFFFFFFFFFFFFFFFFFFFFFFF09
:10080000FFFFFFFFFFFFFFFFFFFFFFFFFFFFFFFFF8
:10081000FFFFFFFFFFFFFFFFFFFFFFFFFFFFFFFFE8
:10082000FFFFFFFFFFFFFFFFFFFFFFFFFFFFFFFFD8
:10083000FFFFFFFFFFFFFFFFFFFFFFFFFFFFFFFFC8
:10084000FFFFFFFFFFFFFFFFFFFFFFFFFFFFFFFFB8
:10085000FFFFFFFFFFFFFFFFFFFFFFFFFFFFFFFFA8
:10086000FFFFFFFFFFFFFFFFFFFFFFFFFFFFFFFF98
:10087000FFFFFFFFFFFFFFFFFFFFFFFFFFFFFFFF88
:10088000FFFFFFFFFFFFFFFFFFFFFFFFFFFFFFFF78
:10089000FFFFFFFFFFFFFFFFFFFFFFFFFFFFFFFF68
:1008A000FFFFFFFFFFFFFFFFFFFFFFFFFFFFFFFF58
:1008B000FFFFFFFFFFFFFFFFFFFFFFFFFFFFFFFF48
:1008C000FFFFFFFFFFFFFFFFFFFFFFFFFFFFFFFF38
:1008D000FFFFFFFFFFFFFFFFFFFFFFFFFFFFFFFF28
:1008E000FFFFFFFFFFFFFFFFFFFFFFFFFFFFFFFF18
:1008F000FFFFFFFFFFFFFFFFFFFFFFFFFFFFFFFF08
:10090000FFFFFFFFFFFFFFFFFFFFFFFFFFFFFFFFF7
:10091000FFFFFFFFFFFFFFFFFFFFFFFFFFFFFFFFE7
:10092000FFFFFFFFFFFFFFFFFFFFFFFFFFFFFFFFD7
:10093000FFFFFFFFFFFFFFFFFFFFFFFFFFFFFFFFC7
:10094000FFFFFFFFFFFFFFFFFFFFFFFFFFFFFFFFB7
:10095000FFFFFFFFFFFFFFFFFFFFFFFFFFFFFFFFA7
:10096000FFFFFFFFFFFFFFFFFFFFFFFFFFFFFFFF97
:10097000FFFFFFFFFFFFFFFFFFFFFFFFFFFFFFFF87
:10098000FFFFFFFFFFFFFFFFFFFFFFFFFFFFFFFF77
:10099000FFFFFFFFFFFFFFFFFFFFFFFFFFFFFFFF67
:1009A000FFFFFFFFFFFFFFFFFFFFFFFFFFFFFFFF57
:1009B000FFFFFFFFFFFFFFFFFFFFFFFFFFFFFFFF47
:1009C000FFFFFFFFFFFFFFFFFFFFFFFFFFFFFFFF37
:1009D000FFFFFFFFFFFFFFFFFFFFFFFFFFFFFFFF27
:1009E000FFFFFFFFFFFFFFFFFFFFFFFFFFFFFFFF17
:1009F000FFFFFFFFFFFFFFFFFFFFFFFFFFFFFFFF07
:100A0000FFFFFFFFFFFFFFFFFFFFFFFFFFFFFFFFF6
:100A1000FFFFFFFFFFFFFFFFFFFFFFFFFFFFFFFFE6
:100A2000FFFFFFFFFFFFFFFFFFFFFFFFFFFFFFFFD6
:100A3000FFFFFFFFFFFFFFFFFFFFFFFFFFFFFFFFC6
:100A4000FFFFFFFFFFFFFFFFFFFFFFFFFFFFFFFFB6
:100A5000FFFFFFFFFFFFFFFFFFFFFFFFFFFFFFFFA6
:100A6000FFFFFFFFFFFFFFFFFFFFFFFFFFFFFFFF96
:100A7000FFFFFFFFFFFFFFFFFFFFFFFFFFFFFFFF86
:100A8000FFFFFFFFFFFFFFFFFFFFFFFFFFFFFFFF76
:100A9000FFFFFFFFFFFFFFFFFFFFFFFFFFFFFFFF66
:100AA000FFFFFFFFFFFFFFFFFFFFFFFFFFFFFFFF56
:100AB000FFFFFFFFFFFFFFFFFFFFFFFFFFFFFFFF46
:100AC000FFFFFFFFFFFFFFFFFFFFFFFFFFFFFFFF36
:100AD000FFFFFFFFFFFFFFFFFFFFFFFFFFFFFFFF26
:100AE000FFFFFFFFFFFFFFFFFFFFFFFFFFFFFFFF16
:100AF000FFFFFFFFFFFFFFFFFFFFFFFFFFFFFFFF06
:100B0000FFFFFFFFFFFFFFFFFFFFFFFFFFFFFFFFF5
:100B1000FFFFFFFFFFFFFFFFFFFFFFFFFFFFFFFFE5
:100B2000FFFFFFFFFFFFFFFFFFFFFFFFFFFFFFFFD5
:100B3000FFFFFFFFFFFFFFFFFFFFFFFFFFFFFFFFC5
:100B4000FFFFFFFFFFFFFFFFFFFFFFFFFFFFFFFFB5
:100B5000FFFFFFFFFFFFFFFFFFFFFFFFFFFFFFFFA5
:100B6000FFFFFFFFFFFFFFFFFFFFFFFFFFFFFFFF95
:100B7000FFFFFFFFFFFFFFFFFFFFFFFFFFFFFFFF85
:100B8000FFFFFFFFFFFFFFFFFFFFFFFFFFFFFFFF75
:100B9000FFFFFFFFFFFFFFFFFFFFFFFFFFFFFFFF65
:100BA000FFFFFFFFFFFFFFFFFFFFFFFFFFFFFFFF55
:100BB000FFFFFFFFFFFFFFFFFFFFFFFFFFFFFFFF45
:100BC000FFFFFFFFFFFFFFFFFFFFFFFFFFFFFFFF35
:100BD000FFFFFFFFFFFFFFFFFFFFFFFFFFFFFFFF25
:100BE000FFFFFFFFFFFFFFFFFFFFFFFFFFFFFFFF15
:100BF000FFFFFFFFFFFFFFFFFFFFFFFFFFFFFFFF05
:100C0000FFFFFFFFFFFFFFFFFFFFFFFFFFFFFFFFF4
:100C1000FFFFFFFFFFFFFFFFFFFFFFFFFFFFFFFFE4
:100C2000FFFFFFFFFFFFFFFFFFFFFFFFFFFFFFFFD4
:100C3000FFFFFFFFFFFFFFFFFFFFFFFFFFFFFFFFC4
:100C4000FFFFFFFFFFFFFFFFFFFFFFFFFFFFFFFFB4
:100C5000FFFFFFFFFFFFFFFFFFFFFFFFFFFFFFFFA4
:100C6000FFFFFFFFFFFFFFFFFFFFFFFFFFFFFFFF94
:100C7000FFFFFFFFFFFFFFFFFFFFFFFFFFFFFFFF84
:100C8000FFFFFFFFFFFFFFFFFFFFFFFFFFFFFFFF74
:100C9000FFFFFFFFFFFFFFFFFFFFFFFFFFFFFFFF64
:100CA000FFFFFFFFFFFFFFFFFFFFFFFFFFFFFFFF54
:100CB000FFFFFFFFFFFFFFFFFFFFFFFFFFFFFFFF44
:100CC000FFFFFFFFFFFFFFFFFFFFFFFFFFFFFFFF34
:100CD000FFFFFFFFFFFFFFFFFFFFFFFFFFFFFFFF24
:100CE000FFFFFFFFFFFFFFFFFFFFFFFFFFFFFFFF14
:100CF000FFFFFFFFFFFFFFFFFFFFFFFFFFFFFFFF04
:100D0000FFFFFFFFFFFFFFFFFFFFFFFFFFFFFFFFF3
:100D1000FFFFFFFFFFFFFFFFFFFFFFFFFFFFFFFFE3
:100D2000FFFFFFFFFFFFFFFFFFFFFFFFFFFFFFFFD3
:100D3000FFFFFFFFFFFFFFFFFFFFFFFFFFFFFFFFC3
:100D4000FFFFFFFFFFFFFFFFFFFFFFFFFFFFFFFFB3
:100D5000FFFFFFFFFFFFFFFFFFFFFFFFFFFFFFFFA3
:100D6000FFFFFFFFFFFFFFFFFFFFFFFFFFFFFFFF93
:100D7000FFFFFFFFFFFFFFFFFFFFFFFFFFFFFFFF83
:100D8000FFFFFFFFFFFFFFFFFFFFFFFFFFFFFFFF73
:100D9000FFFFFFFFFFFFFFFFFFFFFFFFFFFFFFFF63
:100DA000FFFFFFFFFFFFFFFFFFFFFFFFFFFFFFFF53
:100DB000FFFFFFFFFFFFFFFFFFFFFFFFFFFFFFFF43
:100DC000FFFFFFFFFFFFFFFFFFFFFFFFFFFFFFFF33
:100DD000FFFFFFFFFFFFFFFFFFFFFFFFFFFFFFFF23
:100DE000FFFFFFFFFFFFFFFFFFFFFFFFFFFFFFFF13
:100DF000FFFFFFFFFFFFFFFFFFFFFFFFFFFFFFFF03
:100E0000FFFFFFFFFFFFFFFFFFFFFFFFFFFFFFFFF2
:100E1000FFFFFFFFFFFFFFFFFFFFFFFFFFFFFFFFE2
:100E2000FFFFFFFFFFFFFFFFFFFFFFFFFFFFFFFFD2
:100E3000FFFFFFFFFFFFFFFFFFFFFFFFFFFFFFFFC2
:100E4000FFFFFFFFFFFFFFFFFFFFFFFFFFFFFFFFB2
:100E5000FFFFFFFFFFFFFFFFFFFFFFFFFFFFFFFFA2
:100E6000FFFFFFFFFFFFFFFFFFFFFFFFFFFFFFFF92
:100E7000FFFFFFFFFFFFFFFFFFFFFFFFFFFFFFFF82
:100E8000FFFFFFFFFFFFFFFFFFFFFFFFFFFFFFFF72
:100E9000FFFFFFFFFFFFFFFFFFFFFFFFFFFFFFFF62
:100EA000FFFFFFFFFFFFFFFFFFFFFFFFFFFFFFFF52
:100EB000FFFFFFFFFFFFFFFFFFFFFFFFFFFFFFFF42
:100EC000FFFFFFFFFFFFFFFFFFFFFFFFFFFFFFFF32
:100ED000FFFFFFFFFFFFFFFFFFFFFFFFFFFFFFFF22
:100EE000FFFFFFFFFFFFFFFFFFFFFFFFFFFFFFFF12
:100EF000FFFFFFFFFFFFFFFFFFFFFFFFFFFFFFFF02
:100F0000FFFFFFFFFFFFFFFFFFFFFFFFFFFFFFFFF1
:100F1000FFFFFFFFFFFFFFFFFFFFFFFFFFFFFFFFE1
:100F2000FFFFFFFFFFFFFFFFFFFFFFFFFFFFFFFFD1
:100F3000FFFFFFFFFFFFFFFFFFFFFFFFFFFFFFFFC1
:100F4000FFFFFFFFFFFFFFFFFFFFFFFFFFFFFFFFB1
:100F5000FFFFFFFFFFFFFFFFFFFFFFFFFFFFFFFFA1
:100F6000FFFFFFFFFFFFFFFFFFFFFFFFFFFFFFFF91
:100F7000FFFFFFFFFFFFFFFFFFFFFFFFFFFFFFFF81
:100F8000FFFFFFFFFFFFFFFFFFFFFFFFFFFFFFFF71
:100F9000FFFFFFFFFFFFFFFFFFFFFFFFFFFFFFFF61
:100FA000FFFFFFFFFFFFFFFFFFFFFFFFFFFFFFFF51
:100FB000FFFFFFFFFFFFFFFFFFFFFFFFFFFFFFFF41
:100FC000FFFFFFFFFFFFFFFFFFFFFFFFFFFFFFFF31
:100FD000FFFFFFFFFFFFFFFFFFFFFFFFFFFFFFFF21
:100FE000FFFFFFFFFFFFFFFFFFFFFFFFFFFFFFFF11
:100FF000FFFFFFFFFFFFFFFFFFFFFFFFFFFFFFFF01
:10100000D10020434D1600600000000000000000E9
:10101000201000600010006000400160000000002F
:1010200000000060004C010000000000FFFFFFFF17
:10103000FFFFFFFFFFFFFFFFFFFFFFFFFFFFFFFFC0
:10104000FFFFFFFFFFFFFFFFFFFFFFFFFFFFFFFFB0
:10105000FFFFFFFFFFFFFFFFFFFFFFFFFFFFFFFFA0
:10106000FFFFFFFFFFFFFFFFFFFFFFFFFFFFFFFF90
:10107000FFFFFFFFFFFFFFFFFFFFFFFFFFFFFFFF80
:10108000FFFFFFFFFFFFFFFFFFFFFFFFFFFFFFFF70
:10109000FFFFFFFFFFFFFFFFFFFFFFFFFFFFFFFF60
:1010A000FFFFFFFFFFFFFFFFFFFFFFFFFFFFFFFF50
:1010B000FFFFFFFFFFFFFFFFFFFFFFFFFFFFFFFF40
:1010C000FFFFFFFFFFFFFFFFFFFFFFFFFFFFFFFF30
:1010D000FFFFFFFFFFFFFFFFFFFFFFFFFFFFFFFF20
:1010E000FFFFFFFFFFFFFFFFFFFFFFFFFFFFFFFF10
:1010F000FFFFFFFFFFFFFFFFFFFFFFFFFFFFFFFF00
:10110000FFFFFFFFFFFFFFFFFFFFFFFFFFFFFFFFEF
:10111000FFFFFFFFFFFFFFFFFFFFFFFFFFFFFFFFDF
:10112000FFFFFFFFFFFFFFFFFFFFFFFFFFFFFFFFCF
:10113000FFFFFFFFFFFFFFFFFFFFFFFFFFFFFFFFBF
:10114000FFFFFFFFFFFFFFFFFFFFFFFFFFFFFFFFAF
:10115000FFFFFFFFFFFFFFFFFFFFFFFFFFFFFFFF9F
:10116000FFFFFFFFFFFFFFFFFFFFFFFFFFFFFFFF8F
:10117000FFFFFFFFFFFFFFFFFFFFFFFFFFFFFFFF7F
:10118000FFFFFFFFFFFFFFFFFFFFFFFFFFFFFFFF6F
:10119000FFFFFFFFFFFFFFFFFFFFFFFFFFFFFFFF5F
:1011A000FFFFFFFFFFFFFFFFFFFFFFFFFFFFFFFF4F
:1011B000FFFFFFFFFFFFFFFFFFFFFFFFFFFFFFFF3F
:1011C000FFFFFFFFFFFFFFFFFFFFFFFFFFFFFFFF2F
:1011D000FFFFFFFFFFFFFFFFFFFFFFFFFFFFFFFF1F
:1011E000FFFFFFFFFFFFFFFFFFFFFFFFFFFFFFFF0F
:1011F000FFFFFFFFFFFFFFFFFFFFFFFFFFFFFFFFFF
:10120000FFFFFFFFFFFFFFFFFFFFFFFFFFFFFFFFEE
:10121000FFFFFFFFFFFFFFFFFFFFFFFFFFFFFFFFDE
:10122000FFFFFFFFFFFFFFFFFFFFFFFFFFFFFFFFCE
:10123000FFFFFFFFFFFFFFFFFFFFFFFFFFFFFFFFBE
:10124000FFFFFFFFFFFFFFFFFFFFFFFFFFFFFFFFAE
:10125000FFFFFFFFFFFFFFFFFFFFFFFFFFFFFFFF9E
:10126000FFFFFFFFFFFFFFFFFFFFFFFFFFFFFFFF8E
:10127000FFFFFFFFFFFFFFFFFFFFFFFFFFFFFFFF7E
:10128000FFFFFFFFFFFFFFFFFFFFFFFFFFFFFFFF6E
:10129000FFFFFFFFFFFFFFFFFFFFFFFFFFFFFFFF5E
:1012A000FFFFFFFFFFFFFFFFFFFFFFFFFFFFFFFF4E
:1012B000FFFFFFFFFFFFFFFFFFFFFFFFFFFFFFFF3E
:1012C000FFFFFFFFFFFFFFFFFFFFFFFFFFFFFFFF2E
:1012D000FFFFFFFFFFFFFFFFFFFFFFFFFFFFFFFF1E
:1012E000FFFFFFFFFFFFFFFFFFFFFFFFFFFFFFFF0E
:1012F000FFFFFFFFFFFFFFFFFFFFFFFFFFFFFFFFFE
:10130000FFFFFFFFFFFFFFFFFFFFFFFFFFFFFFFFED
:10131000FFFFFFFFFFFFFFFFFFFFFFFFFFFFFFFFDD
:10132000FFFFFFFFFFFFFFFFFFFFFFFFFFFFFFFFCD
:10133000FFFFFFFFFFFFFFFFFFFFFFFFFFFFFFFFBD
:10134000FFFFFFFFFFFFFFFFFFFFFFFFFFFFFFFFAD
:10135000FFFFFFFFFFFFFFFFFFFFFFFFFFFFFFFF9D
:10136000FFFFFFFFFFFFFFFFFFFFFFFFFFFFFFFF8D
:10137000FFFFFFFFFFFFFFFFFFFFFFFFFFFFFFFF7D
:10138000FFFFFFFFFFFFFFFFFFFFFFFFFFFFFFFF6D
:10139000FFFFFFFFFFFFFFFFFFFFFFFFFFFFFFFF5D
:1013A000FFFFFFFFFFFFFFFFFFFFFFFFFFFFFFFF4D
:1013B000FFFFFFFFFFFFFFFFFFFFFFFFFFFFFFFF3D
:1013C000FFFFFFFFFFFFFFFFFFFFFFFFFFFFFFFF2D
:1013D000FFFFFFFFFFFFFFFFFFFFFFFFFFFFFFFF1D
:1013E000FFFFFFFFFFFFFFFFFFFFFFFFFFFFFFFF0D
:1013F000FFFFFFFFFFFFFFFFFFFFFFFFFFFFFFFFFD
:10140000814205D051F8043B40F8043B8242F9D8B0
:10141000704700BF044A05494FF0000342F8043BFF
:101420009142FBD8704700BFC02E002060540020BE
:101430002DE98848BFF34F8F00BF00BF00BF00BF3A
:1014400000F0D6F9684B0822C3F8542100BF00BF52
:1014500000BF00BF00BF00BF00BF00BF00BF00BF94
:1014600000BF00BF00BF00BF00BF00BF5F4A6049B0
:101470006048FFF7C5FF604A60496148FFF7C0FF59
:10148000604CFFF7C7FF4FF470004FF0E0210023DE
:101490005D4AC1F8880D44F823200133B02BFAD1FE
:1014A0005A4B80215A4A03F8011B9342FBD14FF05B
:1014B000E0254D4E4FF08039DFF884B1DFF884A18C
:1014C0004FF0FF31C5F8084D0027C6F80491C6F863
:1014D00000B1C6F8F490C6F8F0A0D5F8243DDFF8C6
:1014E000688143F4E0234B4AC5F8243DD8F81C300A
:1014F00023F07F0343F04003C8F81C30D8F82430B1
:1015000023F07F0343F04003C8F824309166D1668E
:101510001167516700F074F93F4B4049A363404B9A
:10152000E36363236B610323AF612B613D4BC5F81C
:10153000203DD5F8FC3D43F08073C5F8FC3D3A4BA7
:101540001A6842F001021A605B680B6000F0A2FBAF
:10155000C6F804913548C6F800B1C6F8F490C6F84C
:10156000F0A000F045FDD8F86C10314B314A41F441
:101570004051C8F86C101F60C3F80871C3F81871A7
:10158000C3F82871C3F83871936BDB0708D442F6AF
:101590001563294951651365936B43F00103936308
:1015A000244A264C936843F00113936000F0B0F98D
:1015B00000F0D4FC00F018FD00F09AFB00F01AF9DE
:1015C0002368132BFCD900F02BFC2368B3F5967F1E
:1015D000FBD300F013F900F00FF900F0F9FC00F074
:1015E000FFFC30BFFDE700BF00800D4078EB00003E
:1015F0000C22006000000000C02E0020880D016059
:1016000000000020002C0020D1C1000000E400E018
:10161000A0E400E000C00A40ADA600000453002092
:10162000B1A6000000002020001000E00046C32307
:101630000040084000400D400000C0560853002004
:101640001B1018200C0D111300C00F40054B4FF458
:101650002A01054A05485A641864054A9963954663
:10166000FFF7E6FE00C00A40AFAAAAAA07002000C2
:101670000000072043690A4A03EB011010B4037A03
:10168000084C02EB0313D3E901321460C2681A60FC
:1016900003690BB142691A605DF8044B704700BFE3
:1016A0003408002061F801004369027E03EB021256
:1016B00092F808C08C451CD01A7AFF2A19D09142A2
:1016C00010B5044616D01A7EFF2A06D00121D3E9B0
:1016D000002312681A4201D1217610BD064B052263
:1016E000204603EB0C135B681A60FFF7C3FF2176FB
:1016F000F3E770470021EAE73408002043690A4A0B
:1017000003EB011010B490F82830084C02EB0313DF
:10171000D3E901321460C26A1A60036B0BB1426BE9
:101720001A605DF8044B70473408002061F801002E
:101730004369427E03EB021292F828C08C451ED00A
:1017400093F82820FF2A1AD0914210B5044617D0EA
:1017500093F83820FF2A06D00121D3E9002312682C
:101760001A4201D1617610BD064B0522204603EBDB
:101770000C135B681A60FFF7C1FF6176F3E77047EF
:101780000021EAE734080020164942698B6B23F4F4
:101790007C0343F4802370B58B630446124DD2E979
:1017A00000130A681A4303690A60022200211A61C1
:1017B0000E4A19619A6401225A629D624FF43035D3
:1017C000DD624FF001159E6C1E6519629D651A6100
:1017D000017EFFF74FFF617E2046BDE87040FFF7B6
:1017E0008DBF00BF00C00F40B80B05053B3728195F
:1017F000704700BF704700BF704700BF00BF704711
:1018000010B44FF0E023002110243148C3F8941D98
:10181000C3F89C4D1124C3F8A00D2E48C3F89C4D6D
:101820001224C3F8A00D2C48C3F89C4D2B4AC3F8D2
:10183000A00D2B4C42F015022A48C3F89C4DC3F86A
:10184000A00D294C2948C3F89C4DC3F8A00D284C85
:10185000C3F89C2D2748284AC3F8A04DC3F89C0D17
:10186000C3F8A02D02F5A022244C0C322448C3F862
:101870009C4DC3F8A02D234AC3F89C0D224CC3F8FD
:10188000A02D02F14062C3F89C4D2048C3F8A02D62
:101890000C32C3F89C0DC3F8A02D00BF00BF00BFE1
:1018A00000BF00BF0122C3F8942DBFF34F8FBFF3D9
:1018B0006F8FC3F8501FBFF34F8FBFF36F8FD3F8F5
:1018C000142D5DF8044B42F44032C3F8142D7047D8
:1018D0003F00001025000807090010006054002098
:1018E0001300200021000207140000202500081327
:1018F000090000101600202027000B1317000040DD
:10190000180000602F000B07190000701A000080FB
:10191000F0B5B84B1822B84E0120B84F83B0C3F8C9
:101920005C62B749C3F86072B64DC3F86462A6F54D
:101930003046B54CC3F86862C3F86C52C3F87052B5
:10194000C3F87452C3F8785248F20C75DA661A6715
:101950005A679A67DA67C3F88020C3F88420C3F80F
:101960008820C1F82C03A94AC1F83003C1F8340318
:10197000C1F83803C1F83C03C1F85003A169A44B76
:101980000A40A448A4491343A44AA361D4F884306C
:1019900043F00C03C4F884304FF0FF34036843F085
:1019A0000203036003682B404FF400551A439C4B1D
:1019B000026044608A689B4C13409B4A43F000538A
:1019C0008360C36823F07803C360036A1340234332
:1019D0000362036A1340954A2343954C4362826233
:1019E000C2620022D1F8B83023F03F0343F0010374
:1019F000C0F8B830D1F8BC308E4923F03F0343F033
:101A00000103C0F8BC3040F205630261056604675B
:101A1000C0F88030456644670224C0F8843003680B
:101A200023F0020303608161834B8449C46143F85E
:101A3000042B8B42FBD1774A136843F001031360F8
:101A4000136813F00103FBD17A48022140F2F564D8
:101A5000906140F29940D16140F26641C2F8004283
:101A600042F20144C2F810127549C2F82002C2F8CD
:101A7000301240F235417348C2F83442C2F8401285
:101A8000714CC2F8500242F201207049C2F854125F
:101A90000121C2F86042C2F864025E48C2F8A03078
:101AA000C2F8A430C2F8B0104369DA07FCD50123AC
:101AB00000244FF4803257494361C0F8A040C0F879
:101AC000A420C0F8B0304B69DB07FCD5012300240B
:101AD0004FF400304F4A4B61C1F8A040C1F8A40058
:101AE000C1F8B0305369DF07FCD501230024584802
:101AF00048495361C2F8A040C2F8A400C2F8B0300F
:101B00004B69DE07FCD5D1F8003145F60D52212096
:101B10009BB24861934265D100244FF48022012397
:101B20003C48C1F8A040C1F8A420C1F8B0304369D6
:101B3000DD07FCD501234FF400040021354A436141
:101B4000C0F8A040C0F8A410C0F8B0305369DC075A
:101B5000FCD501234FF400044FF480302D4953612C
:101B6000C2F8A040C2F8A400C2F8B0304B69D80750
:101B7000FCD501234FF400044FF40030254A4B619B
:101B8000C1F8A040C1F8A400C1F8B0305369D9072A
:101B9000FCD501234FF400042D481E495361C2F8BF
:101BA000A040C2F8A400C2F8B0304B69DA07FCD5F7
:101BB000D1F8003145F60D5221209BB24861934285
:101BC00050D008254FF4000422490020224B234A1C
:101BD000009015705A1A01232148224400F0F4F9AC
:101BE00003B0F0BD1E4B0022C3E90022C3E902226C
:101BF00003B0F0BD00801F40F9B00100F9100100F2
:101C000000841F40F970010000C00F40FFFCFF1F5F
:101C1000000300A000402A4000802A401200FFFF7D
:101C2000FF37F7004000008000FFF07CFF000F83CB
:101C300063000200F05AF05A00422A4000432A4052
:101C40009F041830EB06180A3806180A06320126D7
:101C50000400030000000070000000701354002016
:101C6000E05000204FF400044FF480220123084884
:101C7000C1F8A040C1F8A420C1F8B0304369DB0727
:101C8000FCD5012310254FF0807443619CE700BF11
:101C900000402A40F0B4154A40274FF480314FF4F9
:101CA00080564FF400554FF4404443F2420013690C
:101CB00013F0020F0ED113F4005F0FD013F4805F06
:101CC0000ED0002BF3DA13F4803F0BD15B060BD55B
:101CD000F0BC7047946151619061E8E75561E6E7B7
:101CE0005661E4E79161E2E75761E0E700800D406B
:101CF0003F4A03203F49F3EE095AD2F880304FF0B3
:101D0000000C9FED3D6A23F001039FED3C5A30B477
:101D1000C2F88030C2F89000D1F8E010384DCBB254
:101D2000384C39482B6007EE903A0B0DC1F30B216C
:101D3000F8EEE77A06EE903A07EE101A334BB8EE5B
:101D4000C77A2160F8EEE66A314937EEC66A37EEA7
:101D5000C55A76EEC76A77EEE57A26EE266AC3EDB7
:101D6000006A25EE265AD2F8803067EEA64AC0ED0A
:101D7000007AC6EE275A274885EE276AC4EEA76A7E
:101D800075EE875AFCEEE55A36EE076A15EE904A74
:101D9000BCEEC66A43EA045376EE877AC2F8803016
:101DA00016EE103AD2F89041FCEEE77A01EA0341D0
:101DB000214317EE903AC2F89011C3F30B03D2F807
:101DC00090110B431449C2F89031D2F8803043F09F
:101DD0000203C2F88030114B80F840C0C1F8403196
:101DE0004FF0E023012230BCC3F80821704700BF48
:101DF00000810D4000441F400000AA420000B44290
:101E0000605200205C520020645200206852002082
:101E10000000FF0F00E400E0002C002091C3000050
:101E2000314B40F6617210B5C3F8202140F20444F2
:101E300000F0D2F82D4A2E49D2F880302D4843F0D8
:101E40000303C2F880302C4BC1F8604102681A428B
:101E500003D1D1F8A8319A071BD0254A4FF0004191
:101E6000244B5963D2F8403143F00203C2F84031A9
:101E7000D2F840319B07FBD44FF400304FF0E02103
:101E80001C4B4FF00042C1F88C0219209A6300F0FD
:101E9000B3F8184A4FF08040154C002190630A2097
:101EA000164B11604FF42072C4F8A801184600F0D8
:101EB00087F84FF4800203464FF4810040F243114B
:101EC0001860C4F858311A640D4B0E4AC4F8481112
:101ED000C3F804224FF0E0224FF400310123C2F88E
:101EE0000C11C4F8403110BD00800D4000C00F40FF
:101EF00000002E4000900D40001C1E00000000203D
:101F0000002C002079C5000008B50E4B1B6E9B0706
:101F100000D4FBBE72B60C4B00200C4AC3F8400143
:101F200003F160430A49A3F55F2311649D46BFF3A3
:101F30004F8F4FF400130748074ADB6902609B6824
:101F4000984700BF00441F4000002E4000C00A40D8
:101F50000300200000802020000012EB104BA02086
:101F6000104AD96E41F4403110B4D96640F237645A
:101F7000D96E41F44071D96654649064936C1B0629
:101F8000FCD4094A40F23761A02351649364936CF6
:101F900013F08003FBD1054A13705DF8044B7047C2
:101FA00000C00F4000400C4000800C400F54002047
:101FB000F8B500BFF8BC08BC9E46704700000000A2
:101FC0005FF800F0F1E100005FF800F0FDD50000DF
:101FD0005FF800F029E300005FF800F0E9CC0000B2
:101FE0005FF800F0B9BE00005FF800F0DDC000004F
:101FF0005FF800F0E5B400005FF800F0D5B700002E
:1020000005010000A9660000456E00008D820000F9
:04201000C9B0000053
:1020140080C00F4000000003190000001000000001
:10202400E8841F4001000000FF000000FF000000E2
:102034000000000000000000180000001000000074
:10204400E4841F4001000000FF000000FF000000C6
:1020540000000000000000001F00000019910000B3
:1020640070C00F40000C00001100000011000000BF
:10207400E0841F40020000002C0000001200000059
:10208400E0841F4001000000100000001100000067
:10209400DC841F40020000002D000000120000003C
:1020A400DC841F40010000001E0000000D910000B0
:1020B40070C00F40C00000001200000013000000B8
:1020C400D0841F4001000000FF000000FF0000005A
:1020D40000000000000000001300000013000000D6
:1020E400CC841F4001000000FF000000FF0000003E
:1020F40000000000000000001C000000019100002E
:10210400160355005300420020005300650072007E
:10211400690061006C00000018035400650065004C
:102124006E00730079006400750069006E006F0032
:102134000403090409026200030100C032080B0011
:102144000202020100090400000102020100052448
:1021540000100105240101010424020605240600DF
:10216400010705820310001009040100020A00009F
:10217400000705030240000007058402400000092F
:1021840004020002FF6AFF00070581024000010704
:10219400050102400001000009026200030100C0C1
:1021A40032080B00020202010009040000010202CD
:1021B4000100052400100105240101010424020684
:1021C4000524060001070582031000050904010027
:1021D400020A00000007050302000200070584024A
:1021E4000002000904020002FF6AC7000705810219
:1021F4000002010705010200020100000A060002B4
:08220400EF020140010000009F
:10220C0000000000000000000000000000000000C2
:10221C0000000000000000000000000000000000B2
:10222C00F8B54FF084439D695A6915400DD0254F80
:10223C0001269D6195FAA5F4B4FA84F457F824307C
:10224C0006FA04F49847A543F4D11F4B9D695A69CB
:10225C0015400DD01D4F01269D6195FAA5F4B4FAD9
:10226C0084F457F8243006FA04F49847A543F4D1C3
:10227C00174B9D695A6915400DD0164F01269D616B
:10228C0095FAA5F4B4FA84F457F8243006FA04F459
:10229C009847A543F4D1104B9D695A6915400DD050
:1022AC000E4F01269D6195FAA5F4B4FA84F457F803
:1022BC00243006FA04F49847A543F4D1BFF34F8FAA
:1022CC00F8BD00BF6826002000400042E826002030
:1022DC00008000426827002000C00042E827002050
:1022EC000548064B1B1AD90F01EBA301491002D06C
:1022FC00034B03B118477047C02E0020C02E00209E
:10230C000000000008B5054B1BB105490548AFF3AB
:10231C000080BDE80840FFF7E3BF00BF00000000ED
:10232C0004520020004C016000207047704700BF31
:10233C00704700BF704700BF036818470B68036005
:10234C00704700BF0B680360704700BF704700BF49
:10235C0008B5836803B19847044AD3889BB243F409
:10236C008043D380BFF34F8F08BD00BF00800B406C
:10237C0008B5836803B19847034A137803F0F70351
:10238C001370BFF34F8F08BD00400B4038B500F100
:10239C000805D0F8B4300446284698474FF6FD732C
:1023AC00984201D9012038BD0346B4F8BA20B4F8DC
:1023BC00B810284609F0DCFD94F89030032BF1D8C6
:1023CC00DFE803F0140E0802B4F8BA301B1AA4F8B4
:1023DC00BA30E7E7B4F8B8301B1AA4F8B830E1E724
:1023EC00B4F8BA301844A4F8BA00DBE7B4F8B83043
:1023FC001844A4F8B800D5E710B504460AF02CFF31
:10240C00204610BD044B1B782BB1044B1B7813B921
:10241C00034B01221A7070471B2900201454002012
:10242C00125400200B4B186888B103680A4A1B68C9
:10243C0093420DD1836810B503B19847074AD388EE
:10244C009BB243F48043D380BFF34F8F10BD7047D2
:10245C00184700BF084800205101000000800B40C5
:10246C0010B52421094C0A480DF0A6F809480AF0C9
:10247C00DFFF204608F0C8FD20460EF071FC204618
:10248C000549BDE8104008F04DBF00BFB01B00204F
:10249C0038030020A018002040420F002DE9F0471F
:1024AC00002A4ED004460D468F180026DFF89C906B
:1024BC0000F108084FF6FD7A03E00120AF42064414
:1024CC0020D0236815F8011B1B684B4515D1D4F897
:1024DC00B430404698475045EFD80346B4F8BA207C
:1024EC00B4F8B810404609F043FD94F89030032B33
:1024FC00E3D8DFE803F01F18110A20469847AF42D3
:10250C000644DED13046BDE8F087B4F8BA301B1A69
:10251C000120A4F8BA30D1E7B4F8B8301B1A012066
:10252C00A4F8B830CAE7B4F8BA301844A4F8BA0022
:10253C000120C3E7B4F8B8301844A4F8B80001205F
:10254C00BCE716463046BDE8F08700BF8D010000A1
:10255C002DE9F04FAF4C83B06368002B40F07881CD
:10256C00AD4D4FF6FD77AD4C05F1080005F10806B1
:10257C0009F0A0F8AA4905F1080004F10C0809F0CB
:10258C0035FD4FF400235521C5F8B83003E0444520
:10259C0017D014F8011FD5F8B43030469847B8421C
:1025AC00F5D80346B5F8BA20B5F8B810304609F09E
:1025BC00DFFC95F89030032BE9D8DFE803F0413BC2
:1025CC00352FDFF88482974AB8F80030C5F8B82068
:1025DC00002B3BD1944C5021944E4FF6FD7704F1D7
:1025EC00030903E04C4555D014F8011FD5F8B4305D
:1025FC0030469847B842F5D80346B5F8BA20B5F836
:10260C00B810304609F0B4FC95F89030032BE9D89B
:10261C00DFE813F0690163015D015701B5F8BA30C9
:10262C001B1AA5F8BA30B2E7B5F8B8301B1AA5F8E2
:10263C00B830ACE7B5F8BA301844A5F8BA00A6E73C
:10264C00B5F8B8301844A5F8B800A0E7784C4D217F
:10265C00764E4FF6FD7704F1040903E0A14519D03D
:10266C0014F8011FD5F8B43030469847B842F5D865
:10267C000346B5F8BA20B5F8B810304609F078FC26
:10268C0095F89030032BE9D8DFE813F045013F01B2
:10269C00390133010C231A2202216448009308F0FB
:1026AC0095FFB8F80030002B00F00381DFF89C9107
:1026BC00D9F8003023B95F4B1B78002B40F03181E7
:1026CC005D4A5021D5F8B4305848C5F8B820984721
:1026DC004FF6FD73984240F2DB80544F10260124D4
:1026EC00DFF850B1A7F1080A0EE0321D182321467D
:1026FC0001345046A5F8B820A5F8BA300E360AF0C9
:10270C008BFE092CB6B226D00C231A223146384641
:10271C00009308F05BFF621EB8F800301341DA0733
:10272C0010D4D9F80030A342DFD19BF80030002B35
:10273C00DBD0711E0E231922384689B2009308F0A3
:10274C0045FFD2E7711C0A231B22384689B200933D
:10275C0008F016FFE5E7DFF8D4A00A271026AAF147
:10276C00080B13E0092C06F102024FF02F0321464F
:10277C00584630D0A5F8B820A5F8BA300AF04CFE6F
:10278C00112F3AD00E3601370134B6B20C23312258
:10279C0031465046009308F019FFB8F80030BA1EC5
:1027AC001341DB0720D4D9F80030A342DAD1214BF6
:1027BC001B78002BD6D00E23711E3022504689B2C6
:1027CC00009308F003FF092C06F102024FF02F03CF
:1027DC0021465846CED1331DA5F8B8302F23A5F885
:1027EC00BA300AF019FECDE7711C0A23322250468A
:1027FC0089B2009308F0C4FED5E70C4808F066FFD8
:10280C0000230E480E490F4A03700B70137003B06F
:10281C00BDE8F08FB01B0020105300207405002081
:10282C00B00C0020560008008C0500201853002026
:10283C00840500201A2900200600180011540020DD
:10284C00155400201B54002004540020F852002082
:10285C002221002543480CF0AFFE43480AF0E8FD66
:10286C002046656008F0D0FB20460EF079FA3F490F
:10287C00204608F057FD3E4809F0B4FF3C4808F0EC
:10288C00ABFF29463A4803B0BDE8F04F09F0B4BF9E
:10289C000346B5F8BA20B5F8B810354809F068FB0E
:1028AC0095F89030032B3FF618AFDFE803F0484E55
:1028BC0054420A231B2203212D48009308F060FE8A
:1028CC00F4E6B5F8BA301B1AA5F8BA308AE6B5F8B2
:1028DC00B8301B1AA5F8B83084E6B5F8BA301844ED
:1028EC00A5F8BA007EE6B5F8B8301844A5F8B800DB
:1028FC0078E6B5F8BA301B1AA5F8BA30AEE6B5F8DA
:10290C00B8301B1AA5F8B830A8E6B5F8BA30184498
:10291C00A5F8BA00A2E6B5F8B8301844A5F8B80086
:10292C009CE60E23192201211148009308F04EFE5B
:10293C00C6E6B5F8BA301B1AA5F8BA30CDE6B5F82C
:10294C00B8301844A5F8B800C7E6B5F8BA30184442
:10295C00A5F8BA00C1E6B5F8B8301B1AA5F8B8301E
:10296C00BBE600BF50050020A018002040420F001D
:10297C0018530020214B1A68D2E90010D36809685B
:10298C00006810B41842946801EA04012ED0137C3C
:10299C0003F00303D9B943F008039908013B117400
:1029AC000D2B0BD8DFE803F00D071C070A160D0DD5
:1029BC00160A071C070D5369013B53615DF8044B64
:1029CC00704753695DF8044B01335361704743F012
:1029DC000403E0E753695DF8044B023B5361704715
:1029EC0053695DF8044B023353617047137C03F059
:1029FC0003030029D1D043F00403CEE74448002060
:102A0C00214B5A68D2E90010D3680968006810B4E9
:102A1C001842946801EA04012ED0137C03F00303DE
:102A2C00D9B943F008039908013B11740D2B0BD84D
:102A3C00DFE803F00D071C070A160D0D160A071C1C
:102A4C00070D5369013B53615DF8044B70475369A3
:102A5C005DF8044B01335361704743F00403E0E726
:102A6C0053695DF8044B023B5361704753695DF841
:102A7C00044B023353617047137C03F003030029AA
:102A8C00D1D043F00403CEE744480020214B9A6890
:102A9C00D2E90010D3680968006810B41842946831
:102AAC0001EA04012ED0137C03F00303D9B943F0DF
:102ABC0008039908013B11740D2B0BD8DFE803F0C8
:102ACC000D071C070A160D0D160A071C070D536976
:102ADC00013B53615DF8044B704753695DF8044B3F
:102AEC0001335361704743F00403E0E753695DF829
:102AFC00044B023B5361704753695DF8044B02333E
:102B0C0053617047137C03F003030029D1D043F0C9
:102B1C000403CEE744480020214BDA68D2E90010C8
:102B2C00D3680968006810B41842946801EA04017B
:102B3C002ED0137C03F00303D9B943F00803990892
:102B4C00013B11740D2B0BD8DFE803F00D071C07AC
:102B5C000A160D0D160A071C070D5369013B53612C
:102B6C005DF8044B704753695DF8044B01335361B6
:102B7C00704743F00403E0E753695DF8044B023BF4
:102B8C005361704753695DF8044B023353617047CE
:102B9C00137C03F003030029D1D043F00403CEE7E8
:102BAC0044480020214B1A69D2E90010D368096807
:102BBC00006810B41842946801EA04012ED0137C0A
:102BCC0003F00303D9B943F008039908013B1174CE
:102BDC000D2B0BD8DFE803F00D071C070A160D0DA3
:102BEC00160A071C070D5369013B53615DF8044B32
:102BFC00704753695DF8044B01335361704743F0E0
:102C0C000403E0E753695DF8044B023B53617047E2
:102C1C0053695DF8044B023353617047137C03F026
:102C2C0003030029D1D043F00403CEE7444800202D
:102C3C00214B5A69D2E90010D3680968006810B4B6
:102C4C001842946801EA04012ED0137C03F00303AC
:102C5C00D9B943F008039908013B11740D2B0BD81B
:102C6C00DFE803F00D071C070A160D0D160A071CEA
:102C7C00070D5369013B53615DF8044B7047536971
:102C8C005DF8044B01335361704743F00403E0E7F4
:102C9C0053695DF8044B023B5361704753695DF80F
:102CAC00044B023353617047137C03F00303002978
:102CBC00D1D043F00403CEE744480020214B9A695D
:102CCC00D2E90010D3680968006810B418429468FF
:102CDC0001EA04012ED0137C03F00303D9B943F0AD
:102CEC0008039908013B11740D2B0BD8DFE803F096
:102CFC000D071C070A160D0D160A071C070D536944
:102D0C00013B53615DF8044B704753695DF8044B0C
:102D1C0001335361704743F00403E0E753695DF8F6
:102D2C00044B023B5361704753695DF8044B02330B
:102D3C0053617047137C03F003030029D1D043F097
:102D4C000403CEE744480020214BDA69D2E9001095
:102D5C00D3680968006810B41842946801EA040149
:102D6C002ED0137C03F00303D9B943F00803990860
:102D7C00013B11740D2B0BD8DFE803F00D071C077A
:102D8C000A160D0D160A071C070D5369013B5361FA
:102D9C005DF8044B704753695DF8044B0133536184
:102DAC00704743F00403E0E753695DF8044B023BC2
:102DBC005361704753695DF8044B0233536170479C
:102DCC00137C03F003030029D1D043F00403CEE7B6
:102DDC0044480020214B1A6AD2E90010D3680968D4
:102DEC00006810B41842946801EA04012ED0137CD8
:102DFC0003F00303D9B943F008039908013B11749C
:102E0C000D2B0BD8DFE803F00D071C070A160D0D70
:102E1C00160A071C070D5369013B53615DF8044BFF
:102E2C00704753695DF8044B01335361704743F0AD
:102E3C000403E0E753695DF8044B023B53617047B0
:102E4C0053695DF8044B023353617047137C03F0F4
:102E5C0003030029D1D043F00403CEE744480020FB
:102E6C00214B5A6AD2E90010D3680968006810B483
:102E7C001842946801EA04012ED0137C03F003037A
:102E8C00D9B943F008039908013B11740D2B0BD8E9
:102E9C00DFE803F00D071C070A160D0D160A071CB8
:102EAC00070D5369013B53615DF8044B704753693F
:102EBC005DF8044B01335361704743F00403E0E7C2
:102ECC0053695DF8044B023B5361704753695DF8DD
:102EDC00044B023353617047137C03F00303002946
:102EEC00D1D043F00403CEE744480020214B9A6A2A
:102EFC00D2E90010D3680968006810B418429468CD
:102F0C0001EA04012ED0137C03F00303D9B943F07A
:102F1C0008039908013B11740D2B0BD8DFE803F063
:102F2C000D071C070A160D0D160A071C070D536911
:102F3C00013B53615DF8044B704753695DF8044BDA
:102F4C0001335361704743F00403E0E753695DF8C4
:102F5C00044B023B5361704753695DF8044B0233D9
:102F6C0053617047137C03F003030029D1D043F065
:102F7C000403CEE744480020214BDA6AD2E9001062
:102F8C00D3680968006810B41842946801EA040117
:102F9C002ED0137C03F00303D9B943F0080399082E
:102FAC00013B11740D2B0BD8DFE803F00D071C0748
:102FBC000A160D0D160A071C070D5369013B5361C8
:102FCC005DF8044B704753695DF8044B0133536152
:102FDC00704743F00403E0E753695DF8044B023B90
:102FEC005361704753695DF8044B0233536170476A
:102FFC00137C03F003030029D1D043F00403CEE784
:10300C0044480020214B1A6BD2E90010D3680968A0
:10301C00006810B41842946801EA04012ED0137CA5
:10302C0003F00303D9B943F008039908013B117469
:10303C000D2B0BD8DFE803F00D071C070A160D0D3E
:10304C00160A071C070D5369013B53615DF8044BCD
:10305C00704753695DF8044B01335361704743F07B
:10306C000403E0E753695DF8044B023B536170477E
:10307C0053695DF8044B023353617047137C03F0C2
:10308C0003030029D1D043F00403CEE744480020C9
:10309C00214B5A6BD2E90010D3680968006810B450
:1030AC001842946801EA04012ED0137C03F0030348
:1030BC00D9B943F008039908013B11740D2B0BD8B7
:1030CC00DFE803F00D071C070A160D0D160A071C86
:1030DC00070D5369013B53615DF8044B704753690D
:1030EC005DF8044B01335361704743F00403E0E790
:1030FC0053695DF8044B023B5361704753695DF8AB
:10310C00044B023353617047137C03F00303002913
:10311C00D1D043F00403CEE744480020214B9A6BF6
:10312C00D2E90010D3680968006810B4184294689A
:10313C0001EA04012ED0137C03F00303D9B943F048
:10314C0008039908013B11740D2B0BD8DFE803F031
:10315C000D071C070A160D0D160A071C070D5369DF
:10316C00013B53615DF8044B704753695DF8044BA8
:10317C0001335361704743F00403E0E753695DF892
:10318C00044B023B5361704753695DF8044B0233A7
:10319C0053617047137C03F003030029D1D043F033
:1031AC000403CEE744480020214BDA6BD2E900102F
:1031BC00D3680968006810B41842946801EA0401E5
:1031CC002ED0137C03F00303D9B943F008039908FC
:1031DC00013B11740D2B0BD8DFE803F00D071C0716
:1031EC000A160D0D160A071C070D5369013B536196
:1031FC005DF8044B704753695DF8044B0133536120
:10320C00704743F00403E0E753695DF8044B023B5D
:10321C005361704753695DF8044B02335361704737
:10322C00137C03F003030029D1D043F00403CEE751
:10323C0044480020214B1A6CD2E90010D36809686D
:10324C00006810B41842946801EA04012ED0137C73
:10325C0003F00303D9B943F008039908013B117437
:10326C000D2B0BD8DFE803F00D071C070A160D0D0C
:10327C00160A071C070D5369013B53615DF8044B9B
:10328C00704753695DF8044B01335361704743F049
:10329C000403E0E753695DF8044B023B536170474C
:1032AC0053695DF8044B023353617047137C03F090
:1032BC0003030029D1D043F00403CEE74448002097
:1032CC00214B5A6CD2E90010D3680968006810B41D
:1032DC001842946801EA04012ED0137C03F0030316
:1032EC00D9B943F008039908013B11740D2B0BD885
:1032FC00DFE803F00D071C070A160D0D160A071C54
:10330C00070D5369013B53615DF8044B70475369DA
:10331C005DF8044B01335361704743F00403E0E75D
:10332C0053695DF8044B023B5361704753695DF878
:10333C00044B023353617047137C03F003030029E1
:10334C00D1D043F00403CEE744480020214B9A6CC3
:10335C00D2E90010D3680968006810B41842946868
:10336C0001EA04012ED0137C03F00303D9B943F016
:10337C0008039908013B11740D2B0BD8DFE803F0FF
:10338C000D071C070A160D0D160A071C070D5369AD
:10339C00013B53615DF8044B704753695DF8044B76
:1033AC0001335361704743F00403E0E753695DF860
:1033BC00044B023B5361704753695DF8044B023375
:1033CC0053617047137C03F003030029D1D043F001
:1033DC000403CEE744480020214BDA6CD2E90010FC
:1033EC00D3680968006810B41842946801EA0401B3
:1033FC002ED0137C03F00303D9B943F008039908CA
:10340C00013B11740D2B0BD8DFE803F00D071C07E3
:10341C000A160D0D160A071C070D5369013B536163
:10342C005DF8044B704753695DF8044B01335361ED
:10343C00704743F00403E0E753695DF8044B023B2B
:10344C005361704753695DF8044B02335361704705
:10345C00137C03F003030029D1D043F00403CEE71F
:10346C0044480020214B1A6DD2E90010D36809683A
:10347C00006810B41842946801EA04012ED0137C41
:10348C0003F00303D9B943F008039908013B117405
:10349C000D2B0BD8DFE803F00D071C070A160D0DDA
:1034AC00160A071C070D5369013B53615DF8044B69
:1034BC00704753695DF8044B01335361704743F017
:1034CC000403E0E753695DF8044B023B536170471A
:1034DC0053695DF8044B023353617047137C03F05E
:1034EC0003030029D1D043F00403CEE74448002065
:1034FC00214B5A6DD2E90010D3680968006810B4EA
:10350C001842946801EA04012ED0137C03F00303E3
:10351C00D9B943F008039908013B11740D2B0BD852
:10352C00DFE803F00D071C070A160D0D160A071C21
:10353C00070D5369013B53615DF8044B70475369A8
:10354C005DF8044B01335361704743F00403E0E72B
:10355C0053695DF8044B023B5361704753695DF846
:10356C00044B023353617047137C03F003030029AF
:10357C00D1D043F00403CEE744480020214B9A6D90
:10358C00D2E90010D3680968006810B41842946836
:10359C0001EA04012ED0137C03F00303D9B943F0E4
:1035AC0008039908013B11740D2B0BD8DFE803F0CD
:1035BC000D071C070A160D0D160A071C070D53697B
:1035CC00013B53615DF8044B704753695DF8044B44
:1035DC0001335361704743F00403E0E753695DF82E
:1035EC00044B023B5361704753695DF8044B023343
:1035FC0053617047137C03F003030029D1D043F0CF
:10360C000403CEE744480020214BDA6DD2E90010C8
:10361C00D3680968006810B41842946801EA040180
:10362C002ED0137C03F00303D9B943F00803990897
:10363C00013B11740D2B0BD8DFE803F00D071C07B1
:10364C000A160D0D160A071C070D5369013B536131
:10365C005DF8044B704753695DF8044B01335361BB
:10366C00704743F00403E0E753695DF8044B023BF9
:10367C005361704753695DF8044B023353617047D3
:10368C00137C03F003030029D1D043F00403CEE7ED
:10369C0044480020214B1A6ED2E90010D368096807
:1036AC00006810B41842946801EA04012ED0137C0F
:1036BC0003F00303D9B943F008039908013B1174D3
:1036CC000D2B0BD8DFE803F00D071C070A160D0DA8
:1036DC00160A071C070D5369013B53615DF8044B37
:1036EC00704753695DF8044B01335361704743F0E5
:1036FC000403E0E753695DF8044B023B53617047E8
:10370C0053695DF8044B023353617047137C03F02B
:10371C0003030029D1D043F00403CEE74448002032
:10372C00214B5A6ED2E90010D3680968006810B4B6
:10373C001842946801EA04012ED0137C03F00303B1
:10374C00D9B943F008039908013B11740D2B0BD820
:10375C00DFE803F00D071C070A160D0D160A071CEF
:10376C00070D5369013B53615DF8044B7047536976
:10377C005DF8044B01335361704743F00403E0E7F9
:10378C0053695DF8044B023B5361704753695DF814
:10379C00044B023353617047137C03F0030300297D
:1037AC00D1D043F00403CEE744480020214B9A6E5D
:1037BC00D2E90010D3680968006810B41842946804
:1037CC0001EA04012ED0137C03F00303D9B943F0B2
:1037DC0008039908013B11740D2B0BD8DFE803F09B
:1037EC000D071C070A160D0D160A071C070D536949
:1037FC00013B53615DF8044B704753695DF8044B12
:10380C0001335361704743F00403E0E753695DF8FB
:10381C00044B023B5361704753695DF8044B023310
:10382C0053617047137C03F003030029D1D043F09C
:10383C000403CEE744480020214BDA6ED2E9001095
:10384C00D3680968006810B41842946801EA04014E
:10385C002ED0137C03F00303D9B943F00803990865
:10386C00013B11740D2B0BD8DFE803F00D071C077F
:10387C000A160D0D160A071C070D5369013B5361FF
:10388C005DF8044B704753695DF8044B0133536189
:10389C00704743F00403E0E753695DF8044B023BC7
:1038AC005361704753695DF8044B023353617047A1
:1038BC00137C03F003030029D1D043F00403CEE7BB
:1038CC0044480020214B1A6FD2E90010D3680968D4
:1038DC00006810B41842946801EA04012ED0137CDD
:1038EC0003F00303D9B943F008039908013B1174A1
:1038FC000D2B0BD8DFE803F00D071C070A160D0D76
:10390C00160A071C070D5369013B53615DF8044B04
:10391C00704753695DF8044B01335361704743F0B2
:10392C000403E0E753695DF8044B023B53617047B5
:10393C0053695DF8044B023353617047137C03F0F9
:10394C0003030029D1D043F00403CEE74448002000
:10395C00214B5A6FD2E90010D3680968006810B483
:10396C001842946801EA04012ED0137C03F003037F
:10397C00D9B943F008039908013B11740D2B0BD8EE
:10398C00DFE803F00D071C070A160D0D160A071CBD
:10399C00070D5369013B53615DF8044B7047536944
:1039AC005DF8044B01335361704743F00403E0E7C7
:1039BC0053695DF8044B023B5361704753695DF8E2
:1039CC00044B023353617047137C03F0030300294B
:1039DC00D1D043F00403CEE744480020214B9A6F2A
:1039EC00D2E90010D3680968006810B418429468D2
:1039FC0001EA04012ED0137C03F00303D9B943F080
:103A0C0008039908013B11740D2B0BD8DFE803F068
:103A1C000D071C070A160D0D160A071C070D536916
:103A2C00013B53615DF8044B704753695DF8044BDF
:103A3C0001335361704743F00403E0E753695DF8C9
:103A4C00044B023B5361704753695DF8044B0233DE
:103A5C0053617047137C03F003030029D1D043F06A
:103A6C000403CEE744480020224BD3F8BC20D2E913
:103A7C000010D3680968006810B41842946801EA11
:103A8C0004012ED0137C03F00303D9B943F00803CF
:103A9C009908013B11740D2B0BD8DFE803F00D07CF
:103AAC001C070A160D0D160A071C070D5369013B5E
:103ABC0053615DF8044B704753695DF8044B013357
:103ACC005361704743F00403E0E753695DF8044B1E
:103ADC00023B5361704753695DF8044B02335361E9
:103AEC007047137C03F003030029D1D043F0040387
:103AFC00CEE700BF44480020224BD3F8C020D2E9C7
:103B0C000010D3680968006810B41842946801EA80
:103B1C0004012ED0137C03F00303D9B943F008033E
:103B2C009908013B11740D2B0BD8DFE803F00D073E
:103B3C001C070A160D0D160A071C070D5369013BCD
:103B4C0053615DF8044B704753695DF8044B0133C6
:103B5C005361704743F00403E0E753695DF8044B8D
:103B6C00023B5361704753695DF8044B0233536158
:103B7C007047137C03F003030029D1D043F00403F6
:103B8C00CEE700BF44480020224BD3F8C420D2E932
:103B9C000010D3680968006810B41842946801EAF0
:103BAC0004012ED0137C03F00303D9B943F00803AE
:103BBC009908013B11740D2B0BD8DFE803F00D07AE
:103BCC001C070A160D0D160A071C070D5369013B3D
:103BDC0053615DF8044B704753695DF8044B013336
:103BEC005361704743F00403E0E753695DF8044BFD
:103BFC00023B5361704753695DF8044B02335361C8
:103C0C007047137C03F003030029D1D043F0040365
:103C1C00CEE700BF44480020224BD3F8C820D2E99D
:103C2C000010D3680968006810B41842946801EA5F
:103C3C0004012ED0137C03F00303D9B943F008031D
:103C4C009908013B11740D2B0BD8DFE803F00D071D
:103C5C001C070A160D0D160A071C070D5369013BAC
:103C6C0053615DF8044B704753695DF8044B0133A5
:103C7C005361704743F00403E0E753695DF8044B6C
:103C8C00023B5361704753695DF8044B0233536137
:103C9C007047137C03F003030029D1D043F00403D5
:103CAC00CEE700BF44480020224BD3F8CC20D2E909
:103CBC000010D3680968006810B41842946801EACF
:103CCC0004012ED0137C03F00303D9B943F008038D
:103CDC009908013B11740D2B0BD8DFE803F00D078D
:103CEC001C070A160D0D160A071C070D5369013B1C
:103CFC0053615DF8044B704753695DF8044B013315
:103D0C005361704743F00403E0E753695DF8044BDB
:103D1C00023B5361704753695DF8044B02335361A6
:103D2C007047137C03F003030029D1D043F0040344
:103D3C00CEE700BF44480020224BD3F8D020D2E974
:103D4C000010D3680968006810B41842946801EA3E
:103D5C0004012ED0137C03F00303D9B943F00803FC
:103D6C009908013B11740D2B0BD8DFE803F00D07FC
:103D7C001C070A160D0D160A071C070D5369013B8B
:103D8C0053615DF8044B704753695DF8044B013384
:103D9C005361704743F00403E0E753695DF8044B4B
:103DAC00023B5361704753695DF8044B0233536116
:103DBC007047137C03F003030029D1D043F00403B4
:103DCC00CEE700BF44480020224BD3F8D420D2E9E0
:103DDC000010D3680968006810B41842946801EAAE
:103DEC0004012ED0137C03F00303D9B943F008036C
:103DFC009908013B11740D2B0BD8DFE803F00D076C
:103E0C001C070A160D0D160A071C070D5369013BFA
:103E1C0053615DF8044B704753695DF8044B0133F3
:103E2C005361704743F00403E0E753695DF8044BBA
:103E3C00023B5361704753695DF8044B0233536185
:103E4C007047137C03F003030029D1D043F0040323
:103E5C00CEE700BF44480020224BD3F8D820D2E94B
:103E6C000010D3680968006810B41842946801EA1D
:103E7C0004012ED0137C03F00303D9B943F00803DB
:103E8C009908013B11740D2B0BD8DFE803F00D07DB
:103E9C001C070A160D0D160A071C070D5369013B6A
:103EAC0053615DF8044B704753695DF8044B013363
:103EBC005361704743F00403E0E753695DF8044B2A
:103ECC00023B5361704753695DF8044B02335361F5
:103EDC007047137C03F003030029D1D043F0040393
:103EEC00CEE700BF44480020214BDA6FD2E9001026
:103EFC00D3680968006810B41842946801EA040198
:103F0C002ED0137C03F00303D9B943F008039908AE
:103F1C00013B11740D2B0BD8DFE803F00D071C07C8
:103F2C000A160D0D160A071C070D5369013B536148
:103F3C005DF8044B704753695DF8044B01335361D2
:103F4C00704743F00403E0E753695DF8044B023B10
:103F5C005361704753695DF8044B023353617047EA
:103F6C00137C03F003030029D1D043F00403CEE704
:103F7C0044480020224BD3F88020D2E90010D368AB
:103F8C000968006810B41842946801EA04012ED044
:103F9C00137C03F00303D9B943F008039908013BE0
:103FAC0011740D2B0BD8DFE803F00D071C070A1654
:103FBC000D0D160A071C070D5369013B53615DF883
:103FCC00044B704753695DF8044B013353617047E0
:103FDC0043F00403E0E753695DF8044B023B536183
:103FEC00704753695DF8044B023353617047137C7F
:103FFC0003F003030029D1D043F00403CEE700BF44
:10400C0044480020224BD3F88420D2E90010D36816
:10401C000968006810B41842946801EA04012ED0B3
:10402C00137C03F00303D9B943F008039908013B4F
:10403C0011740D2B0BD8DFE803F00D071C070A16C3
:10404C000D0D160A071C070D5369013B53615DF8F2
:10405C00044B704753695DF8044B0133536170474F
:10406C0043F00403E0E753695DF8044B023B5361F2
:10407C00704753695DF8044B023353617047137CEE
:10408C0003F003030029D1D043F00403CEE700BFB3
:10409C0044480020224BD3F88820D2E90010D36882
:1040AC000968006810B41842946801EA04012ED023
:1040BC00137C03F00303D9B943F008039908013BBF
:1040CC0011740D2B0BD8DFE803F00D071C070A1633
:1040DC000D0D160A071C070D5369013B53615DF862
:1040EC00044B704753695DF8044B013353617047BF
:1040FC0043F00403E0E753695DF8044B023B536162
:10410C00704753695DF8044B023353617047137C5D
:10411C0003F003030029D1D043F00403CEE700BF22
:10412C0044480020224BD3F88C20D2E90010D368ED
:10413C000968006810B41842946801EA04012ED092
:10414C00137C03F00303D9B943F008039908013B2E
:10415C0011740D2B0BD8DFE803F00D071C070A16A2
:10416C000D0D160A071C070D5369013B53615DF8D1
:10417C00044B704753695DF8044B0133536170472E
:10418C0043F00403E0E753695DF8044B023B5361D1
:10419C00704753695DF8044B023353617047137CCD
:1041AC0003F003030029D1D043F00403CEE700BF92
:1041BC0044480020224BD3F89020D2E90010D36859
:1041CC000968006810B41842946801EA04012ED002
:1041DC00137C03F00303D9B943F008039908013B9E
:1041EC0011740D2B0BD8DFE803F00D071C070A1612
:1041FC000D0D160A071C070D5369013B53615DF841
:10420C00044B704753695DF8044B0133536170479D
:10421C0043F00403E0E753695DF8044B023B536140
:10422C00704753695DF8044B023353617047137C3C
:10423C0003F003030029D1D043F00403CEE700BF01
:10424C0044480020224BD3F89420D2E90010D368C4
:10425C000968006810B41842946801EA04012ED071
:10426C00137C03F00303D9B943F008039908013B0D
:10427C0011740D2B0BD8DFE803F00D071C070A1681
:10428C000D0D160A071C070D5369013B53615DF8B0
:10429C00044B704753695DF8044B0133536170470D
:1042AC0043F00403E0E753695DF8044B023B5361B0
:1042BC00704753695DF8044B023353617047137CAC
:1042CC0003F003030029D1D043F00403CEE700BF71
:1042DC0044480020224BD3F89820D2E90010D36830
:1042EC000968006810B41842946801EA04012ED0E1
:1042FC00137C03F00303D9B943F008039908013B7D
:10430C0011740D2B0BD8DFE803F00D071C070A16F0
:10431C000D0D160A071C070D5369013B53615DF81F
:10432C00044B704753695DF8044B0133536170477C
:10433C0043F00403E0E753695DF8044B023B53611F
:10434C00704753695DF8044B023353617047137C1B
:10435C0003F003030029D1D043F00403CEE700BFE0
:10436C0044480020224BD3F89C20D2E90010D3689B
:10437C000968006810B41842946801EA04012ED050
:10438C00137C03F00303D9B943F008039908013BEC
:10439C0011740D2B0BD8DFE803F00D071C070A1660
:1043AC000D0D160A071C070D5369013B53615DF88F
:1043BC00044B704753695DF8044B013353617047EC
:1043CC0043F00403E0E753695DF8044B023B53618F
:1043DC00704753695DF8044B023353617047137C8B
:1043EC0003F003030029D1D043F00403CEE700BF50
:1043FC0044480020224BD3F8A020D2E90010D36807
:10440C000968006810B41842946801EA04012ED0BF
:10441C00137C03F00303D9B943F008039908013B5B
:10442C0011740D2B0BD8DFE803F00D071C070A16CF
:10443C000D0D160A071C070D5369013B53615DF8FE
:10444C00044B704753695DF8044B0133536170475B
:10445C0043F00403E0E753695DF8044B023B5361FE
:10446C00704753695DF8044B023353617047137CFA
:10447C0003F003030029D1D043F00403CEE700BFBF
:10448C0044480020224BD3F8A420D2E90010D36872
:10449C000968006810B41842946801EA04012ED02F
:1044AC00137C03F00303D9B943F008039908013BCB
:1044BC0011740D2B0BD8DFE803F00D071C070A163F
:1044CC000D0D160A071C070D5369013B53615DF86E
:1044DC00044B704753695DF8044B013353617047CB
:1044EC0043F00403E0E753695DF8044B023B53616E
:1044FC00704753695DF8044B023353617047137C6A
:10450C0003F003030029D1D043F00403CEE700BF2E
:10451C0044480020224BD3F8A820D2E90010D368DD
:10452C000968006810B41842946801EA04012ED09E
:10453C00137C03F00303D9B943F008039908013B3A
:10454C0011740D2B0BD8DFE803F00D071C070A16AE
:10455C000D0D160A071C070D5369013B53615DF8DD
:10456C00044B704753695DF8044B0133536170473A
:10457C0043F00403E0E753695DF8044B023B5361DD
:10458C00704753695DF8044B023353617047137CD9
:10459C0003F003030029D1D043F00403CEE700BF9E
:1045AC0044480020224BD3F8AC20D2E90010D36849
:1045BC000968006810B41842946801EA04012ED00E
:1045CC00137C03F00303D9B943F008039908013BAA
:1045DC0011740D2B0BD8DFE803F00D071C070A161E
:1045EC000D0D160A071C070D5369013B53615DF84D
:1045FC00044B704753695DF8044B013353617047AA
:10460C0043F00403E0E753695DF8044B023B53614C
:10461C00704753695DF8044B023353617047137C48
:10462C0003F003030029D1D043F00403CEE700BF0D
:10463C0044480020224BD3F8B020D2E90010D368B4
:10464C000968006810B41842946801EA04012ED07D
:10465C00137C03F00303D9B943F008039908013B19
:10466C0011740D2B0BD8DFE803F00D071C070A168D
:10467C000D0D160A071C070D5369013B53615DF8BC
:10468C00044B704753695DF8044B01335361704719
:10469C0043F00403E0E753695DF8044B023B5361BC
:1046AC00704753695DF8044B023353617047137CB8
:1046BC0003F003030029D1D043F00403CEE700BF7D
:1046CC0044480020224BD3F8B420D2E90010D36820
:1046DC000968006810B41842946801EA04012ED0ED
:1046EC00137C03F00303D9B943F008039908013B89
:1046FC0011740D2B0BD8DFE803F00D071C070A16FD
:10470C000D0D160A071C070D5369013B53615DF82B
:10471C00044B704753695DF8044B01335361704788
:10472C0043F00403E0E753695DF8044B023B53612B
:10473C00704753695DF8044B023353617047137C27
:10474C0003F003030029D1D043F00403CEE700BFEC
:10475C0044480020224BD3F8B820D2E90010D3688B
:10476C000968006810B41842946801EA04012ED05C
:10477C00137C03F00303D9B943F008039908013BF8
:10478C0011740D2B0BD8DFE803F00D071C070A166C
:10479C000D0D160A071C070D5369013B53615DF89B
:1047AC00044B704753695DF8044B013353617047F8
:1047BC0043F00403E0E753695DF8044B023B53619B
:1047CC00704753695DF8044B023353617047137C97
:1047DC0003F003030029D1D043F00403CEE700BF5C
:1047EC00444800202DE9F04FB54D6C682DED028B3F
:1047FC0089B0002C40F09A80DFF824B3DBF800304D
:10480C00012B53D0042B00F0B380AE4B03931B78D9
:10481C0013B3AD4B0493AD4D05F1080006F04AFF00
:10482C00AB4905F1080007F0E1FBDBF80030012B88
:10483C0000F0FC80042B00F0AC80A64806F046FF8C
:10484C0000230399A44A0B70049913700B7009B0E0
:10485C00BDEC028BBDE8F08F9B4B04931B78002BB7
:10486C00D9D0DFF8C0A29AF80430002BD3D0974DE2
:10487C0005F1080006F01EFF954905F1080007F048
:10488C00B5FBDBF80030012B00F07083042B00F03B
:10489C0052859AF803209AF802308E4800929AF8C2
:1048AC0001209AF8001006F06BFFC9E78B4FA44665
:1048BC008B4BDFF874A28B488B4A8C498C4E8D4DF8
:1048CC00CDE903741AF801EB13F8014B744596F813
:1048DC0000E021D0039F95F8009097F800804FF0EE
:1048EC00010C82F800E081F8009080F800800AF852
:1048FC00014C039C01300132013101340136013588
:10490C0003947D4CA342DDD1049CBCF1000F3FF419
:10491C007CAF6C4B03937CE792F8008095F8009089
:10492C00F0455ED0039F97F80080D8E72221002441
:10493C0072480AF041FE724808F07AFD28466C6015
:10494C0006F062FB28460CF00BFA6E49284606F07E
:10495C00E9FC604807F046FF5E4806F03DFF214643
:10496C005C4809B0BDEC028BBDE8F04F07F044BFCA
:10497C00654BA446654A03F1080513F8011F12F8AC
:10498C00010F884202D04FF0010C1170AB42F4D1F0
:10499C00BBE74FF400235E4E552105F1080706F1E5
:1049AC000C094FF6FD78C5F8B83004E04E4500F020
:1049BC002A8216F8011FD5F8B4303846984740457E
:1049CC00F4D80346B5F8BA20B5F8B810384607F055
:1049DC00CFFA95F89030032BE8D8DFE803F0211BD1
:1049EC00150F91F80080039FC84597F800807FF45D
:1049FC0076AF077847457FF472AF7AE7B5F8BA30EF
:104A0C001B1AA5F8BA30D1E7B5F8B8301B1AA5F8BF
:104A1C00B830CBE7B5F8BA301844A5F8BA00C5E7FA
:104A2C00B5F8B8301844A5F8B800BFE7394C4FF4C6
:104A3C000023462105F1080604F105084FF6FD7721
:104A4C00C5F8B83003E044452FD014F8011FD5F851
:104A5C00B43030469847B842F5D80346B5F8BA207A
:104A6C00B5F8B810304607F083FA95F89030032B60
:104A7C00E9D8DFE803F0140E0802B5F8BA301B1AB7
:104A8C00A5F8BA30DFE7B5F8B8301B1AA5F8B8307E
:104A9C00D9E7B5F8BA301844A5F8BA00D3E7B5F899
:104AAC00B8301844A5F8B800CDE71B4C43211B4B7C
:104ABC004FF6FD7704F10108064EC5F8B83039E021
:104ACC00B01B0020155400201B5400201053002054
:104ADC00B00C002018530020115400201851002055
:104AEC00A4280020BC46002000480020F8470020E5
:104AFC003C26002040260020A7280020500500203E
:104B0C00A018002040420F005F260020E347002041
:104B1C007C030020640300206C03002026000F009F
:104B2C007452002074500020EC47002044452FD0D4
:104B3C0014F8011FD5F8B43030469847B842F5D870
:104B4C000346B5F8BA20B5F8B810304607F010FA9D
:104B5C0095F89030032BE9D8DFE803F0140E080227
:104B6C00B5F8BA301B1AA5F8BA30DFE7B5F8B8308B
:104B7C001B1AA5F8B830D9E7B5F8BA301844A5F81F
:104B8C00BA00D3E7B5F8B8301844A5F8B800CDE7AB
:104B9C00A24C4121A24B4FF6FD7704F10108A14E26
:104BAC00C5F8B83003E044452FD014F8011FD5F8F0
:104BBC00B43030469847B842F5D80346B5F8BA2019
:104BCC00B5F8B810304607F0D3F995F89030032BB0
:104BDC00E9D8DFE803F0140E0802B5F8BA301B1A56
:104BEC00A5F8BA30DFE7B5F8B8301B1AA5F8B8301D
:104BFC00D9E7B5F8BA301844A5F8BA00D3E7B5F838
:104C0C00B8301844A5F8B800CDE7874C4121874B44
:104C1C004FF6FD7704F10108824EC5F8B83003E079
:104C2C00A0452FD014F8011FD5F8B4303046984762
:104C3C00B842F5D80346B5F8BA20B5F8B8103046E6
:104C4C0007F096F995F89030032BE9D8DFE803F0DC
:104C5C00140E0802B5F8BA301B1AA5F8BA30DFE703
:104C6C00B5F8B8301B1AA5F8B830D9E7B5F8BA3092
:104C7C001844A5F8BA00D3E7B5F8B8301844A5F82D
:104C8C00B800CDE76A4C43216A4B4FF6FD7704F12F
:104C9C000108644EC5F8B83003E0A0452FD014F8D5
:104CAC00011FD5F8B43030469847B842F5D80346C2
:104CBC00B5F8BA20B5F8B810304607F059F995F8A0
:104CCC009030032BE9D8DFE803F0140E0802B5F896
:104CDC00BA301B1AA5F8BA30DFE7B5F8B8301B1A92
:104CEC00A5F8B830D9E7B5F8BA301844A5F8BA0029
:104CFC00D3E7B5F8B8301844A5F8B800CDE74FF0B5
:104D0C00000A4FF01E09DFF848B1464F1E230AF186
:104D1C0041013846A5F8BA90A5F8B830C9B2D5F813
:104D2C00B43098474FF6FD7398425CD9A9F108034B
:104D3C00A9F10A08059500249BB228261FFA88F8C9
:104D4C0008EE103AA9F10C039BB206934FEA8A03C2
:104D5C001D460C23424631463846009306F036FC7D
:104D6C00ECB1012C3BD0022C0CBF334B334B13F862
:104D7C000A30CBB96319DBF800209A4222D00134F7
:104D8C001036042CB6B2E4D10AF1010A09F110096B
:104D9C00059DBAF1030F1FFA89F9B7D14DE5284BE0
:104DAC0013F80A30002BE5D00823B11C18EE102A9A
:104DBC003846009389B206F0E3FB6319DBF8002058
:104DCC009A42DCD11F4B1B78002BD8D01023B11E7C
:104DDC00069A384689B2009306F0F8FBCFE71A4BD7
:104DEC0013F80A30C5E70346B5F8BA20B5F8B81081
:104DFC00384607F0BDF895F89030032B96D8DFE8CD
:104E0C0003F0AFA9A39DDFF81C8002260F4FDFF83B
:104E1C004490A8F1080ADFF82CB02CE070030020B5
:104E2C0036000F00185300207403002046000F00BA
:104E3C007803002056000F00402600201851002057
:104E4C00A42800201A2900203C2600205F260020E0
:104E5C00F0500020F8520020731D013450461036DB
:104E6C00A5F8B83010232146B6B2A5F8BA3008F030
:104E7C00D3FA082C23D00E2331461422404600933B
:104E8C0006F0A4FB17F8013F83B9D9F80030A34210
:104E9C00E2D19BF80030002BDED0122321014046DA
:104EAC0089B21A46009306F091FBD5E7B11C0A2390
:104EBC001622404689B2009306F062FBE5E7AC4C43
:104ECC004FF45C134C21AB4E04F118084FF6FD77F0
:104EDC00C5F8B83004E044453FF4AFAC14F8011FFA
:104EEC00D5F8B43030469847B842F4D80346B5F8F4
:104EFC00BA20B5F8B810304607F03AF895F890306B
:104F0C00032BE8D8DFE803F0140E0802B5F8BA302A
:104F1C001B1AA5F8BA30DEE7B5F8B8301B1AA5F89D
:104F2C00B830D8E7B5F8BA301844A5F8BA00D2E7CB
:104F3C00B5F8B8301844A5F8B800CCE7B5F8BA30D5
:104F4C001B1AA5F8BA30F1E6B5F8B8301B1AA5F85B
:104F5C00B830EBE6B5F8BA301844A5F8BA00E5E677
:104F6C00B5F8B8301844A5F8B800DFE64FF40023C4
:104F7C00814C462105F1080604F105084FF6FD7732
:104F8C00C5F8B83003E044452FD014F8011FD5F80C
:104F9C00B43030469847B842F5D80346B5F8BA2035
:104FAC00B5F8B810304606F0E3FF95F89030032BB7
:104FBC00E9D8DFE803F0140E0802B5F8BA301B1A72
:104FCC00A5F8BA30DFE7B5F8B8301B1AA5F8B83039
:104FDC00D9E7B5F8BA301844A5F8BA00D3E7B5F854
:104FEC00B8301844A5F8B800CDE7644B4321644CA5
:104FFC004FF6FD775F4E04F10108C5F8B83003E0B9
:10500C00A0452FD014F8011FD5F8B430304698477E
:10501C00B842F5D80346B5F8BA20B5F8B810304602
:10502C0006F0A6FF95F89030032BE9D8DFE803F0E3
:10503C00140E0802B5F8BA301B1AA5F8BA30DFE71F
:10504C00B5F8B8301B1AA5F8B830D9E7B5F8BA30AE
:10505C001844A5F8BA00D3E7B5F8B8301844A5F849
:10506C00B800CDE7474B4121474C4FF6FD77414EF9
:10507C0004F10108C5F8B83003E044452FD014F80A
:10508C00011FD5F8B43030469847B842F5D80346DE
:10509C00B5F8BA20B5F8B810304606F069FF95F8A7
:1050AC009030032BE9D8DFE803F0140E0802B5F8B2
:1050BC00BA301B1AA5F8BA30DFE7B5F8B8301B1AAE
:1050CC00A5F8B830D9E7B5F8BA301844A5F8BA0045
:1050DC00D3E7B5F8B8301844A5F8B800CDE72B4B9A
:1050EC0041212B4C4FF6FD77224E04F10108C5F8F7
:1050FC00B83003E044452FD014F8011FD5F8B43074
:10510C0030469847B842F5D80346B5F8BA20B5F8FA
:10511C00B810304606F02CFF95F89030032BE9D8E8
:10512C00DFE803F0140E0802B5F8BA301B1AA5F824
:10513C00BA30DFE7B5F8B8301B1AA5F8B830D9E7A4
:10514C00B5F8BA301844A5F8BA00D3E7B5F8B830BA
:10515C001844A5F8B800CDE70E4B43210E4C4FF682
:10516C00FD77044E04F10108C5F8B8301AE000BF11
:10517C008C030020185300206403002026000F002D
:10518C006C03002036000F007003002046000F0057
:10519C007403002056000F0078030020A0452FD088
:1051AC0014F8011FD5F8B43030469847B842F5D8FA
:1051BC000346B5F8BA20B5F8B810304606F0D8FE5C
:1051CC0095F89030032BE9D8DFE803F0140E0802B1
:1051DC00B5F8BA301B1AA5F8BA30DFE7B5F8B83015
:1051EC001B1AA5F8B830D9E7B5F8BA301844A5F8A9
:1051FC00BA00D3E7B5F8B8301844A5F8B800CDE735
:10520C001E234FF00009DFF8C8B2DFF8C082059307
:10521C00059B09F141014046A5F8BA301E23C9B2DD
:10522C00A5F8B830D5F8B43098474FF6FD739842CE
:10523C0059D9059A002406952826A2F10803A2F153
:10524C000A079BB2BFB208EE103AA2F10C039BB254
:10525C0007934FEA89031D460C233A4631464046D4
:10526C00009306F0B3F9FCB1012C38D0022C0CBF22
:10527C008E4B8F4B13F809303BBB6319DBF80020C6
:10528C009A4215D001341036042CB6B2E4D109F18F
:10529C000109DDE90535B9F1030F03F110039BB2E8
:1052AC000593B5D1FFF7F5BA824B13F80930E3E754
:1052BC00814B1B78002BE5D01023B11E079A40467A
:1052CC0089B2009306F082F9DCE70823B11C18EED2
:1052DC00102A404689B2009306F052F9CDE7774B7D
:1052EC0013F80930C8E70346B5F8BA20B5F8B8107A
:1052FC00404606F03DFE95F89030032B99D8DFE838
:10530C0003F0140E0802B5F8BA301B1AA5F8BA301F
:10531C008FE7B5F8B8301B1AA5F8B83089E7B5F89F
:10532C00BA301844A5F8BA0083E7B5F8B830184479
:10533C00A5F8B8007DE7624E4FF40023552105F126
:10534C00080706F10C094FF6FD78C5F8B83003E0F4
:10535C00B1452FD016F8011FD5F8B4303846984710
:10536C004045F5D80346B5F8BA20B5F8B81038461C
:10537C0006F0FEFD95F89030032BE9D8DFE803F03A
:10538C00140E0802B5F8BA301B1AA5F8BA30DFE7CC
:10539C00B5F8B8301B1AA5F8B830D9E7B5F8BA305B
:1053AC001844A5F8BA00D3E7B5F8B8301844A5F8F6
:1053BC00B800CDE7DFF814810226424FDFF81491D4
:1053CC00A8F1080B0EE0731D013458461036A5F8F1
:1053DC00B83010232146B6B2A5F8BA3008F01CF844
:1053EC00082C23D00E23314614224046009306F09D
:1053FC00EDF817F8013F83B9D9F80030A342E2D198
:10540C002D4B1B78002BDED012232101404689B294
:10541C001A46009306F0DAF8D5E7B11C0A231622D7
:10542C00404689B2009306F0ABF8E5E74FF45C1305
:10543C00254C4C21254E04F118084FF6FD77C5F884
:10544C00B83004E0A0453FF424AA14F8011FD5F8A5
:10545C00B43030469847B842F4D80346B5F8BA2071
:10546C00B5F8B810304606F083FD95F89030032B54
:10547C00E8D8DFE803F0140E0802B5F8BA301B1AAE
:10548C00A5F8BA30DEE7B5F8B8301B1AA5F8B83075
:10549C00D8E7B5F8BA301844A5F8BA00D2E7B5F891
:1054AC00B8301844A5F8B800CCE700BF402600205F
:1054BC0018510020A42800201A2900203C26002086
:1054CC007C0300205F2600208C0300201853002052
:1054DC00F0500020F85200200B4610B5362800F290
:1054EC009782DFE810F08C02820279027002670268
:1054FC005E0255024C0243023A02310228021F029C
:10550C00BF01B601AD01A4019B019201890180018B
:10551C0077016E0165015C0153014A0141013801BB
:10552C002F0126011D0113010901FF00F500EB00FD
:10553C00E100D700CD00C300B900AF00A5009B006F
:10554C00910087007D00730069005F0055004B00DF
:10555C0041003700C84C0422C8493620C4F8D83062
:10556C0008F028FD012010BDC34C0422C44935208D
:10557C00C4F8D43008F01EFD012010BDBE4C04222E
:10558C00C0493420C4F8D03008F014FD012010BDFF
:10559C00B94C0422BC493320C4F8CC3008F00AFDC5
:1055AC00012010BDB44C0422B8493220C4F8C830D4
:1055BC0008F000FD012010BDAF4C0422B44931208D
:1055CC00C4F8C43008F0F6FC012010BDAA4C04222B
:1055DC00B0493020C4F8C03008F0ECFC012010BDFC
:1055EC00A54C0422AC492F20C4F8BC3008F0E2FCD6
:1055FC00012010BDA04C0422A8492E20C4F8B830BC
:10560C0008F0D8FC012010BD9B4C0422A4492D208D
:10561C00C4F8B43008F0CEFC012010BD964C042226
:10562C00A0492C20C4F8B03008F0C4FC012010BDF7
:10563C00914C04229C492B20C4F8AC3008F0BAFCE5
:10564C00012010BD8C4C042298492A20C4F8A830A3
:10565C0008F0B0FC012010BD874C0422944929208D
:10566C00C4F8A43008F0A6FC012010BD824C042222
:10567C0090492820C4F8A03008F09CFC012010BDF3
:10568C007D4C04228C492720C4F89C3008F092FCF5
:10569C00012010BD784C042288492620C4F898308B
:1056AC0008F088FC012010BD734C0422844925208D
:1056BC00C4F8943008F07EFC012010BD6E4C04221E
:1056CC0080492420C4F8903008F074FC012010BDEF
:1056DC00694C04227C492320C4F88C3008F06AFC05
:1056EC00012010BD644C042278492220C4F8883073
:1056FC0008F060FC012010BD5F4C0422744921208D
:10570C00C4F8843008F056FC012010BD5A4C042219
:10571C0070492020C4F8803008F04CFC012010BDEA
:10572C00554C04226C491F20E36708F043FC012010
:10573C0010BD514C042269491E20A36708F03AFCA5
:10574C00012010BD4C4C042265491D20636708F0F4
:10575C0031FC012010BD484C042262491C202367F7
:10576C0008F028FC012010BD434C04225E491B208C
:10577C00E36608F01FFC012010BD3F4C04225B497E
:10578C001A20A36608F016FC012010BD3A4C042226
:10579C0057491920636608F00DFC012010BD364CEA
:1057AC00042254491820236608F004FC012010BD83
:1057BC00314C042250491720E36508F0FBFB012013
:1057CC0010BD2D4C04224D491620A36508F0F2FBA8
:1057DC00012010BD284C042249491520636508F0AE
:1057EC00E9FB012010BD244C0422464914202365FA
:1057FC0008F0E0FB012010BD1F4C0422424913208D
:10580C00E36408F0D7FB012010BD1B4C04223F4978
:10581C001220A36408F0CEFB012010BD164C04220C
:10582C003B491120636408F0C5FB012010BD124CEC
:10583C00042238491020236408F0BCFB012010BD61
:10584C000D4C042234490F20E36308F0B3FB012014
:10585C0010BD094C042231490E20A36308F0AAFBA9
:10586C00012010BD044C04222D490D20636308F067
:10587C00A1FB012010BD00BF44480020591C0000B2
:10588C00C91B0000391B0000A91A0000191A0000DE
:10589C0089190000F918000069180000552500004E
:1058AC00C524000035240000A523000015230000AA
:1058BC0085220000F521000065210000D5200000A4
:1058CC0045200000B51F0000251F0000951E00009C
:1058DC00051E0000751D0000E91C0000DD1700000E
:1058EC0051170000C516000039160000AD15000058
:1058FC002115000095140000091400007D13000010
:10590C00F112000065120000D91100004D110000C9
:10591C00C110000035100000A90F00001D0F000081
:10592C00910E00003B4C04223B490C20236308F0F1
:10593C0041FB012010BD374C042238490B20E36297
:10594C0008F038FB012010BD324C042234490A20E7
:10595C00A36208F02FFB012010BD2E4C042231490C
:10596C000920636208F026FB012010BD294C04229B
:10597C002D490820236208F01DFB012010BD254C89
:10598C0004222A490720E36108F014FB012010BD12
:10599C00204C042226490620A36108F00BFB0120B1
:1059AC0010BD1C4C042223490520636108F002FB46
:1059BC00012010BD0422174C1F491046236108F02A
:1059CC00F9FA012010BD134C04221C490320E3609A
:1059DC0008F0F0FA012010BD0E4C042218490220E8
:1059EC00A36008F0E7FA012010BD04460948042220
:1059FC0014494360012008F0DDFA204610BD054C27
:105A0C00042211490020236008F0D4FA012010BDB3
:105A1C00002010BD44480020050E0000790D000048
:105A2C00ED0C0000610C0000D50B0000490B0000D0
:105A3C00BD0A0000310A0000A50900001909000088
:105A4C008D0800000108000075070000524B186813
:105A5C00012830B507D0052800F29380DFE800F06C
:105A6C00529152527F884D4B10251A68514202F0C8
:105A7C00030301F0030158BF4B42002AB8BF0332A5
:105A8C001B01921026331201123222EAE272C2F189
:105A9C004001C2F3C7001029D4BF521810328446FB
:105AAC00511E48BF911DC0F1010202EBE102D2B2BE
:105ABC00104423EAE3733A4CC3F1800EE27084F88D
:105ACC0001C0AE45D4BF03EB0E015919C3F3C70394
:105ADC00B1F1010EC3F10102237048BF01F1060EB2
:105AEC0002EBEE02D2B2A2701A44102A02DDC3F10C
:105AFC001003A370082802DDCCF10803E370012326
:105B0C00237130BD00283FD1264B1B68002B1A4651
:105B1C003FDBD210594203F007034FF00E054FEA5A
:105B2C00021201F0070102F10F0258BF4B4222EAA8
:105B3C00E272C3EB0313C2F14001C2F3C700073397
:105B4C000E29D4BF52180E328446511E48BF911DE7
:105B5C00C0F1010202EBE102D2B21044A9E7124BF0
:105B6C00052003224FF0020C1B6812251B01A0E735
:105B7C000D4B03224FF0020C0C251B68C3EBC30327
:105B8C0097E70023064CBBE7084B1B68002B1A4613
:105B9C00BFDADA1DBDE700BF74520020F0500020C0
:105BAC0074500020FC520020F8520020AC50002011
:105BBC002DE9F84F3C4A3D4BD3F800801368A8EB15
:105BCC000303182B27D90024394DDFF8FCA04FF024
:105BDC000109384F05F10C0B2646C2F800808AF8F3
:105BEC0000403C705BF80C0C0268126990473E2830
:105BFC00064412DD04223F2887F80090EA6031D178
:105C0C00013410350BF1100B032CEBD13B7893B115
:105C1C00294BC3F80080BDE8F88F2D2806DC1E2820
:105C2C0039DD02228AF80090EA60E9E7032287F85E
:105C3C000090EA60E4E7782E0CDC9AF800300BB99F
:105C4C00502EE8DD01221C4B8AF80020C3F800809E
:105C5C00BDE8F88F194A01211370174B3970C3F83E
:105C6C000080D8E72421164809F0A6FC21461548E7
:105C7C0007F0D2FB134807F0DBFB04E05BF80C0CDD
:105C8C000268526990475BF80C0C026812699047E5
:105C9C000028F3D1B4E70F2802DDC5F80C90AFE76C
:105CAC000022EA60ACE700BFF4500020085300204B
:105CBC00A8280020145400200C5100201B2900207F
:105CCC00A8030020A0180020165400202DE9F04F46
:105CDC004FF0000B04468A462DED028B85B00092E6
:105CEC00236820461B699847002800F0BD80BBF153
:105CFC00040F00F0B98007F0C1FE064672B62368A7
:105D0C0020465B699847804662B6DAF828300BF17A
:105D1C00010B002B00F3AD805FFA88F505F1080745
:105D2C00FFB2072F40F2A980DAF81430A54A0133EC
:105D3C00DFF8A8921168CAF814301368A24AC9F89F
:105D4C000030A24B11601A78002A00F0B680D9F806
:105D5C000030F72DCAF82C3000F2CE809AF81030B3
:105D6C00002B40F02681F02D00F04E8218F0800FB1
:105D7C0040F0F1809AF80870002FB1D0DAF80420C6
:105D8C00511CCAF804100AF80250DAF80C2091429F
:105D9C00A6DB002A07F0F009C8BF9AF80030012AE8
:105DAC000193D4BF00239AF80130B9F1B00F08EE7B
:105DBC00103A05D19AF8332012B1019B772B2ED9CA
:105DCC00009A0025824B02943C469B5C07F0FD0236
:105DDC009846039248FA05F2D3071CD57D4B214611
:105DEC0053F825703A68384612689047F72C12D849
:105DFC00B9F1D00F0AD000F2DD81B9F1B00F00F08B
:105E0C00CD8140F2C881B9F1C00F04D13A6838464F
:105E1C000199126890470135082DDBD1029C07F0DF
:105E2C002DFEDAF81830801B0344CAF81830DAF863
:105E3C0024300133CAF82430DAF81C30834238BFDE
:105E4C000346CAF81C30DAF82030834228BF0346D8
:105E5C002046CAF820300023CAF8043023681B6996
:105E6C00984700287FF443AF05B0BDEC028BBDE82A
:105E7C00F08F013BCAF8283032E7574BDB5D23B17A
:105E8C009AF83030002B7FF42BAFFE2D1ED19AF8F0
:105E9C003130002B7FF424AFDAF81430494A013347
:105EAC00DFF838911168CAF814301368464AC9F8FB
:105EBC000030464B11601A78D2B901210D200193A4
:105ECC0007F006FE0122019B1A7040E7F82D7FF4C3
:105EDC002BAF3C4BDFF804911A68DAF81430C9F890
:105EEC0000200133CAF81430384B1A78002AE4D059
:105EFC00D9F80030CAF82C30354B0027009A13F82B
:105F0C00028048FA07F32946DB0705D5314B53F8D5
:105F1C00270003681B6898470137082FF1D107F059
:105F2C00ADFDDAF81830801B0344CAF81830DAF8E3
:105F3C0024300133CAF82430DAF81C30834238BFDD
:105F4C000346CAF81C30DAF82030834228BF0346D7
:105F5C00CAF82030C4E6072F40F28A80A02D00F04A
:105F6C00F980D02D00F0F68085F080036F2B00F2C5
:105F7C009E8008F00F00504490F83430002B40F015
:105F8C006F8105F0F007CAF804308AF80850D02F5A
:105F9C0009D000F2FD80B02F00F0258140F2218164
:105FAC00C02F40F09D800123CAF80C308AF80930CC
:105FBC0096E6074B0027009A05F0F008019413F8B9
:105FCC0002901CE0085300200C51002019540020B2
:105FDC0028520020E428002008030020085100204B
:105FEC00B8F1B00F39D035D9B8F1C00F04D123684E
:105FFC00204600211B6898470137082F20D049FA0A
:10600C0007F3DC07F8D5A84B294653F8274023683B
:10601C0020461B689847B8F1D00FE8D0E0D9B8F10A
:10602C00E00F1AD0B8F1F00FE6D1F02DE4D005F066
:10603C00FD03F12BDBD0F22D0FD00137082FDED171
:10604C00F72D019C7FF46BAF00238AF810308AF88F
:10605C00083064E7B8F1A00F05D123680021204671
:10606C001B689847C3E705F0E003802BF5D0C3E726
:10607C008E4BDB5D002B3FF471AF9AF83030002B68
:10608C003FF46CAF05F0F003D02B05D06CD8B02BDF
:10609C007CD079D9C02B71D10123CAF80C30CAF845
:1060AC00283000238AF80930CAF8043018E605F0C5
:1060BC00F00700238AF80850D02FCAF804303FF4B8
:1060CC0072AF7FF668AFE02F00F08D80F02F07D114
:1060DC0005F0FD03F12B3FF466AFF22D00F0838049
:1060EC000023009A9846CAF80C308AF80930704B95
:1060FC0013F8029005F0FD03CDE9014311E0B02F38
:10610C0000F09C8040F29880C02F04D12268204679
:10611C0000211368984708F10108B8F1080F00F046
:10612C009D8049FA08F3DA07F5D55F4B294653F8F9
:10613C0028402268204612689047D02FE6D0DED93E
:10614C00E02F7BD0F02FE6D1029BF12BDED0F22D8D
:10615C00E1D173E09AF83230002B93D185F08003B3
:10616C006F2B7FF606AFA2E7E02B0FD0F02B05D1FB
:10617C0005F0FD03F12B8FD0F22D07D00023CAF8C8
:10618C000C30CAF82830ABE5A02B38D1022384E7B9
:10619C00E02FA5D127E0B9F1A00F1DD13A68384600
:1061AC000199126890473A68384618EE101A12682E
:1061BC00904730E6B9F1E00FF0D0B9F1F00F7FF471
:1061CC002AAEF02C3FF427AE039BF12B3FF41EAE0E
:1061DC00F22C7FF420AEE1E704F0E002802ADDD05F
:1061EC0019E6A02F06D10223CAF80C3001238AF835
:1061FC00093075E505F0E003802BF4D070E705F06D
:10620C00E005802DC2D0B9E71D468AF8083001237D
:10621C00009A8AF81030264B9F5C47FA05F3F02160
:10622C00D80705D5204B53F8250003681B68984701
:10623C000135082DF1D172E6A02F05D1226800217D
:10624C0020461268904761E707F0E002802AF5D0FB
:10625C0008F10108B8F1080F7FF463AF019C5EE60A
:10626C0005F0F003C02B3FF417AF09D8A02B8DD04D
:10627C0010D9A3F1B003B3FA83F35B095B000CE70D
:10628C00D02B3FF409AFA3F1E003B3FA83F35B091E
:10629C005B0002E705F0E003A3F18003B3FA83F39C
:1062AC005B095B00F9E600BFE4280020080300202E
:1062BC00285200202DE9F04F83B0FFF779FC544BA6
:1062CC001B78002B40F09E80524B01931B78002BC7
:1062DC0014BF0823042300934F4F4FF0000A4F4E76
:1062EC003A68DFF84881DFF8489100252A4488FB9A
:1062FC000234A4EBE27404EB4404141B4FEA041BB9
:10630C0006EB041456F80B0003681B699847002829
:10631C0037D10135032D01D03A68E7E73B68019A84
:10632C000133117888FB0302A2EBE37202EB420209
:10633C009A1A3A6000293FD1354B1B78CBB1009BA0
:10634C00013B534515DD364B45F2555159804AF604
:10635C00AA215980334BD9F804001968324BA3FB9E
:10636C000131890C01EB8101D9F804301B1A9942D7
:10637C00FAD80AF1010A009B5345B6D103B0BDE827
:10638C00F08F56F80B00D4E90112FFF79FFCD4F8FC
:10639C000CB0BBF1000F08DCBBE7D4E9011220689C
:1063AC00FFF794FCBBF1010BB3D0206803681B69A9
:1063BC0098470028F1D1ACE7009B013B5345D8DD51
:1063CC00174B45F2555159804AF6AA215980104B6A
:1063DC001B78002BBED1134BD9F804001968124B53
:1063EC00A3FB0131890C01EB81014900D9F8043080
:1063FC001B1A9942FAD80AF1010A009B53457FF403
:10640C0074AFBBE70C230093024B019364E700BF0E
:10641C001454002016540020B4500020A82800204A
:10642C0000800B409C18002083DE1B4356555555AD
:10643C00001000E0974B41F28731974A18681368B7
:10644C00C31A8B4200D870472DE9F04F0027934EAA
:10645C0087B0106026219248B0463C46DFF8B4B2B3
:10646C0009F0AAF8DFF8B0A28E4806F0E1FF019718
:10647C000621584658F8045B09F09EF804F14100D7
:10648C00C0B209F083F8884A2301D05803681B690D
:10649C00984781460621504609F08EF849468148B6
:1064AC0006F0BAFF0321814809F086F86B6A0721D0
:1064BC00002B00F0D080AA6904217D48B2FBF3F9CF
:1064CC0009F07AF800230A224946764806F0BEFF06
:1064DC000821784809F070F800230A22E96971480C
:1064EC0006F0B4FF0821744809F066F800230A226C
:1064FC00296A6C4806F0AAFF0921704809F05CF87B
:10650C0000230A226969674806F0A0FF654806F077
:10651C008FFF6B69019A1A44EB699F42019238BF55
:10652C001F460134032CA3D1654C0A21654809F0A0
:10653C0043F8E368002B00F0958004215C4809F0D7
:10654C003BF8E36821680A225648B1FBF3F10023BB
:10655C0006F07CFF0821574809F02EF800230A2288
:10656C006168504806F072FF0821534809F024F87E
:10657C0000230A22A1684B4806F068FF0C21524800
:10658C0009F01AF800230A22E168464806F05EFF7B
:10659C00444806F04DFF0F214C4809F00DF84C4BC8
:1065AC001B78002B70D14B4B1B78002B62D1062132
:1065BC00494809F001F80B21484808F0FDFF484B09
:1065CC00484803AD1B78002B474B12BF07211846D8
:1065DC00082108F0F1FF1421444808F0EDFF444B6A
:1065EC00198800294BD14349284606F043FF294618
:1065FC002C4806F0EBFE284606F05AFF0E213E48CA
:10660C0008F0DAFF0199274806F006FF11213B48F4
:10661C0008F0D2FF0A2200233946224806F016FF62
:10662C000221374808F0C8FF1E4806F001FF354824
:10663C0000224FF0FF3156F8043B86425A62C3E900
:10664C000522C3E90721F6D1C4E90022C4E90212EC
:10665C0007B0BDE8F08F2C4808F0AEFF114806F0EB
:10666C00E7FE5EE70721284808F0A6FF0D4806F074
:10667C00DFFE90E70921254808F09EFF9BE71022DA
:10668C00284606F051FFB2E70C21214808F094FF90
:10669C0091E700BF0853002054490020D82800205F
:1066AC0034040020A0180020A82800206C0400202E
:1066BC007004002078040020840400209004002042
:1066CC00CC530020A4040020B0040020C0040020FF
:1066DC001454002016540020EC040020F404002074
:1066EC001B2900202C040020200400203805002049
:1066FC000454002000050020100500202005002077
:10670C0034050020E42800209C040020E004002034
:10671C00D00400205C04002064040020F8B500279D
:10672C000D4E67F04F050D4CEDB254F8040F294691
:10673C0003681B68984720687B2103681B6898478F
:10674C002068002103681B689847B442EDD10137DB
:10675C00102FE6D1F8BD00BF00290020E028002052
:10676C0070B500240C4E054656F8250064F04F0118
:10677C0001340368C9B21B68984756F825007B2181
:10678C0003681B68984756F82500002103681B68AE
:10679C009847102CE8D170BDE4280020124B01F072
:1067AC000F012DE9F0410024DFF840801F5C41F01F
:1067BC00B00647FA04F33146DB070FD558F82450DE
:1067CC002B6828461B6898472B687B2128461B683A
:1067DC0098472B68002128461B6898470134082CE1
:1067EC00E7D1BDE8F08100BF28520020E42800204A
:1067FC00114B1B7810B5044683B101460F4806F0C7
:10680C00A9FE0F4A01230F4C11680F4A0F48116063
:10681C0000210F4A23700370117010BD17210D4811
:10682C0008F0CAFE21460C4806F0D0FD0A48BDE827
:10683C00104006F0FDBD00BF1C290020B850002000
:10684C00085300202054002014510020155400201F
:10685C001B54002020030020A0180020694B45F297
:10686C0055514AF6AA2200202DE9F04F598087B0E5
:10687C005A8007F0F3F9AB2803D0AB21002007F0C6
:10688C00FDFA614E0124204616F8015B07F0E6F98B
:10689C000346294620469D4204F1010401D007F02D
:1068AC00EDFA042CEFD1594F7D1E07F107082C4649
:1068BC0015F8016F0534E41B204607F0CFF90346A9
:1068CC00314620469E4201D007F0D8FA4545EED11C
:1068DC004F4B0C25DFF84CB1DFF84CA1DFF84C9195
:1068EC00009328462C1D07F0B9F91BF8011B034631
:1068FC0005F10108AF1CEE1C8B422846254601D041
:10690C0007F0BCFA009B404613F8011BCDE900319F
:10691C0007F0A4F90199034640468B4201D007F0D9
:10692C00ADFA384619F8018B07F098F90346414641
:10693C003846434501D007F0A1FA30461AF8017BDE
:10694C0007F08CF90346394630469F4201D007F0D8
:10695C0095FA182CC5D1DFF8D8B04FF0000A0BF11E
:10696C001009A4EB0B08A9F1100508F1FF38A8EBEE
:10697C000A0815F8016B08EB0507384607F06EF9A5
:10698C000346314638469E4201D007F077FAA945B6
:10699C00EFD110340AF1100A09F11009482CE0D19A
:1069AC001C4D204607F05AF92B88D9B2814203D0EE
:1069BC00204607F063FA2B881C0A492007F04EF991
:1069CC00844203D02146492007F058FA124903A803
:1069DC0006F050FD03A8FFF70BFF03A806F068FDB7
:1069EC000A2006F0F7FF45F25554064B4AF6AA204A
:1069FC000A495C800A4A58800B68136007B0BDE8EE
:106A0C00F08F00BF00800B40285200206026002031
:106A1C003C260020045400201803002008530020BA
:106A2C0020490020A42800201851002040260020D6
:106A3C007C5000202DE9F043012085B007F00EF9C1
:106A4C00394D03460220394C04262B7007F006F909
:106A5C00034603206B7007F001F9A870304601362D
:106A6C0007F0FCF8003818BF01200C2E04F8010FB9
:106A7C00F4D12F4F2F4D304CDFF8C8803046B14643
:106A8C0007F0ECF80346701C003B18BF012307F815
:106A9C00013B07F0E3F80346B01C0436003B18BF7B
:106AAC00012305F8013B07F0D9F8034609F103006F
:106ABC00003B18BF012304F8013B07F0CFF8003866
:106ACC0018BF0120182E08F8010BD7D12827DFF8A2
:106ADC007880344608EB06052046013407F0BEF8F2
:106AEC00003818BF0120A74205F8010BF4D110366D
:106AFC001037482EEDD1304607F0B0F80446492047
:106B0C0007F0ACF80D4B44EA00200D49188001A8A1
:106B1C0006F0B0FC01A8FFF76BFE01A806F0C8FC5C
:106B2C0005B0BDE8F08300BF285200205F2600208E
:106B3C00A42800203C2600204026002004540020DD
:106B4C00100300201851002064500020002800F091
:106B5C00CB8000F0F0032DE9F04FD02B8846044693
:106B6C002DED028B83B008EE102A009300F0BF804D
:106B7C0034D8B02B73D070D9009BA3F1C005B5FAF3
:106B8C0085F56D095D4B1B88002B6DD15C4E18EEA5
:106B9C0010BADFF8709106F1080A16F8013F214689
:106BAC009BB1D9F800703B6838461B689847002D9C
:106BBC0041460ADD3B6838461B689847022D04D1D4
:106BCC003B68384659461B689847564509F10409F5
:106BDC00E3D103B0BDEC028BBDE8F08F009BE02B42
:106BEC003DD0F02B40F08180F02800F0848000F044
:106BFC00FD03F12B7DD0A0F1F205B5FA85F56D09F9
:106C0C006D003E4B1B88002BC0D03D4E18EE10BAC9
:106C1C00DFF8F09006F1080A16F8013F21469BB107
:106C2C00D9F800703B6838461B689847002D0BDD7F
:106C3C003B68414638461B689847022D04D13B6897
:106C4C00384659461B689847564509F10409E3D163
:106C5C0003B0BDEC028BBDE8F08FA02B3BD1274BD2
:106C6C0002251B88002B91D084F080026F2ACCD88F
:106C7C00002604E00136102EABD0204B1B8833418C
:106C8C00DB07F7D5009B18EE10AA1D4C43EA06074C
:106C9C00DFF870B004F108090196FFB214F8013F57
:106CAC00394693B1DBF80060336830461B6898476F
:106CBC00414630464DB133681B689847022D51460A
:106CCC00304602D133681B689847A1450BF1040B81
:106CDC00E4D1019ECEE700F0E005A5F18005B5FA00
:106CEC0085F56D096D004DE7704700254AE70125D4
:106CFC0048E7012585E74FF0FF3582E70454002073
:106D0C005F260020E4280020AC4B1B7833B1AC4A42
:106D1C0013780133DBB213709B075BD1A94AF0B532
:106D2C00137E012B76D972B6536962B6A64C002B32
:106D3C002268B8BF0333B2EBA30F4FEAA30552D0BE
:106D4C00A2490B78002B46D06FF0020EA5EB020C7B
:106D5C009F4BE6451868B8BFE646BEF1030FA8BFC7
:106D6C004FF0030E002849D1BEF1000F994EB8BF69
:106D7C00CEF1000E336807E0072A35D0013202EB62
:106D8C00C1030130704517D0002B1A46B8BFDA1D6D
:106D9C005F4207F007074FEAE20103F0070258BF12
:106DAC007A42BCF1000FE7DC002A22DD0130013A07
:106DBC00704502EBC103E7D133600123864E87494E
:106DCC000020874A2560337008701370BDE8F040CE
:106DDC00FEF73CBE70470122814C7F480A707F4908
:106DEC00227002700B70F0BD0F2B0FDC4A1CD3000D
:106DFC00C7E7072B0CDDCA00531EC2E70138042875
:106E0C00DBD8DFE800F09945457987000023B8E727
:106E1C001723B6E772B6D2E90034D2E902101B6828
:106E2C002468194004422BD0137C03F0030300297F
:106E3C005FD143F008039908013B11740D2B3FF609
:106E4C0073AF01A151F823F0EB4C0000E34C0000B0
:106E5C00914D0000E34C0000294B0000894D0000CF
:106E6C00EB4C0000EB4C0000894D0000294B00005E
:106E7C00E34C0000914D0000E34C0000EB4C000093
:106E8C00137C03F003030029D5D043F00403D2E7AD
:106E9C005448BEF1000F4FF00006B8BFCEF1000E03
:106EAC00036807E0072A79D0013202EBC1030136EF
:106EBC00764571D0002B1A46B8BFDA1D5F4207F039
:106ECC0007074FEAE20103F0070258BF7A42BCF110
:106EDC00000FE7DC002A40F38D80013A02EBC1037E
:106EEC00E5E75369013B53611FE753690133536174
:106EFC001BE743F004039CE73B490B689E440EF1EF
:106F0C0008035A4203F0070302F0070258BF53422A
:106F1C000B6052E73449354A0B689E440EF1110E52
:106F2C0082FB0E324FEAEE73C3EBE20303EB031367
:106F3C00AEEB03030B6040E72D48BEF1000F4FF0A2
:106F4C000006B8BFCEF1000E036807E0032A2AD072
:106F5C00013202EB8103013676451DD0002B1A4617
:106F6C00B8BFDA1C5F4207F003074FEAA20103F037
:106F7C00030258BF7A42BCF1000FE7DC002A17DD90
:106F8C00013A02EB8103E6E75369023B5361CCE61D
:106F9C00536902335361C8E603600EE70F2B30DCF4
:106FAC004A1CD30083E7072B29DC4A1C9300D2E749
:106FBC00032B2ADD8A00531ECDE700BF145400209A
:106FCC000A540020E85100201422002022540020F2
:106FDC0074520020FC520020115400201B5400203D
:106FEC0015540020AC500020F852002079787878A5
:106FFC00F0500020072B06DDCA00531E57E7002374
:10700C00A9E7002353E7172351E70B23A3E700BF9E
:10701C00444B1E20F0B585B01C6806F083FD424A37
:10702C001378002B3ED0414B60B91A68012A45D029
:10703C003F4A186013781BB13E4D2B78002B4DD076
:10704C0005B0F0BD0128F3D11A68002AF0D1384DF3
:10705C002978002964D038490968611A09292BD983
:10706C00B1F5FA6F2A705BD2324A1278002A57D1E6
:10707C0032490A68101F012808D90132504202F027
:10708C00030200F0030058BF42420A6001220021B3
:10709C002B481A602B4C2C4B01712C482270017020
:1070AC001A70CDE70121274C27481170274A21700F
:1070BC000170137005B0F0BD1860BDE71C4D297848
:1070CC000029F9D11C4E3768A4EB070CBCF1090F51
:1070DC0026D92A70174D3460196029701E2006F0CD
:1070EC0021FD0028ACD1144B1B68E31AB3F5FA6FE1
:1070FC00A6D3FFF713FB164901A8012606F0BAF92F
:10710C0001A8FFF775FB01A806F0D2F931460D2056
:10711C002E7006F0DDFC0F4A0F4B14601E708FE7CB
:10712C0018608DE7085300202254002018220020FC
:10713C001F5400201A54002070520020745200205A
:10714C007450002015540020115400201B540020B2
:10715C00140400200851002019540020F0B51F2001
:10716C0085B006F0DFFC454A454913780968002BC9
:10717C003BD078B9434A1378002B40D1424C20685D
:10718C00081A0A2804D901202160404910700B709C
:10719C0005B0F0BD0128FBD13A4A1378002BF7D08B
:1071AC00394B1B68CB1A0A2BF2D90021B3F5FA6FB5
:1071BC001170EDD2354B1B78002BE9D134490B689B
:1071CC00042B56D0052B56D0324A042413600023CE
:1071DC000C603148012231490360314C31480B714C
:1071EC003149227003700A70D2E701212C4C2E48D1
:1071FC0011702C4A21700170137005B0F0BD234C36
:10720C002378002BC4D1204B1B68C91AB1F5FA6F37
:10721C00BED3264B1D783DBB254E012706F1080039
:10722C001F7005F0DFFA06F1080004F0D5FA2946C4
:10723C0006F1080005F0E0FA1E4B1F4933621F4BA4
:10724C001F7001A806F016F901A8FFF7D1FA01A8E2
:10725C0006F02EF90123124A002012491370124A2B
:10726C0023700870137093E7154B012215491A709F
:10727C00E7E70524ABE7074B1C68A8E7225400207E
:10728C000853002010540020B05000201A54002045
:10729C00745200201C520020F85200207450002020
:1072AC00155400201B540020115400201C290020D0
:1072BC001053002040420F00FC0300201B2900202B
:1072CC001C54002008040020A44B2DE9F04F1E781C
:1072DC002DED028B8BB0002E7CD0A14B1B781BB9F3
:1072EC00A04B1B78002B75D09F4D6C68002C40F088
:1072FC009C819E4BDFF89CA21B680AF110059C4FE9
:10730C00023B0AF1400C18BF0123DB000493A5F1EA
:10731C0010033A4613F8011B12F8010B884202D0F5
:10732C00344602F8011CAB42F4D103F110051037BE
:10733C006545ECD18B4B05931CB91B78002B00F0E9
:10734C002D818C4B06938C4F4FF6FD798B4D07F1AD
:10735C00080004F0AFF98A4907F1080004F046FE72
:10736C00049B002B874B18BF1D464FF000030CBF2E
:10737C004FF00A084FF00B08A7F8B83008232C463A
:10738C00FE18A7F8BA3003E0A8EB0403DD4226D0C0
:10739C0014F8011B3046D7F8B43098474845F3D859
:1073AC000346B7F8BA20B7F8B810304604F0E0FD41
:1073BC0097F89030032BE7D8DFE803F0CAC4BEB8C7
:1073CC00714804F083F90023654A1370059A137011
:1073DC00069A13700BB0BDEC028BBDE8F08F049ACB
:1073EC00DFF8B4B1531EC2F1000967485344079744
:1073FC0003930F230293029B0724039E4FF00C0868
:10740C005F1C03339BB2BFB208EE103A03E00F349B
:10741C00A4B27F2C2BD0651C0C233A46CDF80080EF
:10742C00ADB2294604F0D2F816F8013F5648002BAD
:10743C0062D1A6EB0A03DBF800204B449A42E6D15A
:10744C00524B1B78002BE2D00E2321460F34029AAC
:10745C000093A4B204F0BAF84B4829460C233A46E0
:10746C00CDF8008004F0B2F87F2C4748D3D1029BB2
:10747C00A9F10809039A103310329BB203923F2BE7
:10748C000293B8D1049C0825079F4FF010080134D3
:10749C00394E092C05F1040321463046C8BF2B4652
:1074AC000F35A7F8BA800134A7F8B83005F0B4FF4F
:1074BC00802DEED1364B09AE1A2441211B684FF0BA
:1074CC000009314D4FF6FD78ADF824301B0C8DF8CA
:1074DC002630D7F8B4302846A7F8BA40A7F8B890A9
:1074EC009847404512D93A2C04F110043FF468AF88
:1074FC00A4B216F8011FECE70823E11C18EE102AC1
:10750C0089B2009304F03CF81F4892E70346B7F8A1
:10751C00BA20B7F8B810284604F02AFD97F8903036
:10752C00032BE0D8DFE803F0A9B5AFA3B7F8BA3066
:10753C001B1AA7F8BA3027E7B7F8B8301B1AA7F808
:10754C00B83021E7B7F8BA301844A7F8BA001BE7EF
:10755C00B7F8B8301844A7F8B80015E71C29002074
:10756C001154002015540020B01B00207452002030
:10757C00244900201B54002010530020E00300205D
:10758C00B00C0020EC030020185300201A29002016
:10759C00F80300207C500020AC500020AD4B06932B
:1075AC001B78002B3FF4CFAEAB4B1B79002B3FF479
:1075BC00CAAEAA4F4FF6FD79A94D07F1080004F0A9
:1075CC0079F8A84907F1080004F010FD049BA7F80E
:1075DC00B840002BA44B18BF1D464FF008030CBF3E
:1075EC004FF00A084FF00E082C46FE18A7F8BA30D8
:1075FC0003E0A8EB0403DD4269D014F8011B30460C
:10760C00D7F8B43098474845F3D80346B7F8BA20B2
:10761C00B7F8B810304604F0ABFC97F89030032B59
:10762C00E7D8DFE803F04E48423C222100248F4883
:10763C0007F0C2FF8E4805F0FBFE28466C6003F095
:10764C00E3FC284609F08CFB8A49284603F06AFEC5
:10765C00894805F0C7F8884804F0BEF821468648EA
:10766C000BB0BDEC028BBDE8F04F05F0C5B8B7F818
:10767C00BA301B1AA7F8BA3035E7B7F8B830184447
:10768C00A7F8B8002FE7B7F8B8301B1AA7F8B8302E
:10769C0029E7B7F8BA301844A7F8BA0023E7B7F8C7
:1076AC00BA301B1AA7F8BA30A3E7B7F8B8301B1AD0
:1076BC00A7F8B8309DE7B7F8BA301844A7F8BA0065
:1076CC0097E7B7F8B8301844A7F8B80091E7049AD0
:1076DC00DFF8B0B1531EC2F1000967485344079755
:1076EC0003930F230293029B0724039E4FF00C0875
:1076FC005F1C03339BB2BFB208EE103A03E00F34A9
:10770C00A4B27F2C31D0651C0C233A46CDF80080F6
:10771C00ADB2294603F05AFF16F8013F5648D3B9CB
:10772C00A6EB0A03DBF800204B449A42E7D1534BFB
:10773C001B78002BE3D00E232146029A009303F012
:10774C0045FF4D4829460C233A46CDF8008003F0FE
:10775C003DFF4948D3E70823E11C18EE102A89B2F3
:10776C00009303F00DFF4448DAE7029BA9F10809E6
:10777C00039A103310329BB203923F2B0293B2D177
:10778C00049E0C24079F10250136DFF8D080A7F843
:10779C00B8400F3431464046A4B2A7F8BA5005F0B1
:1077AC003BFE0136842CF2D1354B0DF124091A2401
:1077BC0041211B684FF000082F4D4FF6FD76ADF8B8
:1077CC0024301B0C8DF82630D7F8B4302846A7F897
:1077DC00BA40A7F8B8809847B04207D93A2C04F1C0
:1077EC0010042BD0A4B219F8011FEDE70346B7F82B
:1077FC00BA20B7F8B810284604F0BAFB97F89030C6
:10780C00032BEBD8DFE803F0140E0802B7F8BA30FC
:10781C001B1AA7F8BA30E1E7B7F8B8301B1AA7F86B
:10782C00B830DBE7B7F8BA301844A7F8BA00D5E798
:10783C00B7F8B8301844A7F8B800CFE7064A0E4896
:10784C00D3781146009393780978527803F098FF17
:10785C00B9E500BF1B5400207450002010530020C9
:10786C00E0030020B00C0020D003002050050020C5
:10787C00A018002040420F00185300201A290020A5
:10788C00F8030020AC500020B14B2DE9F04F93F8D9
:10789C0000A095B0BAF1000F00F01381AD4B1B782E
:1078AC0023B9AD4B1B78002B00F00B81AB4B1C6844
:1078BC00002C40F00681AA4D6868002840F009822F
:1078CC00A84EA94F06F1030C039616F8014B394646
:1078DC00002209E00D7801239D4201D050460B7027
:1078EC0001320131082A0BD044FA02F313F00103E0
:1078FC00F0D10D78002DF1D101320131082AF3D1EC
:10790C00B44507F10807E0D1984A994902F10C05F2
:10791C00059252F8044B974BE46A1B681B1B11F839
:10792C00014B952B8CBF002301239C4202D0504667
:10793C0001F8013C9542ECD1874B1B78002B40F0B1
:10794C00C3808D4B1093002840F0C0801B78002B17
:10795C0000F0BC80894B1A79002A00F0B7801C78A3
:10796C005D784FEAC40B9978DA78BBF17F0F4FEA58
:10797C00C1014FEAC2020B95A8BF4FF07F0B002C40
:10798C004FEAC50408BF4FF0000B3F2C2346A8BF9D
:10799C003F230793002D00F0F0811846C3F14003FC
:1079AC009342A8BF13460246012BACBFC01801304E
:1079BC00182CCBF18003D4BF4FF0010A4FF0000A12
:1079CC0010280690D8BF4FF0000A8B42A8BF0B4678
:1079DC001146012BACBF0BEB03080BF10108C31DC7
:1079EC004FEADB00DB10CC08C0F11001A3EBD20393
:1079FC0008F10702C9B20C90D2100B94DBB2A2EBC7
:107A0C00DB02D2B28A4228BF0A460E92C4F10802A7
:107A1C00D2B2934228BF13460D9367E0049B1037F4
:107A2C000833402F0493059B03F104030593039B38
:107A3C0003F10103039340F0BB80DDF83CA0012669
:107A4C0010254F4C5746C6EB0613DA1E03335B4525
:107A5C00ACBF012300234245A8BF002313B1002F64
:107A6C0040F00B810136092EEDD1464B13AD1A2493
:107A7C0000271B684FF6FD78434EADF84C301B0CBD
:107A8C008DF84E30BBF1060F04F1080306DC079AA3
:107A9C009A4203DC069B9C42C0F23A8110340135B9
:107AAC004A2CEFD10D9B384800930E9BDDE90B213E
:107ABC0003F066FE0023274A1370274A1370109AAE
:107ACC00137015B0BDE8F08F2B4B1093FDF7BEFF74
:107ADC00082310224FF0000B4FF08008CDF81CB09B
:107AEC00CDE90D324023CDE90BBB0693DFF8909026
:107AFC004FF6FD77254C09F1080009F1080503F054
:107B0C00D9FD234909F10800A61C04F06FFA4FF4C3
:107B1C0000234421C9F8B83003E0A64242D014F83F
:107B2C00011FD9F8B43028469847B842F5D8034617
:107B3C00B9F8BA20B9F8B810284604F019FA99F82F
:107B4C009030032BE9D8DFE803F0928C862500BF38
:107B5C001C290020115400201554002074520020C0
:107B6C00B01B002028520020C0460020D82800203E
:107B7C00F4470020085300201B54002074500020B0
:107B8C0010530020F803002018530020600300203D
:107B9C00B00C0020B9F8BA30A642A3EB0003A9F848
:107BAC00BA30BCD1002310278C480493CDF83CA0EC
:107BBC00BEB207F10C0300250824DDE906129A4237
:107BCC00D8BF8F4206F102039BB2B4BF4FF0010A3B
:107BDC004FF0000A0893731D9BB20993731E9BB25E
:107BEC000A9304E001350F34082D3FF417AF04F16C
:107BFC000C035B45F6DB4445F4DABAF1000FF1D027
:107C0C000C2332460093A3B2194611930C2303F0B4
:107C1C00DDFC039B71481B782B4113F0010F35D110
:107C2C00049B6F4AEB1812689A42DBD16D4B1B78A0
:107C3C00002BD7D0119A0E23511E00930A9A89B2A9
:107C4C0003F0C4FC0C23654832461199009303F0F1
:107C5C00BDFC6248C6E7B9F8B8301B1AA9F8B830B1
:107C6C005BE7B9F8BA300344A9F8BA3055E7B9F86C
:107C7C00B8300344A9F8B8304FE731462046A9F88C
:107C8C00B820A9F8BA5005F0C7FBEBE6119A082307
:107C9C00911C0093089A89B203F072FC059B4F4823
:107CAC001B68DA6A504B1B689B1A952BB8D80021BD
:107CBC0004F05AFA119A02234848511D099A00936C
:107CCC0089B203F05DFC4548012104F04DFA4348AC
:107CDC00A6E72221454807F06FFC454805F0A8FBB4
:107CEC0028466C6003F090F9284609F039F84149B0
:107CFC00284603F017FB394804F074FD374803F0AD
:107D0C006BFD2146354815B0BDE8F04F04F074BD4D
:107D1C0029783046D9F8B430A9F8BA40A9F8B87027
:107D2C00984740453FF6BAAE0346B9F8BA20B9F8C1
:107D3C00B810304604F01CF999F89030032B3FF63C
:107D4C00ADAEDFE803F0140E0802B9F8BA301B1A16
:107D5C00A9F8BA30A2E6B9F8B8301B1AA9F8B830AD
:107D6C009CE6B9F8BA301844A9F8BA0096E6B9F806
:107D7C00B8301844A9F8B80090E6CBF1800307900E
:107D8C008B42A8BF0B464FEADB01012BACBF0BEBC0
:107D9C0003080BF10108402A13460C91A8BF40239D
:107DAC00102AD4BF4FF0000A4FF0010A012BB8BFC4
:107DBC0001231A46069308F107030732DB10C2F3BE
:107DCC00C702A3EBDB030D92C1F11002DBB2D2B2FE
:107DDC00934228BF13460E9388E600BF1853002029
:107DEC00FC5200201A2900200853002050050020C6
:107DFC00A018002040420F002DE9F04F91B09F4C8D
:107E0C0005F03CFE9E4B45F255514AF6AA2259808C
:107E1C0002905A802368D90740F1F780994E9A4D09
:107E2C009A4F07F05FFBB0B107F0A0FBC1B20A2973
:107E3C0000F095800D2900F09280934805F0E4FB4A
:107E4C00AB68202BEDD93146284605F08BFB07F0AB
:107E5C0049FB0028E8D10446FEF72CFA8C4B1B7822
:107E6C00002B40F0DE808B4EDFF88492356899F859
:107E7C0000304BB1884A1368EB1A632B04D9136892
:107E8C00EB1A312B00F2FE82844A13788BB98449A9
:107E9C0040F2DB500968691A814240F2B38001213B
:107EAC00DFF8509211707F4A89F8001011707E4AE9
:107EBC0013707E4F3B783BB17D4B40F2DB521B681D
:107ECC00EB1A934200F23E827A4B00931B78002B04
:107EDC0060D0DFF82482D8F80030EB1A3B2B00F28C
:107EEC00B681754C2368EB1A1D2B00F28E81734AF8
:107EFC001368EB1AC72B00F296810121E120704A1E
:107F0C001368EB1A83426F4B28BF15601A7842B185
:107F1C00DFF8E8B19BF80020012A02D1002900F01B
:107F2C00E181FEF787FA05F0A9FD029BC41A009BBC
:107F3C001B78002B40F03281634B1B78002B40F0F8
:107F4C00CB81624B1B68002B00F02483EB1A40F6AC
:107F5C00B835B3F57A7F38BF4FF47A7520E12846EF
:107F6C0005F094FB3946284605F05EFB30B95849BC
:107F7C00284605F059FB00283FF465AF16215548FB
:107F8C0007F01AFB544805F053FA322005F022FD95
:107F9C0008F0DEFEDFF86081D8F80030EB1A1D2BFC
:107FAC0000F25581444C2368EB1A0E2B00F22D8104
:107FBC00454B1978002900F07E8140490A68AA1ABD
:107FCC00952A1CD90D60454938780A7882F001024F
:107FDC000A70A0B9DFF81C9199F80020002A40F033
:107FEC006482304A1278002A40F05F8219780123AB
:107FFC002D4A89F800301370002900F06B810021A4
:10800C0096207CE711B0BDE8F08F1E491E4805F0A4
:10801C0031FA0123324A33491B48236007F030FC04
:10802C00FCE6314F01F056FFBB68002B00F0998243
:10803C002E4B1A78002A00F02D821E4B00931B78D1
:10804C00002B40F04C81204B1B78002B14BF0C23D1
:10805C00102303930023302204A80E4E1D4619460C
:10806C00019308F0C5F9A846DFF88490039DDFF86A
:10807C0078B0DFF88CA0039446E000BF28430020C2
:10808C0000800B404C05002058490020A40B002018
:10809C001D290020085300200851002022540020E4
:1080AC0000530020155400201B54002020540020A5
:1080BC00145100201454002004510020FC500020C6
:1080CC001051002012540020165400200C51002096
:1080DC00C40B0020AC0B0020A01800201A29002093
:1080EC0024220020B1B20000803200200B5400206A
:1080FC001954002011540020F85000201C29002095
:10810C00CC53002008F101080021584602F028FC4D
:10811C00A84580F2E381002800F0E08105F0AEFC78
:10812C00044697F8560097F85710802897F858206F
:10813C0005D0902840F0BE81002A40F0BB81FEF7AC
:10814C0005FD3368B44A136005F098FCDAF800308A
:10815C00001B32680344CAF80030DAF80C300133E3
:10816C00CAF80C30DAF80430834238BF0346CAF838
:10817C000430DAF80830834228BF0346CAF80830C6
:10818C00A64B1A6099F80030002BBBD101210D20B1
:10819C0005F09EFC012389F80030B3E741F28835E5
:1081AC00A542BFF42FAF13219D4807F005FA002319
:1081BC000A2221469B4805F049F906219A4807F006
:1081CC00FBF900230A223168964805F03FF9092192
:1081DC00964807F0F1F900230A222946914805F048
:1081EC0035F90321924807F0E7F9009B1B78002B27
:1081FC0040F056818F4B1B78002B40F0358289481C
:10820C0011B0BDE8F04F05F013B9FEF77DFD009BF2
:10821C0025601B78002B3FF4CBAE874A1368EB1A12
:10822C00C72B7FF66AAE1560844A3978137883F0D1
:10823C000103137000297FF461AEDFF8409299F8C6
:10824C00001000297FF45AAE7D4B1B7855E6FEF7E3
:10825C00DFFEFEF783FF172005F064FC002840F0DA
:10826C009A8078490B78002B00F09781764C237814
:10827C00CBB9764B1B68EB1AB3F5FA6F13D3744B6F
:10828C001A6833689B1AB3F57A7F01D3FEF7E6FAC6
:10829C0001236B4A0021DFF8E49113706D4A2370BF
:1082AC00117089F80030009BC8F800501B78002B27
:1082BC007FF417AE76E660480268AA1A632A09D9D9
:1082CC0005605E483C78027882F001020270002C56
:1082DC003FF480AE4B2012E64FF4FA6560E70823BA
:1082EC000393B7E6564C1970237883B9DFF88C9159
:1082FC0099F80030002B3FF414AE564B1B7833B971
:10830C00454B1B68EB1AB3F5FA7F7FF60AAEDFF824
:10831C00709105F0B3FB8046D9F80430002B40F087
:10832C00BA813B78002B40F044814B4B1B68052BEA
:10833C0000F27481DFE813F08401750170017001A3
:10834C00750189014FF00008444945484FF0010A76
:10835C0087F8008005F006F9394A424B82F800A0F4
:10836C003C4ADFF8189182F800801A7889F800A04E
:10837C00002A3FF4A9AD3C4883F8008003F02CFAA6
:10838C005146394804F038FA384B83F80080384BA2
:10839C0083F8008098E5012885D12A4A1378002BB0
:1083AC0081D02A4B1B68EB1A092B7FF67CAF00217E
:1083BC00B3F5FA6F1170BFF476AF234B1B78002B1B
:1083CC007FF471AF244B1A68002A40F08781294B47
:1083DC000122294C1B688B42184603F00701B8BFD9
:1083EC00D81D8A40C01014F800C08CEA02024CFA66
:1083FC0001FCD2B222540A412CEA0202D20700F14B
:10840C007681144A00210123DFF8709011700C4A18
:10841C0089F80030137046E70C51002008510020F9
:10842C00F00B0020A0180020040C00200C0C0020E5
:10843C00180C002016540020FC5000201A29002093
:10844C00155400200E5400201A54002070500020A7
:10845C00204900201B540020745200204C050020A1
:10846C00B85000201C540020185300201B29002059
:10847C001C290020FC5200202852002011540020FE
:10848C00B01B002000210D2005F022FB002389F8F1
:10849C000030F9E401210A20197005F019FBCCE534
:1084AC001421AD4807F088F8A9E6197800297FF463
:1084BC00A6AD0FE7019B0F2B3FF746AE019B03EBDD
:1084CC00430E01330EF1100C019304ABEC448CF809
:1084DC0002008CF8011003F80E2035E6019B039C7A
:1084EC00B3B1019B04ADDFF8C48203EB43072F4407
:1084FC0095F802A02A7869785046FEF727FBBAF166
:10850C00F80F02D03368C8F800300335AF42EFD112
:10851C00009BDFF89C821B783768002BD8F8003062
:10852C0014BF4FF4FA724FF47A72FB1A9342FFF4B1
:10853C009DAC8A49CB688BB14B6893420ED9DFF85E
:10854C0024A2002502E00135082D07D01AF8013FBE
:10855C00002BF8D0E8B2FEF703F9F4E7C8F8007086
:10856C0084E47F4B1A78002A3FF47DAC21460A2024
:10857C007C4E25461C7005F0ABFA03E00135082D46
:10858C003FF471AC16F8013F002BF7D0E8B2FEF7C0
:10859C00E7F8F3E740F6B83502E673480268AA1A22
:1085AC00092A7FF680AE012205600A706F4A1370AB
:1085BC0079E66F4803F07EF86E496D4803F016FDBE
:1085CC006D4B1968002900F087806C4FDFF8E4913F
:1085DC0007F1080003F03EFD6749C3B26748D3F1C9
:1085EC00800348BF01335B10A7F8B8302023A7F8ED
:1085FC00BA3004F0EBFE5E4803F068F805F03EFA82
:10860C00A0EB0808B8F5FA6F33D8002389F80030CE
:10861C0023705B4B1D6084E4FEF756FEDFF89491EB
:10862C00ECE79BF80030DFF88C91002BE6D099F842
:10863C00003013B92378002BE0D0FCF7D3F8DDE73A
:10864C00DFF87091FFF720F9D8E79BF80030DFF8DE
:10865C006491002BD2D099F8003013B92378002BF9
:10866C00CCD0F9F775FFC9E71121464806F0A4FFF5
:10867C00C5E51D21444806F09FFF414600230A2210
:10868C00424804F0E3FE0221414806F095FF3F48C2
:10869C0004F0CEFEB9E7222100243E4806F08CFF00
:1086AC003A4804F0C5FE4846C9F8044002F0ACFC58
:1086BC00484608F055FB3849484602F033FE2C4832
:1086CC0004F090F82A4803F087F82146284811B0A6
:1086DC00BDE8F04F04F090B8304976E7531E042BF8
:1086EC003FF6E1ADDFE803F08F68682A0C005B42CF
:1086FC0003F0070358BF5942C8B2FEF731F880E6C1
:10870C00274B28491B680A882BB1013B012000FA32
:10871C0003F353409BB29A420B803FF472AEDFF8E6
:10872C00449003E00134082C3FF46BAE19F8013F80
:10873C00002BF7D0E0B2FEF713F8F3E7184B1A4A08
:10874C001868135C83F001031354002B7FF459AEAB
:10875C00C0B2FEF705F854E61C0C0020CC530020E8
:10876C000B5400205F260020705000201A5400206B
:10877C0018530020C4100020B850002010530020C3
:10878C0000510020340C0020D00B0020A018002039
:10879C00340500205005002040420F0074170020C3
:1087AC00F852002004540020602600200C510020B8
:1087BC006449002011540020334B1B68002B1846D1
:1087CC00B8BFD81D023A18BF0122594203F0070363
:1087DC004FEAE00001F0070158BF4B4203EBC20126
:1087EC002A4A2B4B02EB001253F82040535C0C44EA
:1087FC0083F00103535484F83430002B3FF401AE62
:10880C00FDF7CCFFFDE5234B1B68002B1A46B8BFC8
:10881C00DA1C13F003014FEAA2020AD11E491C4BC9
:10882C0053F822008B5C83F001038B5480F83030BA
:10883C00E7E55B4203F0030358BF594201290CD012
:10884C00022915D01549124B53F822008B5C83F08A
:10885C0001038B5480F83330D3E511490C4B53F89A
:10886C0022008B5C83F001038B5480F83130C8E517
:10887C000C49074B53F822008B5C83F001038B549B
:10888C0080F83230BDE500BFAC5000207C50002099
:10889C00D8280020F0500020A428002018510020D7
:1088AC003C26002040260020F8B5484C05F0B2F9D3
:1088BC00474A00264749484806F0E2FF04F59F6303
:1088CC0004F5A7624549236304F5AF63216004F501
:1088DC00B761204624622164414DC4E90D23402236
:1088EC005023C4E90166A4F84620A4F8483001F0EE
:1088FC00B7FF3C4B3C4905F108003C4A5E602260E6
:10890C0019603B4A3B4B6E60C5F8B8602A60C5F8ED
:10891C00B43003F05FFD2846374A384B40F8082B3B
:10892C003749384A02F070FFFF2305F10800364C36
:10893C0019461A4602F0DAFD0221152005F004F959
:10894C000221162005F000F9304B66614FF4FA6EE7
:10895C00D3F86C512E492F4AD3F850C1D3E957673D
:10896C002D4BE560C4F800C0C4E901764868126874
:10897C00A3FB0232920C0EFB02F24B681B1A9A42BA
:10898C00FBD8DCF8003015203A681E421E4914BF93
:10899C0001230023154218BF43F002032374FCF794
:1089AC009BFD0346184916202376FCF795FD227E85
:1089BC0003461A491A481344237604F05BFD044A13
:1089CC0018491748BDE8F84006F05ABF803200201D
:1089DC0024220020F901000058260020280600203F
:1089EC0010530020F0530020CC0600200C06002071
:1089FC00B4060020C5A100009C0600209D9100003B
:108A0C00A40C0020FD920000E85100203408002046
:108A1C00001000E09C18002083DE1B434C05002056
:108A2C00B8500020B1B200002DE9F04FC44C8DB00D
:108A3C00C44D40F2EE28C44FDFF8AC93266806F024
:108A4C0039FE2B78002B00F06C813B78DB0740F172
:108A5C0068812368D9F800209B1A0E2B40F26181A3
:108A6C00BA4D0026DFF884A32846DFF884835146EC
:108A7C00B74F02F057FCB7490523B74AB748AB606C
:108A8C004FF0FF350B6C43F400130B6401F5A02180
:108A9C00B34B93604B6F43F440334B67B149B24BCC
:108AAC000A60B24AB249C2F8B01146F2E0114FF670
:108ABC001072198047F612211A804CF20A02DA80E1
:108ACC001A8892B242F06C021A804FF0E0221E819A
:108ADC004FF08053C2F80831324603F0E9FF3246BA
:108AEC0047F61221A34803F0E3FF324647F6122162
:108AFC00A14803F0DDFF324647F612219F4803F0F0
:108B0C00D7FF324647F612219D4803F0D1FF32467B
:108B1C0047F612219B4803F0CBFF324647F6122151
:108B2C00994803F0C5FF324647F61221974803F0E7
:108B3C00BFFF32462321954804F028F90D2001216E
:108B4C0005F002F831460D2004F0C2FF0A20012185
:108B5C0004F0FAFF31460A2004F0BAFF0221172074
:108B6C0004F0F2FF0221152004F0EEFF0221162082
:108B7C0004F0EAFF02211E2004F0E6FF02211F2070
:108B8C0004F0E2FF824B802231461E755E759E75A5
:108B9C00DE751E765E769E76DE761A77402283F838
:108BAC00712044227B4B184607F022FC44223146AC
:108BBC000562404607F01CFC442231463846C8F892
:108BCC00205007F015FC744B3D62C3E90066C3E905
:108BDC000256724B1B78002B40F010810025216847
:108BEC006F4A704B284611601D7005F037F8AB28A2
:108BFC0000F0AF816C4B48F28111812219809A7080
:108C0C006A4DDFF8F0B1DFF8F0A105F10C09D84698
:108C1C00DFF8ACE15746664EDFF89CC155F8043BD3
:108C2C0018F8012B03F1430083F8302017F8012BBF
:108C3C0083F831201EF8012B83F832201CF8012B0D
:108C4C0003F8332F324612F8011B03F8011F984228
:108C5C00F9D14D4506F11006E0D1534D554EEF1CA0
:108C6C0015F8010B3146002340FA03F2013302F0F0
:108C7C000102082B01F8012BF6D1BD4206F10806C2
:108C8C00EED1DBF800104C484C4F4D4B0568DAF830
:108C9C0000201B684B483980090C4B4EB97003C837
:108CAC0086E80300494801210280120C82700D20D5
:108CBC00474A13801B0C93702A0C464B1D809A70EC
:108CCC0004F006FF01210A2004F002FF216823684A
:108CDC005B1AB3F5967F0BD2234A45F255554AF6EB
:108CEC00AA205580508023685B1AB3F5967FF8D381
:108CFC0000210D2004F0ECFE00210A20364C04F07B
:108D0C00E7FE00F0B1F90023344A332134482360E4
:108D1C00136006F051FC33480DB0BDE8F04F04F081
:108D2C0087BB23682A789B1B32B1B3F5FA6F3FF6E9
:108D3C0097AE06F0BFFC82E64345FAD990E600BF39
:108D4C00085300202754002026540020B01B00207C
:108D5C00A451002000C00A40F0530020B01800209D
:108D6C00610200000848002000800B40002C00200D
:108D7C00250200001019002070190020D0190020C5
:108D8C00301A0020901A0020F01A0020501B0020EE
:108D9C0000E400E01C510020CC5300201C290020D2
:108DAC00005300202254002028520020D8280020F4
:108DBC007C500020C046002018510020EC470020B9
:108DCC004026002060260020E447002000480020B8
:108DDC00F8470020BC46002074520020FC520020B2
:108DEC00700C0020A0180020E453002040420F001B
:108DFC0060510020A42800203C260020814D4FF615
:108E0C00FD79814F05F1080003F0ECFC05F1080039
:108E1C0002F0E2FC314605F1080007F1090803F005
:108E2C00EBFC05F10800C5F820A005F1080602F0DE
:108E3C0041FC764905F1080003F0D8F8744B4D213C
:108E4C00C5F8B83003E0474517D017F8011FD5F81F
:108E5C00B430304698474845F5D80346B5F8BA20A3
:108E6C00B5F8B810304603F083F895F89030032B22
:108E7C00E9D8DFE803F0AEB4BAC066494FF6FD7826
:108E8C00654803F0B3F8654E654B4D2106F10809B2
:108E9C00614FC5F8B83003E0B14517D016F8011F83
:108EAC00D5F8B430384698474045F5D80346B5F860
:108EBC00BA20B5F8B810384603F05AF895F8903047
:108ECC00032BE9D8DFE803F07F79736D4F494FF638
:108EDC00FD78514803F08AF8524E534B562106F157
:108EEC000B094D4FC5F8B83003E0B14517D016F853
:108EFC00011FD5F8B430384698474045F5D803469D
:108F0C00B5F8BA20B5F8B810384603F031F895F832
:108F1C009030032BE9D8DFE803F03E38322C3E4882
:108F2C0002F0D4FB414B424A02A908A800930693D5
:108F3C000292F9F703FA3F4A06A93F4804F00AF9EE
:108F4C00069B08A8DB689847009B02A8DB6898473B
:108F5C0044E63A4B45F255514AF6AA222846598026
:108F6C005A8004F07BFEAB287FF44AAEFDF762FD1D
:108F7C0046E6B5F8BA301B1AA5F8BA30B5E7B5F81D
:108F8C00B8301B1AA5F8B830AFE7B5F8BA301844AA
:108F9C00A5F8BA00A9E7B5F8B8301844A5F8B80098
:108FAC00A3E7B5F8BA301B1AA5F8BA3074E7B5F8D0
:108FBC00B8301B1AA5F8B8306EE7B5F8BA301844BB
:108FCC00A5F8BA0068E7B5F8B8301844A5F8B800A9
:108FDC0062E7B5F8B8301844A5F8B80033E7B5F82F
:108FEC00BA301844A5F8BA002DE7B5F8B8301B1AFA
:108FFC00A5F8B83027E7B5F8BA301B1AA5F8BA307F
:10900C0021E700BF10530020480C0020B00C0020BA
:10901C001B000A00C410002018530020540C002020
:10902C0014001E00600C002012003200F806002014
:10903C0005020000FF9E24005826002000800B40F3
:10904C00704700BF08B504F0E5FD044B04491868EF
:10905C00044A1B680860136008BD00BF0853002059
:10906C00C8500020C4500020F8B5504A4FF0400CB6
:10907C004FF480314FF480574FF400554FF4404477
:10908C0043F24200136A9E0700F182809E0440F175
:10909C008380DE0440F18280002BF3DA13F48036F7
:1090AC007ED15B067ED5424C424AD4F88010424BAE
:1090BC0041F003014148C4F880104FF040419163E6
:1090CC004FF440415163052116600822C0F8B410DA
:1090DC004FF08061C0F8A4220A205A680A435A60F3
:1090EC00C3F8841004F076FC354AD2F8403143F0D2
:1090FC000203C2F84031D2F840319B07FBD4314D0A
:10910C0001F0D8F901242B1F05F17C0243F8044F20
:10911C009A42FBD14FF4807200212B4807F068F97A
:10912C0000222A49264B0A700321C3F89040C3F849
:10913C00A8112749C3F84821C3F85451C3F84C214E
:10914C00C3F85821C3F84011D3F88421214922488F
:10915C0042F48052C3F88421D3F85821D3F8542117
:10916C00C1F800021D4A4FF0E0214FF48030C1F8E5
:10917C000C01C3F84821D3F8482142F01202C3F87D
:10918C004821D3F8482142F44022C3F84821F8BDC5
:10919C0094625162906275E7556273E7576271E7AA
:1091AC0091626FE7C2F824C06CE700BF00800D40ED
:1091BC0000C00F4000A00D400080004200801F4006
:1091CC0000022E4000300020D8460020065400201B
:1091DC00158B0100002C00206174000004000003BA
:1091EC00036984469A68F0B50D46510603D41B6892
:1091FC009A685206FBD54022D5F808E005F13401F7
:10920C00EE6BAA602A681A606A685A60EA68DA60CB
:10921C002A691A616A695A61AA699A61EA69C3F88A
:10922C0028C0DA61EA6A1C68DA622A6B012C03C96D
:10923C001A6303F1340282E803001A46DE6303D09A
:10924C00126811680129FBD1156001222A601A6885
:10925C0095421A462ED00026116814460F680A460D
:10926C0066622646BD422162F6D10021546211622B
:10927C009CF8341011F0FD0F09D10F4801685962A8
:10928C0089B10B6202600120C3F808E0F0BD0B4805
:10929C00016859620029F4D109490B600260012070
:1092AC00C3F808E0F0BD07490B6002600120C3F869
:1092BC0008E0F0BD0024D8E7E0470020FC47002080
:1092CC0004480020F04700202DE9F0479846CB8851
:1092DC00B3F5804F02D90020BDE8F0870D468146DA
:1092EC00174601F02FF906460028F4D001F02AF9B0
:1092FC000446002872D0E98800293BD1DFF8FCC075
:10930C00D9F8000034603B4B0122DFF8F4A02B406D
:10931C00D5F80090D5F804E07260C6F808A0F560A6
:10932C0003F58055356103F50055756103F540551E
:10933C0003F58043B561F36100236260C4F808C093
:10934C00E3604FF48053C4F83C8023614FF4005326
:10935C00A06263614FF44053A3614FF48043C4E9AE
:10936C000B71E36131462260C4E90D9EBDE8F04704
:10937C00FFF736BF01F0E6F8034698B395F800C046
:10938C00D9F800004FEADC1CE9881A4A4FEA0C298C
:10939C00DFF870E03A408CF0010C49EA014949EAE7
:1093AC000E0E4FF00109C3F80490C3F808E002F563
:1093BC00805EDF60C3F810E002F5005EC3F814E0D5
:1093CC0002F5405E02F58042C3F818E0DA613360C2
:1093DC001C609862084B43EA0C2C94E7304601F071
:1093EC00B9F878E7304601F0B5F8204601F0B2F84C
:1093FC0071E700BF00F0FFFF80800080808100805B
:10940C0080020800800000802DE9F84F4FF0E02426
:10941C004FF4803A99460746D4F80C318B46C4F881
:10942C008CA1164603EA0A0801F08CF805460028C0
:10943C007DD0731E9C0B08D0824601F083F8002867
:10944C0060D0013CCAF80000F6D100230121B6F52A
:10945C00804FC0F83C9006632A460160374CC0E947
:10946C000A7BC0E90D33364820D997F83530A6F57C
:10947C008046516044EA0323B6F5804F93600BEAB3
:10948C000003C2F80CB00BF5804B03F5805CC2F8FE
:10949C0010C003F5005CC2F814C003F5405C03F582
:1094AC008043C2F818C0D3611268DED8360497F82E
:1094BC003500234C294646F4004301250BEA0404ED
:1094CC0043EA00235560384643F08003936004F56B
:1094DC008053C2F80CB0136104F50053536104F5CA
:1094EC00405304F580449361D461FFF779FEB8F1E1
:1094FC00000F05D04FF0E0234FF48032C3F80C215D
:10950C00BDE8F88F2C462D68204601F023F8544511
:10951C00F8D1B8F1000F07D04FF0E0234FF48032B0
:10952C000020C3F80C21EBE70020BDE8F88FB8F160
:10953C00000FF9D0C4F80CA1E2E700BF8000004096
:10954C0000F0FFFF2DE9F84FDFF80C81D8F800B0E0
:10955C00BBF1000F0ED00026DFF80091DBF80830CD
:10956C001A0602D413F07C0F06D1DBF820B0BBF145
:10957C00000FF3D1BDE8F88FDBE90832002A5CD08C
:10958C001362002B4AD0DBF8285059461F460024A2
:10959C005A62CBE908669A6AAA4220D01B6A002B51
:1095AC00F9D1002C37D1DBF820400B680B682B610C
:1095BC00EE60AE612CB12046246A00F0CBFF002C8B
:1095CC00F9D12B6C1BB15846CBF820609847584604
:1095DC00BB4600F0BFFFBBF1000FBFD1CAE7D3E918
:1095EC00082050B1026262B19F425062C3E9086622
:1095FC000B62194624D01346CDE792460124002A6B
:10960C00F2D19F42C9F80000C3E908220B621AD0BC
:10961C001946002CC7D0C8F800A0C4E7DBF82850C6
:10962C001F46C9F80020DBF80020DBF80020CBE94E
:10963C0008332A61EB60AB61C3E7C8F80030A0E7E0
:10964C0017461346A7E70CB1C8F800A01946DBF87B
:10965C0020400027A9E700BFF0470020E04700208A
:10966C00884B2DE9F041D3F844617103C3F8446190
:10967C000BD5854F3C6844B1DFF82C82A36813F0FE
:10968C00FC0F7BD0246A002CF8D132030CD57F4F11
:10969C003C684CB1DFF81482A36813F0FC0F00F0A7
:1096AC008280246A002CF7D1B40700F19C807107EA
:1096BC000FD5744BD3F8844144F02A02C3F88421AB
:1096CC00A20744D4270704D4714B1A78022A00F05D
:1096DC008D8006F080733BB16D4B1A78012A00F037
:1096EC00B780032A00F09980B1012ED5694F3C68F0
:1096FC00002C2AD063690026214630463B6006E0E8
:10970C002E6916442E614B61012619462B46486181
:10971C00002B00F0B2801A699861042A00F2A28032
:10972C005D69002AEFD0002DEAD14B615D613D608F
:10973C00594E002521466469C86803689B68B3428A
:10974C00C1E9055516D1002CF4D1BDE8F08114F017
:10975C0001074F4A6FD011780129B3D801204F4926
:10976C0026F0807610704FF04042C3F88010C3F89A
:10977C008420B9E79847002CDCD1E6E71B0404D51C
:10978C00A36ADB6B0BB120469847D4E9083242B38D
:10979C0013621BB35A6220461C4600F0DBFE002C01
:1097AC007FF46CAF71E7180404D5A36ADB6B0BB1C3
:1097BC0020469847D4E9083252B113625BB15A6221
:1097CC0020461C4600F0C6FE002C7FF465AF6BE70C
:1097DC003B60002BF3D1C8F80020F1E7C8F800205B
:1097EC00D9E73B60D5E7FFF7ADFE60E764077FF58F
:1097FC007BAF03202349187042F21070C1F880002F
:10980C004FF04040C1F88400D1F88411880501D58F
:10981C0023494A63F2017FF567AF042019490022FE
:10982C001870D1F884011146C0F3816000F07EFB02
:10983C001C4B186058E717700222194BDFF8648034
:10984C009A63D8F8000000F0E1FDC8F8007039E721
:10985C000C4A02211970D2F8843143F48073C2F897
:10986C00843141E706B13D60064B013A4FF040416F
:10987C00C3F88820C3F88C105AE7002E3FF458AF79
:10988C0055E700BF00022E40F0470020044800209E
:10989C000654002084460020416E0000A086010082
:1098AC0000A00D4010480020E0470020FC4700209D
:1098BC008D4B012A03FB01F1036B2DE9F04F85B0B1
:1098CC001B7D4FEA11410290104638BF0120022B3C
:1098DC0000F0948005234FF0010A4AEA5A028242B2
:1098EC0080F0E480013B4FEA4A0AF6D14FF0200A9F
:1098FC00CDF80CA0029A039892F83530A2F84400E7
:10990C00002B40F0CF80843102244F0900234FF00C
:10991C00FF36DFF8D8B1B04699460193DDF804E084
:10992C000BEBCE02002512F8010B5178384492F85B
:10993C0002C02144D378A4448842234454D96045BE
:10994C004ED9834238BF0346B34202D2A946F046F1
:10995C001E460135042DE6D1D644BEF11F0FDFD9CA
:10996C00019B01339A450193D8D1BB2E42D8FFB24B
:10997C00B8F11F0FE4B21FFA88F5DDE90232A3F843
:10998C004820A3F84C9083F84E7083F84F40A3F80E
:10999C004A5015D809EBC803019E5B44F0001978B6
:1099AC00B0449A783944B8F11F0F224419709A7058
:1099BC00D9781A7921442244D9701A710344EED90A
:1099CC0001201C23029900FA09F203FA09F3A1F809
:1099DC00465081F8362081F8373005B0BDE8F08F5D
:1099EC00634538BF6346AFE76145F9D98B4238BF51
:1099FC000B46A9E7002005B0BDE8F08F0F28034601
:109A0C004FF0010C01F1570128BF0F234FF0FF3E1F
:109A1C004C090026013B0299DFF8D0B077460CFACE
:109A2C0003FCBCF5807F654628BF4FF48075EB08BE
:109A3C00012B38BF0123A1F84430334600201BF81A
:109A4C0003102B442144884238BF0846FF2BF6D91B
:109A5C00704501D2864637460136B542EDD1BEF18E
:109A6C00BB0FC7D8029BE4B2FF2FA3F84850A3F852
:109A7C004A7083F84E4008D83B461BF8031021442B
:109A8C000BF803102B44FF2BF7D9012A12D9022A09
:109A9C001ED0BCF1040F21DC07F00302112393400C
:109AAC00DBB208E0663102274C092FE71FFA8AF374
:109ABC0003931FE7FF230299FF080022012081F87E
:109ACC003630A1F8467081F8372005B0BDE8F08F2C
:109ADC0007F0010255239340DBB2ECE707F00702D5
:109AEC0001239340DBB2E6E7AB2A0100D846002005
:109AFC00B0F84610B0F844C01F2934D830B51A4C11
:109B0C0040F0020509E0B3F844E0E64511D20260EA
:109B1C0044F8215061441F2924D854F82120D3073C
:109B2C00F5D402F0060E22F01F03BEF1020FEAD0AC
:109B3C0007E09842EED01A68D20706D41B6823F0CF
:109B4C001F03B3F844206245F3D21A468242E1D097
:109B5C00126832F01F02F9D161441A681F290260A1
:109B6C001D60DAD930BD7047003000202DE9F84374
:109B7C0005460E461446994600F0D4FC07460028CC
:109B8C0065D000F0DFFC8046002800F08680602263
:109B9C000021384606F02CFC3C22002108F1040080
:109BAC0006F026FC01224023032EC8F80020C8F83A
:109BBC000830C7F8108087F835907A613D6387F8D4
:109BCC00346058D03CB16B68002B61D01A469B6B4B
:109BDC00002BFBD19763297D002E3BD101294FF43B
:109BEC0080408CBF00220122D206230243EA0133BB
:109BFC00089943EA0143697D0B43134397F83720D7
:109C0C00034343F070437B60AB7DE97D1B0443EA67
:109C1C00C15343EA022397F83620134343F08043A1
:109C2C00BB6036F0020318D1224BD3F85821D2B9BD
:109C3C00796847F0020241F4004179603A60C3F858
:109C4C005871D3F8402142F02002C3F84021384625
:109C5C00BDE8F88300200246C7E7032EF7D138464B
:109C6C00FFF746FFF3E7116847F002033846396007
:109C7C001360BDE8F883DDE908123846FFF718FEDB
:109C8C00814678B1002C9ED1297D20462246ACE736
:109C9C00297D6F60002EA1D0DCE73846474600F0E6
:109CAC0049FCD4E7404600F055FC384600F042FC35
:109CBC004F46CCE700022E40F8B590F834300446FD
:109CCC0013F0FD0F3BD1036823F01F03984200F003
:109CDC00CB801A68194622F01F039C42F9D16368A5
:109CEC001D0400F1AC802368734A0B60D2F840313C
:109CFC0043F04003C2F84031D2F844319806FBD50A
:109D0C002023C2F844316D4E35683DB16C4F284666
:109D1C002D6A836AA3427FD0002DF8D1256935F0D6
:109D2C001F0307D02B6828461D4600F013FC35F0A6
:109D3C001F03F7D12046BDE8F84000F0FBBB61489B
:109D4C0000F1800550F8042FD1070CD422F01F022B
:109D5C00944203D156E08C4259D00A46136823F042
:109D6C001F01DB07F7D5A842ECD1236B1B7D022B1F
:109D7C006AD0B4F84A50B4F848E01F2DB4F84C300F
:109D8C0094F84E6094F84FC018D803EBC5034E4AB4
:109D9C004FEACE0713449A7875441878A2EB0C025C
:109DAC00D978801B1F2D9A70A1EB0C011A791870B1
:109DBC00A2EB0C02D9701A713B44ECD9434E3568B6
:109DCC00002DABD02846424F2D6A836AA34206D0A1
:109DDC00002DA3D028462D6A836AA342F8D1436A8A
:109DEC00002B66D01D62002D61D06B62236933F0AD
:109DFC001F0204D150E01B6833F01F024CD0834289
:109E0C00F9D1E5E72368A84203609BD1ADE723684D
:109E1C00A842136096D1A8E7436A002B45D01D6277
:109E2C00002D40D06B62236933F01F0204D12AE06D
:109E3C001B6833F01F0226D08342F9D16CE74B68C4
:109E4C0043F400434B604EE7B4F84A30B4F8485042
:109E5C00FF2B94F84E00B1D81B49CA5C121ACA5495
:109E6C002B44FF2BF9D9A9E7134AD2F8403123F040
:109E7C002003C2F84031D2F8443113F40043FAD134
:109E8C00C2F858313FE783423FF446AF00F062FB23
:109E9C00002D7FF43CAF41E7834299D000F05AFB90
:109EAC00002D97D13AE73B60BDE73560B8E73B60E2
:109EBC009CE7356097E700BF00022E40F04700207A
:109ECC00E0470020FC2F0020D8460020044800204A
:109EDC00FC4700200B4B70B51E688EB10A4DF46820
:109EEC0014B90AE0646844B12368DB68AB42F9D06A
:109EFC00204698476468002CF6D1B668002EEED147
:109F0C0070BD00BF0C48002035010000064900223E
:109F1C000B68C0E901222BB11A465B68002BFBD100
:109F2C005060704708607047D8470020F0B583B088
:109F3C0007460E46154600F0E5FA0446002833D0D5
:109F4C002822002106F054FA002308202775A67554
:109F5C001A46E5751946019300902046FFF706FE58
:109F6C000346206028B300F0FDFA2368134A2061F1
:109F7C0013491448DA630122186483F83520124817
:109F8C000B6802709BB11A469B68002BFBD1946046
:109F9C000E484FF400220E490023C1E9000223763B
:109FAC0020460C4AFFF790F9204603B0F0BD0C6038
:109FBC00EEE720461C4600F0ADFAF5E7BD80000048
:109FCC000C480020097F0000095400208006000185
:109FDC0000430020003B002030B4037E092B7CD8CA
:109FEC00DFE803F0121D3F444E5E64696E053C4A87
:109FFC0000233C4954791A464B60240444F4106401
:10A00C000C6030BCFFF760B936494FF40022364C77
:10A01C000023C1E90042324A30BCFFF755B9334C3A
:10A02C00334B94F800C019680CF1010CBCF1800F93
:10A03C0028BF4FF0010C31B10B465A7D6245F3D06D
:10A04C009B68002BF9D14FEA0C43264984F800C0D9
:10A05C0043F4A0630B60002330BC1A464B60FFF73F
:10A06C0033B920494FF490121F4CD1E7214C0023F7
:10A07C00214A1C49C1E90042204A30BCFFF724B9EF
:10A08C00174A458C174912F8044B1A4B43EA044300
:10A09C00194C2C430B6000234C6030BCFFF714B9F7
:10A0AC000F4A458C0F4954780432EEE70C4A458C24
:10A0BC000C499478F8E70B494FF41022104CA7E7A1
:10A0CC00074A104C538807490D4D23801B040D6023
:10A0DC004B60002330BCFFF7F7B830BC704700BFB3
:10A0EC00003B002000430020800600010D5400209E
:10A0FC000C480020800600030000FC07043B0020F5
:10A10C0080060002FC530020836A186B90F8243000
:10A11C000133DBB2182B80F8243003D9024B002218
:10A12C001A707047FFF758BF0954002070B50D69BD
:10A13C009DB3D66A90B3295C0131C9B26EB3737802
:10A14C00032B2AD12954347801EB5403312B27DC0F
:10A15C00022C13D9302911D84FF0020C0CF1020249
:10A16C000B4616F80CE001315FFA82FC2B44C9B2A5
:10A17C00644583F803E001D93029EFD96B1800222C
:10A18C00DA70431CDBB2022B07D8C0F10202E818CC
:10A19C00D2B2BDE8704006F02BB970BD0146CDE7D8
:10A1AC00C1F132046400E4B2D2E700BF3F4B2DE9A9
:10A1BC00F04F1C6883B00646002C73D04FF000099A
:10A1CC00DFF8F4803A4F01E06468A4B1A26820463D
:10A1DC003B463146002AF7D1B8F80050D4F800C0FD
:10A1EC00093D0095DCF80050A847002847D1A1464E
:10A1FC006468002CEAD12F4BB8F8002003F1090554
:10A20C0003EB0209A94503D843E04544A94540D9CD
:10A21C006B7895F80080042BF7D1B8F1090FF4D1C5
:10A22C00224B1C68002CF0D0A7684FF0000AA9EB59
:10A23C00050B20462B46012231464FB16468002C99
:10A24C00E3D0A76820462B4601223146002FF5D1DA
:10A25C002768CDF800B03F68B84708B9A246EDE7CB
:10A26C006368BAF1000F17D0CAF80430F368A2463D
:10A27C006360F460A6601C46002CE2D1C5E76368FD
:10A28C00B9F1000F0BD0C9F804300023C4E9013632
:10A29C00F46003B0BDE8F08F044A1360E6E7034AAC
:10A2AC001360F2E7DFF81080A5E700BFD847002065
:10A2BC00093B0020003B0020FC530020826AC36B4A
:10A2CC0070B5146B2BB11A684A4952688A420CD18A
:10A2DC0070BD227E84F82430092AF9D8DFE802F018
:10A2EC0013232E48515B7067770A01461846BDE868
:10A2FC00704010472046FFF759FF0A213E4B0022C1
:10A30C0021761A7070BD216801233C484D683C4A87
:10A31C00C0792A4042EA00424A6020462376BDE8D2
:10A32C007040FFF759BE374A022321685088607588
:10A33C004A6822F07F0202434A60EEE72F4AD07B44
:10A34C00937B117C1370034391701943917992F8AC
:10A35C0004C0507018BF0323507908BF0723E1765F
:10A36C001189528984F819C0A076E1832284D4E73C
:10A37C00224B1A79032A02D95A79032A33D007239C
:10A38C00CBE7024621460020FFF7D0FE1B4B5A7844
:10A39C003AB10523C1E7024621460120FFF7C6FE6C
:10A3AC00164B9B78002B0CBF07230623B5E7134BEA
:10A3BC005B88B3F5006F11D8134A13800823ACE700
:10A3CC00024621460220FFF7B1FE0723A5E70B4A00
:10A3DC000923D179127A217762779EE70A4B4FF4E1
:10A3EC0000621A80EAE7D9881A786184002ACED0F4
:10A3FC00042392E73101000009540020003B0020A7
:10A40C00FFFF00F800430020FC530020002837D049
:10A41C00F8B5C46806466CB11A4D0027236820466F
:10A42C001B69984723462A68A76064682B605A60AA
:10A43C00002CF3D174682CB12046A46BFFF73CFCC4
:10A44C00002CF9D13068FFF737FC0F4B1C6844B176
:10A45C00A64202D111E0A64204D02346A468002CE7
:10A46C00F9D1F8BDA2689A60206908B100F088F8AB
:10A47C002046BDE8F84000F04DB8A2681A60F3E73A
:10A48C00704700BFD84700200C480020074A084BF3
:10A49C00506EB2F868C0B2F87010C3F80600D06EF7
:10A4AC00A3F80AC0D982C3F81200704780020020BA
:10A4BC001043002030B40D4C0D4925680D4A0E4B4D
:10A4CC0015600E480D6822600D4A04680A60194632
:10A4DC0015601A4603F140051C601B6442F8805F4E
:10A4EC0041F8C02F016030BC704700BFB44600205B
:10A4FC00B04600208846002040310020DC47002078
:10A50C00E0300020024B186808B102681A607047EE
:10A51C00B4460020024B1A6818600260704700BFF6
:10A52C00B4460020024B186808B102681A607047E4
:10A53C00B0460020024B1A6818600260704700BFDA
:10A54C00B0460020024B186808B102681A607047C8
:10A55C00DC470020024B1A6818600260704700BF8D
:10A56C00DC470020054A106830B1016800231160F7
:10A57C00037043708370C370704700BFB8460020EF
:10A58C00024B1A6818600260704700BFB846002082
:10A59C0001EB410100EB411188420ED210B4074C83
:10A5AC00226800E01846034643F8602B99420246A5
:10A5BC00F8D820605DF8044B70477047B046002017
:10A5CC0000EB811C604511D2024610B5084C4FEAD5
:10A5DC00811E2168134643F8401B9C4511461A46C0
:10A5EC00F8D8AEF1400E7044206010BD704700BF2B
:10A5FC00DC470020352303FB010188420ED210B446
:10A60C00074C226800E01846034643F8352B994264
:10A61C000246F8D820605DF8044B7047704700BFC5
:10A62C00B8460020C36B33B1C26A596B8A4203D05F
:10A63C00996B8A4204D07047002283F84E207047F1
:10A64C00002283F84F2070470023C0E90333704782
:10A65C0070B5C38F044690F84E109D0829B994F834
:10A66C004F3003F0FF028BB970BD01F0FF02E9B26D
:10A67C00034680F84E109200416B0069FEF7C4FE51
:10A68C0094F84F3003F0FF02002BEDD0EDB22346CF
:10A69C00A16B9200206984F84F50BDE87040FEF722
:10A6AC00B3BE00BF012A01D0002070471A78092AD6
:10A6BC00FAD15A78042AF7D170B582B05A790D467E
:10A6CC0004460699012A194459D0023A102A25D970
:10A6DC00093300228B42A4F850201FD293F800C0FB
:10A6EC001646BCF1030F19D903EB0C0E714515D3AB
:10A6FC005A780B2A18BF042A0CBF0120002071D0F5
:10A70C00242A0ED0052A1BD0252A07D1714569D9D8
:10A71C00734693F800C0BCF1030FE5D8002002B0DB
:10A72C0070BD9A78012A06D0042A06D9F12AF6D1EE
:10A73C00DB78022BF2D10126E8E7012AEFD9FAE700
:10A74C00BCF1060FEAD993F803C0ACF1020CBCF1D2
:10A75C00010FE3D893F802C01CF0F00236D0802A27
:10A76C00DDD194F85020002AD0D10CF00F0C84F8D5
:10A77C0050C0DA7884F852209B88A387C6E7987972
:10A78C000328A5D1093300209942A4F85000A5D87C
:10A79C000023E36094F8512022B1E18FB4F84630E5
:10A7AC008B4246D2002323610023E268A4F84A308E
:10A7BC00A4F84C3084F85530A4F8563084F858304E
:10A7CC00A4F87C31002A2FD00120A8E794F851205E
:10A7DC00002A9BD184F851C0DA7884F853209B88E6
:10A7EC00E38793E7002E99D094F85020002ACFD01D
:10A7FC00A38FB4F846109942CAD30021009328467F
:10A80C000123019194F85210FFF7B0F9E060002891
:10A81C00C0D0114A2346216BC263A28FFEF7F4FD10
:10A82C00012384F84430B5E72069C01A18BF012011
:10A83C0075E70026009128460196334694F853108C
:10A84C00FFF794F920610028AED0044BC36384F861
:10A85C004E6084F84F60A7E7558700002584000000
:10A86C0010B50446032100F5F070FFF791FE04F5D6
:10A87C0040700721FFF7A4FE04F598600121FFF753
:10A88C00B9FE00232046A4F84A30A4F84C30C4E9A1
:10A89C006033C4E96233C4E96433C4E96633C4E9A0
:10A8AC006833C4E96A33C4E96C33C4E96E33C4E970
:10A8BC007033C4E97233C4E90333BDE81040FFF7C9
:10A8CC0025BB00BF8A680B6BC2F30E42B0F84A106E
:10A8DC00B0F84CC09B1A9B0870B5054638D0026B7B
:10A8EC00043A02EB830352F8044F54B10131B5F82A
:10A8FC00480088424FEA810001D8002108462E6C9E
:10A90C0034509A42EFD188B28C45A5F84A00A5F88C
:10A91C004CC00BD90CF1FF3CAA8FACEB0101B1EB95
:10A92C00920F0CD2002385F8443070BDB5F8483036
:10A93C00AA8F6344013B591AB1EB920FF2D32B4609
:10A94C00296BE868FEF760FD012385F8443070BD83
:10A95C000846D9E70146C06B08B1FFF7B3BF704793
:10A96C002DE9F84F72B690F84420B0F84A60B0F870
:10A97C004C3062B69E4234D00F460133B0F84810CA
:10A98C000446D2B2994230D94FEA830C98B2256C66
:10A99C0055F80C50A4F84C008AB9E06878B1B34271
:10A9AC0040F2AE809B1B591EA28FB1EB920F06D3C7
:10A9BC000123216B84F844302346FEF725FDC5F3B3
:10A9CC00031305F00F08C5F303264FEA152984F885
:10A9DC005430A8F108030136062B2BD84FB1B742DF
:10A9EC0007D000273846BDE8F88F00208446034680
:10A9FC00CDE7B8F1080FC5F3033340F08580082B81
:10AA0C0040F082808022D4F88031C5F30748F6B23A
:10AA1C002D0E84F856201BB1414630462A469847E5
:10AA2C00012784F8556084F85780384684F85850CC
:10AA3C00BDE8F88FA8F102025FFA89F3012A3BD92D
:10AA4C00B3F1F70BA8F1050A18BF4FF0010BBAFAD6
:10AA5C008AFAF02B94BF00270BF001074FEA5A1A21
:10AA6C001AEA070728D1B8F1040F00F07381A8F196
:10AA7C000502022A40F21181B8F10F0FB1D1F72B68
:10AA8C001AD8F02BB4F87C1101D00029A9D0D4F835
:10AA9C009C31002B00F01A82B1F5917FC0F01A8224
:10AAAC00002204F159009847002101232144A4F805
:10AABC007C3181F8599095E7F13B0E2B91D801A28E
:10AACC0052F823F0498A00005B8A00007B8A000060
:10AADC00E3870000E3870000A3890000E387000000
:10AAEC00B9890000E3870000CB890000E5890000EC
:10AAFC00FF890000E3870000198A00002F8A0000FC
:10AB0C000139891B19444FE7B8F1090F13D1092BEF
:10AB1C0011D12A0E38D18023F6B2C5F3074884F838
:10AB2C005630D4F88031002B00F069814146304614
:10AB3C001546984774E7B8F10A0F05D10A2B03D1D3
:10AB4C00A022D4F8883160E7B8F10B0F05D10B2B9C
:10AB5C0003D1B022D4F88C3157E7B8F10C0F40F088
:10AB6C0093800C2B40F09080C022D4F89031C5F328
:10AB7C000748F6B22D0E84F85620002B3FF450AF48
:10AB8C004146304698474BE79023C5F30748F6B249
:10AB9C0084F85630D5B2D4F88431002B7FF43CAF16
:10ABAC003EE7D4F8B0316BB1C5F307489847F6B21D
:10ABBC0084F856902D0E33E7D4F8B431002B00F006
:10ABCC004E819847C5F30748F1E7D4F8B831002B0C
:10ABDC00F7D1D4F8CC31002BF4D0FA20C5F30748C8
:10ABEC009847E4E7D4F8BC31002BDDD1D4F8CC3154
:10ABFC00002BE7D0FB20C5F307489847D7E7D4F8DC
:10AC0C00C031002BD0D1D4F8CC31002BDAD0FC20C1
:10AC1C00C5F307489847CAE7D4F8C431002BC3D111
:10AC2C00D4F8CC31002BCDD0FE209847CAE7D4F80D
:10AC3C00C831002BB8D1D4F8CC31C5F30748002B60
:10AC4C00B5D0FF209847B2E7D4F8A431C5F3074834
:10AC5C00002BACD040469847A9E7D4F8A821002A8D
:10AC6C00B0D06B0CC5F306404FEA154803F47E5385
:10AC7C005FFA88F81843904799E7D4F8AC31C5F3DC
:10AC8C000748002BE6D192E7B8F10D0F3CD10D2B04
:10AC9C003AD1D022D4F8943169E7D4F89C31B4F885
:10ACAC007C11002B50D0B1F5917F50D33A4604F172
:10ACBC0059009847394601232144A4F87C3181F886
:10ACCC005990BAF1000F03D0BBF1000F7FF489AE9D
:10ACDC00B8F1050F6DD1B4F87C11D4F89C31C8B221
:10ACEC000A0A84F85700002084F85820F022A4F8AF
:10ACFC007C0184F85620002B00F0A880012204F17E
:10AD0C005900174698476DE6B8F10E0F7FF469AEFF
:10AD1C000E2B7FF466AEE022D4F8983184F85620DE
:10AD2C00002B00F0F580690CC5F30642F6B201F475
:10AD3C007E514FEA154830462D0E11435FFA88F8C4
:10AD4C00A1F5005198476BE6B1F5917FB9D24B1C38
:10AD5C009BB2B1E7D4F89C61002E52D0B4F87C3190
:10AD6C00B3F5917FC0F0888019463A4604F159003A
:10AD7C00B0470123D4F89C21C5F3074084F85990BF
:10AD8C00A4F87C31002A40F0E280591C23442D0E9B
:10AD9C0089B2B1F5917FA4F87C1183F85900BFF406
:10ADAC0020AE4B1C9BB22144A4F87C3181F8595045
:10ADBC0018E6D4F89C31B4F87C11B3B3B1F5917F9B
:10ADCC00C0F08B80002204F15900984701212A0C15
:10ADDC00B8F1070FD4F89C3184F85920A4F87C11F1
:10ADEC0047D1002B00F0AB804F1C0E46F8B2C7F3D6
:10ADFC000722B9B226442D0E86F8595071E71D462C
:10AE0C000EE6B4F87C21B2F5917FBFF4EAAD531C89
:10AE1C002244C5F307409BB2B3F5917FA4F87C3173
:10AE2C0082F859903FF4DDADAFE7B1F5917F76D361
:10AE3C00B8F1070F1DD10B0A0020F02284F857102F
:10AE4C0084F85830A4F87C0184F85620D4F8A0314A
:10AE5C00002B62D004F1590001279847C2E5D4F8C1
:10AE6C00CC31002B3FF4AEAEF820C5F30748984721
:10AE7C009DE6C8B20A0A34E7591CE218C5F3074824
:10AE8C0089B2B1F5917FA4F87C1182F8599012D057
:10AE9C00023362182D0E99B2B1F5917FA4F87C1192
:10AEAC0082F859807FF47DAF3A4604F15900B047DF
:10AEBC003946012377E73A4604F15900B04701219E
:10AECC002D0E84F85980A4F87C116AE7B1F5917FB6
:10AEDC00BFF487AD4B1C9BB2E8E5481C6218B8F177
:10AEEC00070F81B24FEA1540A4F87C1182F8590083
:10AEFC00BFD1B1F5917F7FF477AF002204F15900F7
:10AF0C00984700220120D4F89C311646014671E77F
:10AF1C00C5F30748F6B22D0E82E5012762E54A1CFF
:10AF2C00280C2144B8F1070F92B2A4F87C2181F8C7
:10AF3C00590011469DD1B2F5917F3FF47CAF4F1C67
:10AF4C000E460023F8B2C7F30722B9B252E72D0E12
:10AF5C00022184F85A0024E790F8A32090F8A2006C
:10AF6C00101A704790F8A23090F8A3209A4205D995
:10AF7C005A1C034480F8A220987E70474FF0FF3093
:10AF8C00704700BF90F8A23090F8A3209A4202D9E3
:10AF9C001844807E70474FF0FF307047704700BFF9
:10AFAC000346B0F8300178B193F82F21882A03D9E1
:10AFBC00012200205A60704702F1010C01201A4452
:10AFCC0083F82FC182F8A510704700BF38B5B0F8D0
:10AFDC0030410CB9204638BD90F82F310546C3F1ED
:10AFEC008904A2420DD8144605F1A5002246184446
:10AFFC0003F06AF895F82F312046234485F82F3159
:10B00C0038BD01224260EFE7704700BF2DE9F04FD9
:10B01C00D0F814A01524017E8146437E83B00AEB40
:10B02C000111384A0AEB0313374F097A93F8283089
:10B03C0002EB01150901E86852F8018002EB0311DB
:10B04C00D5F804B01B01CE68D558CBF80040C8F831
:10B05C008400D8F804304A6803432C490192C8F89C
:10B06C0004301460C5F884606B6833436B60284B04
:10B07C004C683A68A3FB0232920C02EB820252003B
:10B08C004B681B1B9A42FBD84FF0090C1F4ADFF888
:10B09C0080E0D8F80830034202D0AB6833422FD19D
:10B0AC00C5F8886054683968AEFB0131890C01EB36
:10B0BC00810153681B1B9942FBD8C5F88460546806
:10B0CC003968AEFB0131890C01EB810153681B1B04
:10B0DC009942FBD8BCF1010CDBD1604699F81830D1
:10B0EC00019A0AEB0313DB68CBF8003099F819309E
:10B0FC000AEB031ADAF82C30136003B0BDE8F08FBA
:10B10C000120EBE7340800209C180020001000E020
:10B11C0083DE1B430E4A10B51168046905E0DB01A0
:10B12C0007D413685B1A102B08D8636913F0007FDF
:10B13C00F5D14FF4FE430120636110BDFFF766FFAC
:10B14C000028FAD04FF4FE4301206361F5E700BFFD
:10B15C00085300202DE9F04790F82FA10569BAF1AA
:10B16C00000F4FD081468846FFF7D4FF002849D006
:10B17C00374E0024376818E06B69190551D4DA048E
:10B18C0055D4580559D4990441D43268D21B322A6B
:10B19C003DD8544507D9EA6D520704D19B0555D4C7
:10B1AC00B8F1000F52D004F085FA5445E4D8EA6D9A
:10B1BC00500702F00703DFD413E099F8A520013300
:10B1CC00022442F48062042B2A661ED08A4503F1C5
:10B1DC00010309EB01020ED992F8A520042B2A6673
:10B1EC00CAD00121002CE8D02146013301348A4514
:10B1FC0009EB0102F0D8B8F1000FBDD04FF4007389
:10B20C002B66B9E70420BDE8F0870124B4E72B696D
:10B21C004FF40072042043F440732B612A66BDE89E
:10B22C00F0872B69042043F440732B61EBE72B6907
:10B23C00052043F440732B61E5E72B694FF4007252
:10B24C00022043F440732B612A66DCE70020DAE726
:10B25C0008530020F8B506690446D6F8145115F4C5
:10B26C00706301D0C6F81431A8070BD5D6F870213D
:10B27C0011043DD50023012184F8A230234484F825
:10B28C00A3109A76EA0710D594F83071F7B194F8B8
:10B29C002E7194F82F31BB4226D97B1C274484F89D
:10B2AC002E3197F8A530C6F86031AB050DD594F862
:10B2BC00A30018B1D4F83C3103B198470023A4F88B
:10B2CC00A230A4F82E3184F83031F8BDD4F83831DE
:10B2DC0003B19847002384F82E31012384F83031D0
:10B2EC0094F82F31BB42D8D80023C6F86031DCE784
:10B2FC0094F8A330872BC5D8591CC9B2BEE700BF40
:10B30C000148FFF7A7BF00BFB01B00200148FFF7A3
:10B31C00A1BF00BFF01C00200148FFF79BBF00BF7E
:10B32C00301E002010B4144C00220369A1421A6193
:10B33C0014D8124C012012494FF430329C645862DC
:10B34C009962DA629C6C00204FF0011101221C659D
:10B35C0018625DF8044B99651A617047094881427F
:10B36C0007D9094C09480A499C645A629862D96207
:10B37C00E8E7084C0848F6E77F1A06003B3728191F
:10B38C00B80B05053F420F000A09070460090101CB
:10B39C00007F05001C1A120C100E0202A1F12803EA
:10B3AC0030B5054683B0252B28D8DFE803F052656D
:10B3BC002424136B272727272727272727272727E7
:10B3CC002727272727272727272727272727272701
:10B3DC0027273F3F4249003A424B434C18BF0122BA
:10B3EC0048681B68A4FB03439B0C03FB02F24B68ED
:10B3FC001B1A9A42FBD8012003B030BD3F295AD901
:10B40C0001F03F03E81890F82C00FF28F3D011F05E
:10B41C00300F5CD0102B5ED002F084FB0346012071
:10B42C00003B18BF012385F82730E5E70192002A7D
:10B43C0043D101F03F0401212C4494F82C0002F07C
:10B44C0083FB019A94F82C00114602F041FB012079
:10B45C00D2E72B35012405E00F2A26D802F074FB25
:10B46C000134E4B215F8013F621E0121FF2B18468E
:10B47C00F2D1162CF4D1BEE7104602F0ABFA012043
:10B48C0003B030BD174C032A1549174B4868226886
:10B49C0034BF05240224A3FB0232920C04FB02F2FB
:10B4AC004B681B1A9A42FBD8A5E7022102F04CFB11
:10B4BC00162CD5D19FE700209EE701F03F03022117
:10B4CC002B4493F82C0002F03FFB012094E711462B
:10B4DC0002F0FEFA8FE7019004F0ECF801989BE77C
:10B4EC00001000E09C18002083DE1B4380F837100E
:10B4FC0080F8382080F83930704700BFA1F1140C67
:10B50C0038B50446BCF10C0F08D8DFE80CF0150771
:10B51C000709220F0707070707070D00002038BD92
:10B52C0019461548FFF752FD012038BD012112487C
:10B53C00FFF710FE012038BD83692BB903680F4A51
:10B54C005B7B02FB03F383610B4805F009FC0120D4
:10B55C0038BD094D81692846FFF7E4FE94F8242094
:10B56C00012302F0FE02184685F8303185F8A5203B
:10B57C0085F82F3138BD00BFB01B0020A08601001C
:10B58C002DE9F04383B01F46CB188046BDF82890B8
:10B59C0014469BB20E4602EB0905ADB2009500F0C5
:10B5AC00E9FD80B1B9F1000F0DD04FF00009224632
:10B5BC0001343B463146A4B24046CDF8009000F031
:10B5CC005DFDA542F3D103B0BDE8F0832DE9F04356
:10B5DC0085B0CF181E468046BDF83090BFB20D46E0
:10B5EC00144602EB09039BB200933B4600F0C2FDEC
:10B5FC0010B905B0BDE8F083002322462946404629
:10B60C000093334600F03AFDB9F1010FF1D9A9F1DD
:10B61C000209621C1FFA89F492B24CB90024334619
:10B62C00294640460C9405B0BDE8F04300F026BD19
:10B63C004FF00109234629464046CDF8009003926D
:10B64C0000F01CFD791E039A2346404689B2CDF8C2
:10B65C00009000F013FD039A224492B2DEE700BF83
:10B66C0003682DE9F043064683B090F8509000240F
:10B67C0090F8515093F8118000E033681B7C2A46F7
:10B68C00F76C002104FB03FC0134304601354FEA12
:10B69C00CC0CE4B21FFA8CFCEDB2BC44CDF800C06B
:10B6AC0001F084F8A14501D9A845E6D803B0BDE85E
:10B6BC00F08300BF0268002190F85030127CC06CFF
:10B6CC0012FB03F2D20004F093BE00BF10B5044687
:10B6DC00FFF7C6FF2046BDE8104001F097B800BF49
:10B6EC00836C10B5044680F851101B689847A36C06
:10B6FC0020465B68BDE81040184700BF10B590F8B5
:10B70C00AB3004462BB920460021BDE81040FFF7B2
:10B71C00E7BF0268002190F85030127CC06C12FB1D
:10B72C0003F2D20004F064FE20460021BDE8104074
:10B73C00FFF7D6BF38B50446FFF792FF94F8515087
:10B74C0094F8503022681D44517CEDB2A94211D9B5
:10B75C0094F8AB1029B920462946FFF7C1FF012008
:10B76C0038BD127C0021E06C12FB03F2D20004F015
:10B77C003FFEF0E7204601F049F8002038BD00BF3D
:10B78C002DE9F0479A4603680F4690F850105B7C01
:10B79C0082B0144699429DF8282019D1B0F85290E5
:10B7AC000646C56C04FB09F303EBC7031D447AB1D1
:10B7BC0004EB02085FFA88F82246013400955346E0
:10B7CC00E4B2394630464D4400F0F0FFA045F3D1C9
:10B7DC0002B0BDE8F08700BF10B50446FFF78EFF3E
:10B7EC002046FFF7A7FF0028FAD101462046BDE806
:10B7FC001040FFF775BF00BF0346082201481A70BE
:10B80C00704700BF704C002030B51C4685B0134605
:10B81C0005460A4A00940C46094901F009F80DF155
:10B82C000F00FFF7E9FF074B01469DF80F20284654
:10B83C00009400F09FFD05B030BD00BF49A300008F
:10B84C0001A50000D19F00004218435C507800EB2A
:10B85C00032080B2704700BF0020704738B50D46FA
:10B86C00044611212B78284623706B786370AB78D3
:10B87C00A370EB78E3702B7923716B796371AB79DF
:10B88C00A371EB79E3712B7A23726B7A6372AB7AC7
:10B89C00A372EB7AE3722B7B23736B7B6373AB7BAF
:10B8AC00A373EB7BE3732B7C2374FFF7CDFF034671
:10B8BC00132128466382FFF7C7FF0346152128464C
:10B8CC00A382FFF7C1FFE08238BD00BF012B05D07A
:10B8DC00022B09D02BB1411A88B27047014488B2AF
:10B8EC007047024490B27047821A90B2704700BF02
:10B8FC00012B05D0022B09D02BB1024490B270471A
:10B90C00821A90B27047014488B27047411A88B2CB
:10B91C00704700BF2DE9F04F87B004460E4690F8F3
:10B92C00807090F881B005920FE094F88510002992
:10B93C0049D0F319AE420BF1010BA3EB0A033AD336
:10B94C005FFA8BFB002703F0FF0694F882A04FFAF6
:10B95C0087FC31464FFA8BF9AAEB070594F888302F
:10B96C004A46B4F87C00EDB2B4F87E80CDF80CC039
:10B97C00AE4228BF294604916146FFF7B9FF024643
:10B98C000399404690464A46FFF7A0FF05990246A8
:10B99C000029CAD00093414694F886C02046049BE7
:10B9AC000BF1010B84F8AAC000F068FBF319AE424E
:10B9BC00A3EB0A03C4D23E4484F8819084F88060DF
:10B9CC0007B0BDE8F08F0093414694F88700049BC4
:10B9DC0084F8AA00204600F051FBAAE72DE9F04FAD
:10B9EC00044690F89000002385B00728A16784F8DE
:10B9FC0084300D7840F24E81A0F108030131DBB2A6
:10BA0C00A1674FF0FF3294F8916084F88430824043
:10BA1C0025EA0205F2186DB2D2B284F88250072AD8
:10BA2C00087840FA03F000F22781C3B24FF0FF30E0
:10BA3C0084F88420B04094F8926023EA000394F8D0
:10BA4C00AA0084F88600B0FA80F04FFA83F9400916
:10BA5C0084F8839084F88700B0180F78C0B217412F
:10BA6C00072800F2F6805FFA87FE94F893C084F8FA
:10BA7C0084000CEB00020F78D2B20741072A00F2C7
:10BA8C00D880F8B294F894A084F884200AEB0208C9
:10BA9C0091F800B05FFA88F84BFA02FBB8F1070F87
:10BAAC0000F2B8805FFA8BF74FF0FF3284F8848095
:10BABC000121002D0AEB020802FA0AFA5FFA88F853
:10BACC0027EA0A0701FA08F8A7EB08074FFA87FBE1
:10BADC0040F39C800CEB020802FA0CFCB240013ED5
:10BAEC0020EA0C0C5FFA88F02EEA020EF6B201FA8C
:10BAFC0000F2B4F87C00B140D21A94F88830AEEB66
:10BB0C000101A2EB0C0249B252B202910392FFF76F
:10BB1C00EFFEA4F87C000646B4F87E00DDE90212C4
:10BB2C00FFF7D4FE0246A4F87E00032B00F2EC8053
:10BB3C00DFE803F0B2B8C102C5F10103411C0344B4
:10BB4C0089B29AB206EB09039BB2009120463146AA
:10BB5C0000F010FB002859D0002294F884304FF0EC
:10BB6C00FF38A4F8802094F88E50A16FEA1808785A
:10BB7C00D2B21841072A00F2B880C6B294F88F00EE
:10BB8C0008FA05F584F88420831891F800C026EA99
:10BB9C000506DBB24CFA02FC072B00F299805FFA27
:10BBAC008CF508FA00F084F8843025EA000531465B
:10BBBC0020460022FFF7AEFE012229462046FFF761
:10BBCC00A9FE94F88420A76F531CC2F108003978A1
:10BBDC00A2F1070EDBB207F1010A1141C0B2072B2B
:10BBEC00CAB207D9C4F878A05FFA8EF37A7882408B
:10BBFC000A43D2B2D20784F88430D8D494F9812085
:10BC0C004A45B0DB94F8863084F8AA30584605B023
:10BC1C00BDE8F08F4F1CC2F10802A8F10808D2B29F
:10BC2C00A7674F785FFA88F8974047EA0B07FFB28F
:10BC3C003AE701F10108C0F10800083AC0B2C4F8B3
:10BC4C0078804978D2B201FA00F041463843C0B24C
:10BC5C0018E701F1010CC2F108020838D2B2C4F89D
:10BC6C0078C091F801E0C0B261460EFA02FE4EEACD
:10BC7C00070E5FFA8EFEF8E64F1CC3F10803083A74
:10BC8C00DBB2A7674978D2B201FA03F33946034312
:10BC9C00DBB2CBE60346B4E6731900EB09019BB2A9
:10BCAC0089B252E74119C9F10100731C304489B2C1
:10BCBC009BB286B249E7C5F10101C9F10100731CC1
:10BCCC00314410449BB28EB2511C82B289B23CE713
:10BCDC004D1CC2F10802083BD2B2A5674D78DBB20D
:10BCEC00954045EA0C05EDB25BE701F1010CC3F19F
:10BCFC000803083ADBB2C4F878C04E78D2B2614679
:10BD0C009E400643F6B239E7014633461DE700BFB5
:10BD1C0070B5FF29046F0D4604F117040ED8602985
:10BD2C0030D9B0F8A0301C44607830B12378AB42E5
:10BD3C002ED0044460780028F8D170BDB0F8A23041
:10BD4C001C44264600213046FFF77EFD03460221A7
:10BD5C0030461C44FFF778FD854206F10406F1D805
:10BD6C00208840BA80B20028E7D0854208D0A3785A
:10BD7C001C44208840BA80B20028DED08542F6D11F
:10BD8C00E01C70BD4029D5D9B0F89E301C44D1E7D9
:10BD9C00A01C70BD38B50446FFF7BAFF00287AD056
:10BDAC0094F890C00023A067BCF1070F84F884308E
:10BDBC00027871D863464FF0FF3184F8843001FA71
:10BDCC000CF194F891C022EA010284F882200CEB69
:10BDDC00030290F800E0D2B24EFA03FE072A6FD8A5
:10BDEC005FFA8EF394F8AA1084F8842084F88610F5
:10BDFC00B1FA81F1490984F887104FF0FF3101FA4B
:10BE0C000CF194F892C023EA010384F883300CEB14
:10BE1C00020390F800E0DBB24EFA02FE072B41D889
:10BE2C005FFA8EF24FF0FF3101FA0CF10CF1FF3C8E
:10BE3C0022EA01025FFA8CFC012101FA0CF1521A80
:10BE4C0094F893100B4484F8A820DBB2072B03D989
:10BE5C00083B0130DBB2A06794F894C084F88430BE
:10BE6C000CEB030190F800E0C9B24EFA03FE07296F
:10BE7C0035D85FFA8EF34FF0FF3084F8841001222E
:10BE8C000CEB000100FA0CF0C9B223EA000002FA34
:10BE9C0001F3C01A40B238BD0130ACF10803A06701
:10BEAC00DBB288E7C2F10802451C083BD1B2A5679A
:10BEBC004278DBB228468A4042EA0E02D2B2B1E79F
:10BECC00451CC3F10803083ADBB2A5674178D2B22E
:10BEDC00284601FA03F343EA0E03DBB282E7C3F10F
:10BEEC0008030839DAB2431CC9B2A36743789340FC
:10BEFC0043EA0E03DBB2BEE72DE9F04700256FF0F5
:10BF0C003F094FF6FF774FF6FE782E4680F88250A9
:10BF1C0082464C1E00F05EFA14F8011F5046DAF807
:10BF2C000430984703465046BB4219460CD0434553
:10BF3C00F2D0FFF72FFF19F1400F85B208BF9AF925
:10BF4C00A8902E44B6B2E7E79AF9822062B19AF92A
:10BF5C00A830B9F1000F13443344A3EB05039EB290
:10BF6C0002DDB1441FFA89F63046BDE8F08700BF08
:10BF7C0070B50E46194690F8883082B004461546C6
:10BF8C00032B09D8DFE803F0251E0217436F01913C
:10BF9C009847281A019985B22046A4F87C60A4F829
:10BFAC007E50FFF7B5FE20B101462046FFF716FD87
:10BFBC0080B202B070BD436F019198473044019933
:10BFCC0086B2E9E7436F01919847301A019986B21E
:10BFDC00E2E7436F019198472844019985B2DBE76A
:10BFEC00014B4367704700BF59960000026F8A42AD
:10BFFC0022D010B504468C302167FFF72FFC236F3D
:10C00C00CBB194F9991094F99A2094F8A53084F84E
:10C01C00A61084F8A72073B1012B0ED094F99800C8
:10C02C0094F9963003449942B8BF84F8A630824202
:10C03C0001DD84F8A70010BD704794F99B3094F98A
:10C04C009C008B42B8BF0B46824284F8A630F0DCD1
:10C05C0010BD00BF014B4360FFF74EBFC5A10000F0
:10C06C0010B49DF804400194B0F85640121B446C77
:10C07C0092B2A4465DF8044B604700BF30B590F80F
:10C08C00A4409DF80CC004B103B930BD012B05D000
:10C09C00BCF1020F2CD0BCF1030F5CD01CF0010FD3
:10C0AC0029D0B0F860408C42EFD8B0F862408C4296
:10C0BC00EBD91344B0F86450B0F866401FFA83FC17
:10C0CC00944505D294424AD904F1FF3C1FFA8CFCEA
:10C0DC009442DAD96545D8D2AA4238BF2A4664457B
:10C0EC0094BFC2EB0403C2EB0C0301249BB22BE004
:10C0FC000131C91A89B2B0F864409442C5D8B0F87D
:10C10C0066409442C1D90B44B0F86050B0F862E07C
:10C11C001FFA83FC8C4505D28E4522D90EF1FF3CCB
:10C12C001FFA8CFC6545B0D28E458CBF00240124CF
:10C13C00002CAAD1A94238BF2946E64594BFC1EBD1
:10C14C000E03C1EB0C039BB20394846CA468A4464D
:10C15C00BDE8304060470132D21A92B2A1E72A46BC
:10C16C00B6E72946DEE700BF032928BF012180F886
:10C17C00AA10704710B5B0F86640BDF808C09442DC
:10C18C00B0F864E016D9E64504D3624594BF0022AA
:10C19C0001229AB1B0F86240B0F860208C420FD9FD
:10C1AC00994294BF002101219A422CBF084641F0CC
:10C1BC00010010BDE64501D26245EBD8002010BD50
:10C1CC00994294BF002001209A4228BF002010BD44
:10C1DC0070B54FF0010C02F0070490F8AA500CFA5D
:10C1EC0004FC9DF81060012D5FFA8CFC46D94FF0D1
:10C1FC00000E056822F007022D7C02FB05F54FF6B8
:10C20C00F8722A401144C26C11449EB95A1E92B263
:10C21C0001320A440B784EEA03038CEA030301F85B
:10C22C00013B9142F6D170BD5FFA86FE5FFA85FC48
:10C23C00002BF8D00A780134013B4FEA4E064EEA47
:10C24C00020214F007049BB28CEA02024FEA4C057E
:10C25C000A70E9D190F8AA20B0F85250012A29446A
:10C26C0004D94FF0010C002BE4D1DCE79646DFD06B
:10C27C004FF0010CE646002BDCD1D4E7E646B8D1F2
:10C28C004FF0000CB5E700BF10B49DF804400194CA
:10C29C005DF8044BFFF7E4BE10B5B0F86E1082B039
:10C2AC00B0F86A300446B0F86C200091B0F8681011
:10C2BC00FFF760FF18B984F8A40002B010BDB4F801
:10C2CC0068300121B4F8602084F8A4109A42B4F8C4
:10C2DC00622038BFA4F86030B4F86A309A42B4F8DF
:10C2EC00642088BFA4F86230B4F86C309A42B4F879
:10C2FC00662038BFA4F86430B4F86E309A4288BF18
:10C30C00A4F8663002B010BD4FF0000CB0F85C1011
:10C31C00826DA0F860C0A0F862104266FFF7BCBF47
:10C32C0090F850C001684FEACC0310B5A0F8543017
:10C33C000A7CD200A0F8522090F85120D4009444EA
:10C34C00A0F8564091F811E0F44506DD92B2AEEB40
:10C35C00020E4FEACE0E1FFA8EF3B1F814C023442E
:10C36C00CA8AA0F85840A0F85A30A0F85CC0A0F8CF
:10C37C005E2010BD38B5436440F20113002504461D
:10C38C00A0F8AA30049B80F85020C16480F851506A
:10C39C0080F8855080F8A55080F8A9508364056713
:10C3AC001B689847A26C064B2046C4E91A335368A5
:10C3BC0098472046FFF714FE84F8885038BD00BF1C
:10C3CC000000FFFF19B10A2901D088B270474FF65F
:10C3DC00FF707047002380F82630704710B40C466D
:10C3EC001346172122460469A4465DF8044B6047A6
:10C3FC0000B583B00B4601210DF107028DF8073013
:10C40C00FFF7ECFF03B05DF804FB00BF10B4002392
:10C41C0004691821A4461A465DF8044B604700BF16
:10C42C0010B4002304691921A4461A465DF8044B84
:10C43C00604700BF30B5044683B001920091FFF70E
:10C44C00E5FF40212046FFF7D3FF17212046256941
:10C45C00DDE90023A847204603B0BDE83040FFF7D4
:10C46C00DFBF00BF10B4C4680A4600231521A446E0
:10C47C005DF8044B604700BF10B4C4680A46002343
:10C48C001621A4465DF8044B604700BF10B40C465F
:10C49C00134617212246C468A4465DF8044B604736
:10C4AC0010B40023C4681821A4461A465DF8044B46
:10C4BC00604700BF10B40023C4681921A4461A4673
:10C4CC005DF8044B604700BF70B5054682B00C4662
:10C4DC0094F800C0BCF1190F13D8BCF1170F2BD86E
:10C4EC000DF107024FF00101284617D16378023491
:10C4FC008DF80730FFF7CAFF94F800C0BCF1190F94
:10C50C00EBD9BCF1FE0F4FF02901284609D1627816
:10C51C0002348DF8072000F083F9D9E7BCF1140F31
:10C52C0001D802B070BD627861460023EE688DF8C8
:10C53C0007200234B047CBE7002361462846EE685B
:10C54C001A460134B047C3E714392DE9F0410646C9
:10C55C0014461D4605295CD8DFE801F00C1C4C2F55
:10C56C0046032D4F3B78002B4AD1002301203B7012
:10C57C00BDE8F08190F82430FF2B02D1782380F8AD
:10C58C00243037692B4622463046BC461421BDE880
:10C59C00F0416047204F3B78C3BB3046FFF736FF76
:10C5AC0000213046FFF724FF21463046FFF720FFDD
:10C5BC00012318463B70BDE8F081174F3B783BB127
:10C5CC0021E0183C18213046E4B20D44FFF732FF4D
:10C5DC00182C2A46F5D830462146FFF72BFF0023AE
:10C5EC0001203B70BDE8F0810B4B002201201A703A
:10C5FC00BDE8F0811146FFF7FBFE0120BDE8F0819C
:10C60C00FFF70EFFB1E7FFF70BFFE1E7FFF708FFBE
:10C61C00C3E70020ACE700BF175400200B39F8B576
:10C62C00064615461C46042952D8DFE801F0415154
:10C63C0047320300FFF734FF637996F822704021EC
:10C64C00304607EBC307FFF70DFF304607F0FF0737
:10C65C00390941F01001FFF705FF07F00F013046D3
:10C66C00FFF70AFFA179304641F0B001FFF704FF54
:10C67C00217930462268C90001F0F801FFF706FF66
:10C68C006A1E12F0FF05F3D13046FFF713FF0120AD
:10C69C00F8BDFFF705FF81213046FFF7E3FE294681
:10C6AC003046FFF7E9FE3046FFF704FF0120F8BDE6
:10C6BC00CAB90F49FFF708FF0120F8BD52B90D495F
:10C6CC00FFF702FF336801209B7C86F82230F8BD0F
:10C6DC000020F8BD0849FFF7F7FE33680120DB7C2A
:10C6EC0086F82230F8BD0549FFF7EEFE0120F8BDB3
:10C6FC00C81600208016002088160020D0160020B6
:10C70C0038B505460C46FFF789FF98B9092C0BD0B4
:10C71C000A2C00D038BD284600F018F828460649E7
:10C72C00FFF7D2FE012038BD2846044900F008F876
:10C73C00012038BD012038BD90160020D8160020ED
:10C74C0001608B7C80F82230704700BF38B5002325
:10C75C002821456904461A46A8470023142120467F
:10C76C001A46E568A847204601224B2100F058F8EC
:10C77C002368204629211A7900F052F8204600221D
:10C78C004B2100F04DF82368204629211A7900F03E
:10C79C0047F8204601224B2100F042F8236820463E
:10C7AC0029215A79BDE8384000F03AB830B583B049
:10C7BC0084688DF805101946069D6B468DF8062089
:10C7CC0001228DF804100F210095A04703B030BD55
:10C7DC0010B4002384680921A4461A465DF8044B62
:10C7EC00604700BF10B4002384680A21A4461A468F
:10C7FC005DF8044B604700BF10B484680A46002300
:10C80C000B21A4465DF8044B604700BF10B4002315
:10C81C0084681021A4461A465DF8044B604700BF9B
:10C82C0010B444690023A4465DF8044B604700BF74
:10C83C0003614FF0FF33C362036343638363C363DA
:10C84C00A0F840300023C0E902120360FF2280F8F8
:10C85C00233080F826308361009B80F8242080F8F8
:10C86C0028204361FFF7B4BF70B5EFF3108272B6A6
:10C87C000C4C206880B10C4E00254369236073B1C9
:10C88C009D6102B962B6836845779847EFF31082D1
:10C89C0072B620680028F0D102B962B670BD336060
:10C8AC00EFE700BF1C48002018480020FFF7DCBF52
:10C8BC000449054A4968054B196013680133136034
:10C8CC00704700BF001000E0085300200453002004
:10C8DC0001207047B0F84630B0F848209BB292B2B5
:10C8EC00934202D2013AD01A7047416B01390A4483
:10C8FC00D01A7047016972B6B0F84A20B0F84C30C3
:10C90C0092B29BB29A423CBF806B1218C86AD31A7F
:10C91C0062B6C0F302601844704700BFB0F84A100A
:10C92C000246B0F84C3089B29BB2994210B40469FB
:10C93C0014D00133906B116B984298BF002399422D
:10C94C0006D85B1A526AD05CC0B25DF8044B7047D3
:10C95C00126A5DF8044BD05CC0B2704772B6B0F886
:10C96C004A0080B2814201D062B6E2E7E36A13F07A
:10C97C00E06F03D14FF0FF3062B6E6E7E3690120C8
:10C98C000024116AA2F84A00C3F30900DBB2A2F832
:10C99C004C404B70F0E700BFB0F84A100246B0F8BC
:10C9AC004C3089B29BB2994230B4046925D0013322
:10C9BC00946B9C4216D9106B1FFA83FC984217D9C2
:10C9CC00106AC05CC0B2956DA2F84CC045B19942DA
:10C9DC001CD3CB1AD16B994202D3D36DC5F88830D6
:10C9EC0030BC70474FF0000C106B63469842E7D890
:10C9FC00181A556A285CC0B2E5E7084672B6B2F858
:10CA0C004A1089B2884204D062B6D0E70C44E31ACB
:10CA1C00E0E7E36A13F0E06F03D14FF0FF3062B64A
:10CA2C00DEE7E069C0F30900F9E700BF90F8443095
:10CA3C0043B110B5044602F03DFE94F84430002B8F
:10CA4C00F9D110BD704700BF38B5D0E90453D3E914
:10CA5C0003120968114228D090F84420044632B1E0
:10CA6C0002F028FE94F84430002BF9D163690021C0
:10CA7C000E4AA961207E03EB0010007D02EB001032
:10CA8C00456805202860657E03EB051393F8343068
:10CA9C0002EB0312A36D52681060A4F84A10A4F8BC
:10CAAC004C1013B1E26DC3F8842038BD340800205B
:10CABC0007EE901A9FED9A7A0421B6EE005AF8EE22
:10CACC00677A9FED986A41F6FF7CC7EE275A2DE9ED
:10CADC00F0478E460569012407EE901AF8EEE77AC6
:10CAEC0085EEA77A77EE057AFDEEE77A17EE903AA7
:10CAFC006345A8BF6346012BB8BF012307EE903AEC
:10CB0C00F8EEE76A76EEC76AC6EE877AF5EEC07A7B
:10CB1C00F1EE10FA48BFF1EE677AF4EEC67AF1EE58
:10CB2C0010FA03D8B0EE676A8E461C4601312129F3
:10CB3C00D2D10021436902F40076A0F84A10B3F870
:10CB4C005AC08E42A0F84C10B3F85860A0F84610AA
:10CB5C00A0F8481080F84410816BDF68A1EB060642
:10CB6C00A1EB0C01C0E90F6139681E6941EA0601AD
:10CB7C00396014BF01210021817640F0AC80017E28
:10CB8C00694E03EB0118DFF8C09198F81470D8F8CF
:10CB9C001CA006EB0717B968C1F800907968D8F8A3
:10CBAC0018700F60BAF1000F03D0D8F82010CAF833
:10CBBC000010477ED92103EB071898F834C006EB18
:10CBCC000C1CDCF808703960DCF80410D8F83870EC
:10CBDC000F60417E03EB0111CF6B0FB1096C396013
:10CBEC000EF1FF31BEF1080F4FEA0161CCBF4FF0DF
:10CBFC00000E4FF0010E01F0F85144EA4E4421436F
:10CC0C005C682961597801F110030021E9604749FA
:10CC1C0041F8234041694FF0010E454C02F0030CE2
:10CC2C004F7891F85610434B39554FF00217446921
:10CC3C00617803EB511301F01F019B000EFA01F117
:10CC4C001960EF62AB6A43F08803AB6253073ED4C2
:10CC5C004CF4701302F00F01042908BF43F0804319
:10CC6C0097062ED5817E43F0805300293AD11607C2
:10CC7C00AB6103D52B6943F000532B616B69D10673
:10CC8C0023F0805348BF43F080536B61D30503D529
:10CC9C002B6943F400532B61A36883B1264E34787F
:10CCAC00002C3AD0611E254DC9B22B1F05EB81011A
:10CCBC0001E0994225D053F8042F9042F9D1BDE8F8
:10CCCC00F087817E0029D2D043F0A003CFE71C4B24
:10CCDC004CEA0303BEE7477E4FF2D901124E03EB39
:10CCEC0007186AE7417E43F0A00304EB011191F8A9
:10CCFC00341006EB0116B668316821F440413160FE
:10CD0C00B5E7631CDBB20F4A3370137845F8240087
:10CD1C0043F002031370BDE8F0870123074DF2E7DF
:10CD2C00001BB74BEC78AD6034080020002C0020C1
:10CD3C0000E400E04038003808540020244800206B
:10CD4C0010003C002A54002038F00100EFF313804F
:10CD5C00B8B9EFF310834BB9EFF305823AB94FF43E
:10CD6C008073EFF3118050B1984208D270470F2AAC
:10CD7C00F7D9054B9B5CEFF311800028F4D11846D2
:10CD8C0070474FF0FF30F1E7F0E300E070B5436916
:10CD9C00447E03EB041C9CF834C08C4508D093F8FB
:10CDAC0034E08E4530D093F844E08E4512D070BDFF
:10CDBC00DB68A6461B68164C04EB011480F819E0DE
:10CDCC0022B140F6D802A3681A6070BDD922A368BC
:10CDDC001A6070BD4FF0010EDD681E692D6835427A
:10CDEC00E9D0A645E7D00A4C03EB0E13052604EB5D
:10CDFC000C1CDCF804502E6093F834C09D6B04EBD3
:10CE0C000C135B681D60D7E74FF0000EE4E700BF22
:10CE1C0034080020036D2DE9F04104460F460669E5
:10CE2C0013B1426DC3F88420A37E2BB172B6B369E3
:10CE3C0043F00053B36162B6B4F84650636BADB2C5
:10CE4C000135AB424CD84FF000084546B4F8483099
:10CE5C009BB29D4219D028E073691B0210D5B4F81F
:10CE6C004830626B9BB201339A4236D99AB2E16A6E
:10CE7C0099422DD9E169CB5CDBB2F361A4F848206F
:10CE8C00B4F848309BB2AB420FD1FFF75FFF636938
:10CE9C00B3F856308342DFDAFF28F1DD02F00AFCEA
:10CEAC00B4F848309BB2AB42EFD0E36AAB421AD92C
:10CEBC00FFB2E3695F5572B6012084F84400A4F810
:10CECC004680B36943F40003B36162B6BDE8F081F8
:10CEDC005B1AA16ACB5CDBB2CFE700221346C6E734
:10CEEC001FFA85F8B2E7ED1AFFB2A36A5F55E2E7C5
:10CEFC00FFF790BF0269536913F4401F70B543D01C
:10CF0C00D36A13F0E06FC3F3026E3AD0B0F84A5014
:10CF1C00B0F84C60ADB2B6B207E0016A01F803C0DC
:10CF2C000EF1FF3313F0FF0E1DD0D1696B1C846B17
:10CF3C00B0F84CC0C1F309019C4298BF00231FFA02
:10CF4C008CFC9C45ECD0046B5FFA81FC1D469C422A
:10CF5C00A3EB0404E1D8436A03F804C00EF1FF33D9
:10CF6C0013F0FF0EE1D1ABB2A0F84A30836D43B1A0
:10CF7C00B54254D3AD1B016CA94202D8C16DC3F8A4
:10CF8C0084105369D90245D49669330228D5536964
:10CF9C001D0225D5B0F84650B0F84830ADB29BB262
:10CFAC0006E0C169C95CC9B2D161D16A4C0512D421
:10CFBC00AB4238D0446B0133C16A9C4298BF00230A
:10CFCC009942A3EB0104ECD8816A095DC9B2D16125
:10CFDC00D16A4C05ECD599B2AB42A0F8481025D0DB
:10CFEC00710216D553695B0213D50021036D80F8CD
:10CFFC00441013B1416DC3F88810837E2BB172B607
:10D00C00936923F00053936162B6936923F4800310
:10D01C00936170BD536943F480135361B4E7816B22
:10D02C00891B0D44A7E79BB2A0F84830936923F401
:10D03C0000039361936943F480039361D0E700BFCD
:10D04C000148FFF757BF00BFB01800200148FFF799
:10D05C0051BF00BF101900200148FFF74BBF00BFA4
:10D06C00701900200148FFF745BF00BFD019002000
:10D07C000148FFF73FBF00BF301A00200148FFF7FF
:10D08C0039BF00BF901A00200148FFF733BF00BF23
:10D09C00F01A00200148FFF72DBF00BF501B0020E5
:10D0AC00704700BF704700BF704700BF704700BF9C
:10D0BC0070B51A4C1A4D2368AB4202D0194AD1688C
:10D0CC0029BBA369AB4202D0164AD169C9B9236BFB
:10D0DC00AB4202D0134AD16A69B9A36CAB4209D0F6
:10D0EC00104AD16B31B101211B680F48D163BDE8E7
:10D0FC007040184770BD01211B680C48D1629847DD
:10D10C00EBE701211B680A48D1619847DFE7012151
:10D11C001B6804F10800D1609847D2E780300020EA
:10D12C00F405002000410840D0300020B830002029
:10D13C00A030002038B5064CA4F1600554F8083C2A
:10D14C002046183CDB689847AC42F7D138BD00BF8D
:10D15C00D030002003682DE9F041044688B0174612
:10D16C00002B4BD000229A600122DA60304D04A8CB
:10D17C00DFF8E0801D4451F8083B2D1102935B68E9
:10D18C0005EB45069847F60006F1080058F80630FE
:10D19C004044DB6801909847264A04A9DDE9010365
:10D1AC00029248F806309B689847029B04A8DB68FB
:10D1BC0098472368032220481F609A601F4A2379EE
:10D1CC001F4C535513785178C0F828428B4228BF16
:10D1DC000B469178D2788B4228BF0B46934228BFDE
:10D1EC001346184C4FF0E0224FF08061012084F878
:10D1FC007A30C2F80C1108B0BDE8F081124AD36E37
:10D20C0043F44053D3660122104B1A60104A134664
:10D21C000260403298680028A8D0103393422360F3
:10D22C00F8D100231846236008B0BDE8F08100BF98
:10D23C0000BFF7BFF4050020002C002010220020B6
:10D24C00B1AE000000E400E000C00F400040084018
:10D25C000041084080300020F8B5036843B3154CFA
:10D26C000746154E1C44241104EB4405ED0073597C
:10D27C0005F10800DB6830449847104B002101226F
:10D28C0073513B689960DA60FF230D4A135513788C
:10D29C0050789478834228BF0346D078094AA34239
:10D2AC0028BF2346834228BF034682F87A30396070
:10D2BC00F8BD00BF00BFF7BF80300020F405002090
:10D2CC001022002000E400E010B4064B0020064CB5
:10D2DC00064A1C609C611C639C6405495DF8044B08
:10D2EC0002F0CEBA80300020F40500202422002069
:10D2FC0035AF0000084602F049B900BF012A70B5ED
:10D30C0008BF0A228AB091B34FF0210E01E05FFAF8
:10D31C0086FE0EF1FF36B1FBF2F502FB15145FFA37
:10D32C0084FC092C0CF137040CF1300C98BF5FFA1B
:10D33C008CF40EF1280C88BFE4B29142EC442946DF
:10D34C000CF8244CE3D24BB10EF1FF3E2D225FFAC8
:10D35C008EFE0EF128036B4403F8242C036801A9FC
:10D36C00CEF122025B68714498470AB070BD30223E
:10D37C004FF0210E8DF82520E5E700BF2DE9F04197
:10D38C000C46D1B1EAB180468E1800250E4F04E050
:10D39C0002F0FCF8B44205440CD0D8F8003014F874
:10D3AC00010B1B68BB42F3D0014640469847B44280
:10D3BC000544F2D12846BDE8F0810D462846BDE86B
:10D3CC00F0811546F6E700BFF5B000002DE9F041FD
:10D3DC008C688AB0DCB10025884606462F462B4661
:10D3EC00212201A9404600F035F9202C2246336851
:10D3FC0028BF202201A930465B68A41A154498471F
:10D40C000744002CEBD138460AB0BDE8F081274622
:10D41C0038460AB0BDE8F081002903DB00230A225C
:10D42C00FFF76CBF49422D230A22FFF767BF00BFED
:10D43C0000B5036883B040F60D2C022201A95B688D
:10D44C00ADF804C0984703B05DF804FB5AB9036803
:10D45C00C9B2074A1B68934200B506D108465DF86D
:10D46C0004EB02F093B8FFF749BF5DF804EB1847E3
:10D47C00F5B00000F8B500260446C0E900668660E9
:10D48C0029B108460D4603F05BFA074608B9204659
:10D49C00F8BD013002F010FA0028F8D029460670C9
:10D4AC002060C4E9017703F0D9F92046F8BD00BF2C
:10D4BC0010B50446006802F007FA204610BD00BF04
:10D4CC00F8B50446154632B9036803B11A70002347
:10D4DC002046A360F8BD43680E469A421CD9511CE5
:10D4EC00006802F0B5FC074660B1A368C4E900050A
:10D4FC000BB90370276831463846A56003F0AEF9C6
:10D50C002046F8BD206810B102F0DEF92760002338
:10D51C002046C4E90133F8BD07683146A56038469A
:10D52C0003F09CF9ECE700BF10B500238AB0044669
:10D53C00084601A9A360C4E9003302F0A7F901A8C9
:10D54C0003F0FEF901A902462046FFF7B9FF204679
:10D55C000AB010BD814203D08A680968FFF7B0BFDA
:10D56C00704700BF38B505460C4649B1084603F074
:10D57C00E7F9214602462846FFF7A2FF284638BDA8
:10D58C002846A96038BD00BF2DE9F8430446006861
:10D59C000D4616468842A36809D8C218914206D295
:10D5AC000F1A4FF0010936B92046BDE8F8834FF049
:10D5BC000009002EF8D003EB0608626890450CD9E0
:10D5CC0008F1010102F044FC0028EDD0A368C4E985
:10D5DC00000813B903702068A368B9F1000F08D1D3
:10D5EC002946184403F03AF92046C4F80880BDE8EF
:10D5FC00F8833246C119184400F066FD23680022F6
:10D60C0003F80820F0E700BF10B582B000230446F1
:10D61C0001228DF8041001A98DF80530FFF7B4FF35
:10D62C00204602B010BD00BF826808B50B463AB167
:10D63C0061B1006802F0A8FFB0FA80F0400908BDA3
:10D64C0031B11878B0FA80F0400908BD0368F8E7EA
:10D65C00012008BDC2B170B5B1FA81F60C4676094D
:10D66C0019B185689D4201D80E7070BDED1A02F19A
:10D67C00FF3C016820466545194428BF65462A468B
:10D68C0002F008FF665570BD704700BF2DE9F041F0
:10D69C0007680646E7B18468D4B1B846454618F821
:10D6AC00010B02F021FE0028F8D1013C3C4402E0C1
:10D6BC00A54205D8013C207802F016FE0028F7D1CF
:10D6CC00621CAF42A2EB0502B26004D30023BB5430
:10D6DC003046BDE8F0813846294600F0F5FC376845
:10D6EC00B268F3E7A249A34B88422DE9F047A24C5C
:10D6FC005E699A69D4F80C801BD9A04B984240F211
:10D70C000281C31A9E491B0AA1FB031340F2276135
:10D71C00DB0903EB830303EB830303F2E2438B424A
:10D72C0028BF0B46A3F54877964BA3FB0737FF089A
:10D73C0004E0954FB8428CBF0E2706278D4908F0A0
:10D74C001F09D1F88030B94543F0C003C1F88030CF
:10D75C000CD228F01F08A1F5F82148EA0708C1F8F7
:10D76C000C800B68002BFCDA08F01F0916F0007314
:10D77C0024D186490C698649A14300F0EA8082F4E1
:10D78C00805134464FF4805514F0605F04D026F07D
:10D79C0060561E43774B5E6111F4405F07D022F454
:10D7AC00405274492A438A618B6C1A07FCD446F0A8
:10D7BC000076704A5661936C9B06FCD4754CA04263
:10D7CC0000F2CE804FF0010C0146634603FB0112C0
:10D7DC0003F1010E0CF10105A24218D8BEF1080F9D
:10D7EC004FF0010340F08D80BCF1040F00F29180EA
:10D7FC000A18A24200F2A48005FB00F1AC4603F12A
:10D80C00010E03FB01120CF10105A242E6D90CF149
:10D81C00FF318C0286EA81215F4810445F4A9042B6
:10D82C007FD9DFF8A4A16C225D48584DB0FBFEF007
:10D83C00D5F800E0B0FBFCF0DFF890C10EEA0C0C60
:10D84C00D44509D042F400524FF4805CC5F800C0B6
:10D85C002A602A68002AFCDA464A156905F0070591
:10D86C009D4203D01361936CDD03FCD411F4E05F93
:10D87C0009D026F4E05604F4E0543E4A264356619F
:10D88C00936C9907FCD44749474A014491423CD8D0
:10D89C00464BC909A3FB0131090B4B1E1B0286EA3F
:10D8AC00030212F4407F06D026F4407603F4407352
:10D8BC00304A334353612F4A536923F00073536149
:10D8CC00936C9B06FCD43A4B4F45A3FB00234FF0C3
:10D8DC00FF324FEA9343B0FBF1F1B2FBF3F3354A5D
:10D8EC001060354A1160354A136008D228F01F08C1
:10D8FC00214A48EA0707D7601368002BFCDABDE819
:10D90C00F087734662E7122718E74FF4407304213F
:10D91C00C5E70CF1FF31204807238C02104486EA3E
:10D92C008121274ADFF8A8A0A2FB0020020D254880
:10D93C00362A38BF362202FB00F042EA0A0A74E7A4
:10D94C004FEA8C24002386EA8C214FF0010EAC4662
:10D95C0062E71D4686F0C05411464FF0C05313E7E2
:10D96C0000244FF0010C024631462346E64653E7AD
:10D97C0000A4781F00C00F40000008400046C323DD
:10D98C0023B24C001F85EB5100366E0100800D4018
:10D99C0040300080FFB19F26808D5B00FF7EF64DEE
:10D9AC0000643F4D7FD1F0087F17B42C9F10E50029
:10D9BC0083DE1B439C180020981800206C5200201A
:10D9CC00819F5E16001BB7006C2000807F300180A9
:10D9DC000020008000B970472DE9F84F01218146E5
:10D9EC00214C224D224E54E8003F2A68306844E80E
:10D9FC000013002BF7D11F494B684FF47A7BDFF8EB
:10DA0C0078A01B1A01270BFB02F8DAF80020A3FB05
:10DA1C0002325A4594BF9044D84454E8003F2A68D7
:10DA2C00306844E80073002BF7D14B68DAF800C07B
:10DA3C001B1A0BFB02F2A3FB0C3CBCF57A7F94BFC8
:10DA4C00624402F57A72A2EB0802B2F57A7F06D331
:10DA5C00B9F1010908F57A78DFD1BDE8F88F01F04A
:10DA6C0029FE0449D9E700BF0C53002008530020BD
:10DA7C0004530020001000E06C52002030B40F4B17
:10DA8C004FF0010C0E4D0F4C53E8002F2868216805
:10DA9C0043E800C2002AF7D10B4B5B680B4A5B1AB8
:10DAAC004FF47A71126801FB00F0A3FB023230BC18
:10DABC008A4294BF80184018704700BF0C53002056
:10DACC000853002004530020001000E06C5200208A
:10DADC00362816D80201104B03EB00109B5810B4DB
:10DAEC00C2685C68144205D061B95DF8044BC3F898
:10DAFC0088207047836851B1084A5DF8044B1A605E
:10DB0C00704770475DF8044BC3F884207047044A93
:10DB1C005DF8044B1A6070473408002038F001009F
:10DB2C003830010036280BD8064B020103EB0010ED
:10DB3C009A58C36892681A4214BF0120002070479B
:10DB4C000020704734080020362829D8164B0201D3
:10DB5C00012903EB00109A5810B45368C4680ED016
:10DB6C0004290CD023EA040353608368A9B1022969
:10DB7C0017D003290CBF0D4A0D4A1A6007E0234346
:10DB8C0001295360836808D040F638021A60436854
:10DB9C0015225DF8044B1A60704738221A60F6E7BC
:10DBAC007047044A1A60F2E734080020383001004C
:10DBBC003800010038F0010030B4124A0020124B3A
:10DBCC000121124D124CC2F8F032C2F8F402C2F824
:10DBDC00B810C2F8A000C2F8A450C2F8B010536933
:10DBEC00DB07FCD551612378DB07F0D413680549BA
:10DBFC0043F0010313600B68DB07FCD462B630BC46
:10DC0C00704700BF00802A400504012401000F006A
:10DC1C0000812A4070B50E4C4FF6FF7E0D4E04F17C
:10DC2C007E05A6F58053002102E0B34281B204D2F6
:10DC3C001A88481C02337245F7D124F8021FAC42F3
:10DC4C0006F58056EDD1044B01221A7070BD00BF51
:10DC5C007652002000107C601854002041F2BB0367
:10DC6C0098422FD8184B10B51B7804463BB3A0082C
:10DC7C00164B04F00301164CA3FB0023C21A03EB52
:10DC8C005203144A5B09C3EB831E9C46A0EB0E03A4
:10DC9C0041EA8C01FF2034F813C01A444FEA4C0CB3
:10DCAC0013030CEB023CBCEB023F07D91A8802337E
:10DCBC00D4B28C4208BF100A9C45F7D810BDFFF7B0
:10DCCC00A9FFD4E7FF207047185400200541100429
:10DCDC0078520020C0070600F8B50F46164672B6FB
:10DCEC00344B40F20641344A9A610222DA61002236
:10DCFC00C3F8A020C3F8F012C3F8F422C3F8F8223A
:10DD0C00C3F8FC224FF47022C3F8A4200122C3F8FC
:10DD1C00B02020F01F038219BFF34F8F4FF0E02487
:10DD2C00C4F85C3F20339A42FAD8BFF34F8FBFF34D
:10DD3C006F8F204D6B69DA07FCD501231F49B2B2F6
:10DD4C0020F07F406B6142F47022C5F8F01242F271
:10DD5C000121184CC5F8F412C5F8BC30C5F8A00068
:10DD6C00C5F8A420C5F8B030154D01E05B0609D408
:10DD7C00636913F00100F9D041236361BDE8F840F9
:10DD8C00FFF71ABF082E0AD836B132463946374447
:10DD9C000646284600F098F940236361E8E7A6F1AF
:10DDAC00080008263946324637440646284600F015
:10DDBC008BF9F1E700802A40F05AF05A3204180827
:10DDCC0080812A4010B472B6284B0221284C0022C4
:10DDDC009C614FF47024D96140F20641C3F8F012F3
:10DDEC000121C3F8F422C3F8F822C3F8FC22C3F8CB
:10DDFC00A020A2F58052C3F8A4400240C3F8B01092
:10DE0C00BFF34F8F02F5805102F120034FF0E02C4D
:10DE1C00994234BF0121802102EB41118B42CCF895
:10DE2C005C2F1A4603F12003F8D1BFF34F8FBFF3D9
:10DE3C006F8F0E4A5369D907FCD501240D490E4B3F
:10DE4C0054610340C2F8F0124FF470200749C2F835
:10DE5C00A030C2F8A400C2F8B0404B69DB07FCD577
:10DE6C0001235DF8044B4B61FFF7A6BE00802A40EE
:10DE7C00F05AF05A2004180800F0FF0041F2BB03DE
:10DE8C00984200F28980464B2DE9F0471B78C2B0CE
:10DE9C0005468946002B7CD0AB08424E05F00305A5
:10DEAC00414FA6FB03269A1B06EB5206760945EA60
:10DEBC008605C6EB86169E1B3C4B37F81640334442
:10DECC0060004FEA033800EB0330B0EB033F64D93A
:10DEDC0043464FF0FF0C1A880233D1B2A94208BF57
:10DEEC004FEA122C9842F6D8E14541D0B4F5006FB8
:10DEFC0041D302AC4FF48072FF21204602F078FA35
:10DF0C0008F5805008F102034246984234BF0120C4
:10DF1C004FF4006008EB4000134602321B8882422B
:10DF2C00D9B24FEA13236354F6D104F805900DF1DE
:10DF3C0007090DF2071A00254C464046FFF742FF31
:10DF4C0014F801CF08EB450002220DF10601631E07
:10DF5C00BCF1FF0FA3EB090306D043EA0C230135F8
:10DF6C00ADF80630FFF7B8FEA245E9D127F81650F8
:10DF7C0042B0BDE8F08745EA092502A90222013426
:10DF8C00ADF80850FFF7A8FE27F8164042B0BDE8E0
:10DF9C00F087FFF73FFE7FE770474FF0FF0CA3E7DA
:10DFAC00185400200541100478520020C0070600C8
:10DFBC00704700BF362858D80001F0B4344C354DAA
:10DFCC002358AB4256D049D8B3F1844F4BD0A5F56A
:10DFDC008045AB4240D1304D2044304E304CC4F8DB
:10DFEC00B462D0E901C4C0684FF0E0264FF000578E
:10DFFC00042AC6F810712FD85E6926EA00065E6105
:10E00C004FF00506CCF80060266846F48036266092
:10E01C005C6824EA00045C60224C54F8224090FABC
:10E02C00A0F2B2FA82F245F822106FEA00011DD07C
:10E03C00DD690F2A01EA0501D9611DDC52000325B7
:10E04C00D968944005FA02F221EA02022243DA600E
:10E05C0098615A6902435A61F0BC7047124DAB4249
:10E06C00FAD1124DB8E7124DB6E77047DA690243A0
:10E07C00DA61EDE70F4DAFE7103A0325196952004D
:10E08C00944005FA02F221EA020222431A61DFE708
:10E09C003408002000800042E82600202100000007
:10E0AC00002C0020F402002000C00042E8270020D1
:10E0BC00682600206827002008B5FAF7B5FCF9F7A8
:10E0CC009BFE01F0F7FAFAE7844641EA000313F0ED
:10E0DC0003036DD1403A41D351F8043B40F8043B63
:10E0EC0051F8043B40F8043B51F8043B40F8043B26
:10E0FC0051F8043B40F8043B51F8043B40F8043B16
:10E10C0051F8043B40F8043B51F8043B40F8043B05
:10E11C0051F8043B40F8043B51F8043B40F8043BF5
:10E12C0051F8043B40F8043B51F8043B40F8043BE5
:10E13C0051F8043B40F8043B51F8043B40F8043BD5
:10E14C0051F8043B40F8043B51F8043B40F8043BC5
:10E15C0051F8043B40F8043B403ABDD2303211D365
:10E16C0051F8043B40F8043B51F8043B40F8043BA5
:10E17C0051F8043B40F8043B51F8043B40F8043B95
:10E18C00103AEDD20C3205D351F8043B40F8043B65
:10E19C00043AF9D2043208D0D2071CBF11F8013B63
:10E1AC0000F8013B01D30B8803806046704700BF29
:10E1BC00082A13D38B078DD010F003038AD0C3F138
:10E1CC000403D21ADB071CBF11F8013B00F8013B1A
:10E1DC0080D331F8023B20F8023B7BE7043AD9D3D9
:10E1EC00013A11F8013B00F8013BF9D20B780370AE
:10E1FC004B7843708B7883706046704701F1FF3C1D
:10E20C0070B56646002400E00134B0FBF2F502FB69
:10E21C001503092B03F1370E03F130035FFA8EFE61
:10E22C0098BF5FFA83FE9042284606F801EFEBD2C6
:10E23C00631C0022C818CA547CB162461CF8015FEA
:10E24C0010F8016DA1EB0C0302328CF80060013B5D
:10E25C00521A057023449A42EFDB084670BD00BF8A
:10E26C0000230F2248F2B82C194610B54FF4704415
:10E27C004FF4806EA0F88C414FF46044A0F88E21CE
:10E28C000A46A0F89031B0F888319BB243F0F00305
:10E29C00A0F8883101EB4103013100EB4313042951
:10E2AC009C80A3F806E05A841A865A805A81A3F8F7
:10E2BC000EC05A82DA825A83DA83EBD1B0F88831F5
:10E2CC009BB243F00F03A0F88831B0F888319BB2B1
:10E2DC0043F47063A0F8883110BD00BF374B384A47
:10E2EC00996F384841F47F0170B5996741F2010686
:10E2FC00D3F8801045F6C05543F226040A43C3F800
:10E30C008020FFF7ADFF00F58040FFF7A9FF00F577
:10E31C008040FFF7A5FF00F58040FFF7A1FF00222A
:10E32C00A0F503104FF00F0E114600EB42134FEA0D
:10E33C00421C01329981042A5981A3F80EE09E8275
:10E34C00DD8020F80C1019829C81EED100221E4831
:10E35C004FF00F0E41F20106114645F6C05543F23F
:10E36C00260400EB42134FEA421C01329981042A25
:10E37C005981A3F80EE09E82DD8020F80C101982E2
:10E38C009C81EED1002211480F2641F20105114665
:10E39C0045F6C05443F2260E00EB42134FEA421CE2
:10E3AC0001329981042A5981DE819D82DC8020F81A
:10E3BC000C101982A3F80CE0EED170BD00C00F4018
:10E3CC00000003FC00C03D4000001E4000401E4009
:10E3DC0072B6EFF30583524CC4F884301EF0040F70
:10E3EC000CBFEFF30882EFF309824FF0E0234D4EA0
:10E3FC004D4DD3F8280DD3F82C1DC4E92201D3F8C8
:10E40C00341DD3F8383DC4E924139369C4F898300B
:10E41C00D369C4F89C3000F0BDF884ED280A01F0F3
:10E42C00B5F90B214FF0FF32C4F8A4000B46C4F829
:10E43C0080103E49301D5A40202402F00103013C5B
:10E44C0001FB03F383EA5202F7D1A84202D07368AE
:10E45C000646EFE7324BC3F8A820BFF34F8F4FF0BF
:10E46C00E0233049324AC3F8701FC3F8702FBFF352
:10E47C004F8FBFF36F8F2F4A02252F48D36E2F4932
:10E48C0043F44053D3660560D3692D4823F07F03D2
:10E49C0043F04003D3610B6883423DD8264D0021E5
:10E4AC004FF0E0234FF0FF3229600126C5F8081128
:10E4BC002449C5F80011C5F80861C3F88021C3F8D8
:10E4CC008421C3F88821C3F88C21C3F8902101E082
:10E4DC0000F052F9D5F80C31002BF9D00134C5F805
:10E4EC000C614F2CF4D9184B022018494FF0004204
:10E4FC00C1F840015A63D5F80C313BB914481549A1
:10E50C000D4A0163D2F80C31002BFAD04FF0E02306
:10E51C00114AC3F80C2DFEE7FFF7E4F8BEE700BF85
:10E52C0000FF272080FF2720A8FF27202083B8ED9D
:10E53C00A0FF272000C00F40004008409C1800207E
:10E54C00803DCD0B009F240000900D4000002E401C
:10E55C0000800F40F100AD0B0400FA050A490A686F
:10E56C0038B108B513180948834204D810460B601B
:10E57C0008BD1046704701F0D1FF0C234FF0FF325D
:10E58C000360104608BD00BF202200200000282098
:10E59C00FFF71EBF124AD2F880305B07FBD5D2F8CA
:10E5AC0080301048C3F30B230F4990ED007A07EE2F
:10E5BC00903A91ED006AB8EE477A0C4AF8EEE77A99
:10E5CC000B4BD2ED006A77EEC77A93ED007AB8EE7A
:10E5DC00477A67EE867A87EEA60A37EE400A7047CE
:10E5EC0000810D405C5200206452002068520020D3
:10E5FC0060520020836BF0B41BB1536843F40043AA
:10E60C00536072B6446B3CB31A4B2260D3F8B041E2
:10E61C000C421DD1184E776804E07468E41BB4F505
:10E62C00166F0BD2D3F8404144F48044C3F84041F8
:10E63C00D3F8B851D3F840416404EED50D4007D15E
:10E64C000C4CC0E90225D4F8B0310B43C4F8B031FE
:10E65C00426362B6F0BC7047064DC0E90224D5F89F
:10E66C00B0310B43C5F8B0310263426362B6F0BC03
:10E67C00704700BF00002E40001000E070B5056B25
:10E68C009DB106462A46002403E012680134012A93
:10E69C000CD0536813F08003F7D032632CB12846AA
:10E6AC00B36B2D689847013CF9D170BDC6E90C33AA
:10E6BC00F4E700BF30B4D9B91F4C204B0021204ADD
:10E6CC0001254FF0011099601D60C4E902318024CE
:10E6DC005C60C2F8BC01D2F8B0311A482B43C2F8C6
:10E6EC00B0310160D2F8B031002BFBD130BC704797
:10E6FC000904154B104C012541F080019860104A1B
:10E70C00596000F580511D60D96000F50051A3647B
:10E71C00196100F5405100F5804059610021986164
:10E72C00E164D2F8B03143F48033C2F8B031D2F89E
:10E73C00B031002BFBD1C0E700000020403200209C
:10E74C0000002E40D45000206032002008490122E5
:10E75C000B7802FA00F023EA0000087030B9054A81
:10E76C00D2F8483123F08003C2F84831704700BF1B
:10E77C002154002000002E402DE9F04F974C83B01F
:10E78C00D4F84471FB07C4F8447153D5D4F8AC21C8
:10E79C00002A4AD0924EDFF860A2DFF87492DFF8BC
:10E7AC0074B2DFF87482C4F8AC21D6E90A20D4F82C
:10E7BC00403143F40053C4F84031D4F840319D0447
:10E7CC00F5D5D4F8403123F40053C4F840314FF060
:10E7DC000113C4F8B431D4F8B45115F00115FAD1C1
:10E7EC0093B28446CAF80050B3F5086F00F0CF819D
:10E7FC0000F2DB8040F202318B4200F0E78100F244
:10E80C009A80822B00F0CB81B3F5817F40F08A8017
:10E81C0010F0780F83B200F003824FF00113C4F8AC
:10E82C00C031D4F8AC21002ABDD16C4AD2F8BC312D
:10E83C00002B42D17E0616D5684BD3F8AC21C3F819
:10E84C00AC21D3F8BC21C3F8BC21D3F8B041002CC7
:10E85C00FBD14FF0FF32C3F8B421D3F8843100F070
:10E86C002DFD604B1C60FC0103D55F4B1B6803B195
:10E87C009847B80103D55D4B1B6803B198477907DE
:10E88C0008D5564BD3F8843113F4007347D0584B4A
:10E89C0001221A70514BD3F848311A060AD53B069F
:10E8AC0008D5544A13782BB1013BDBB21370002B03
:10E8BC0000F0728203B0BDE8F08F4F49C2F8BC3152
:10E8CC000868034240F0D181464A14681C40B1D01C
:10E8DC005FEA144810D0424E4FF0010998FAA8F59F
:10E8EC00B5FA85F506EBC51009FA05F54030FFF7CA
:10E8FC00C5FE38EA0508F1D1A4B2002C9AD0384EE6
:10E90C004FF0010894FAA4F5B5FA85F506EBC5109D
:10E91C0008FA05F5FFF7B2FEAC43F3D18AE7344AA7
:10E92C001370B7E7802B7FF478AF34480221058051
:10E93C00FFF7C0FE75E7B3F5A06F00F00B81A3F5F0
:10E94C00D063012B3FF669AF2D4B5D68002D3FF472
:10E95C0064AF1FFA8CFC4FEA124E04E01D690C33B5
:10E96C00002D3FF45AAF1A887245F7D15A88624588
:10E97C00F4D14FEA1E22032A00F0A5811A89000C5B
:10E98C00824228BF0246BEF5007F40F0A181184BA1
:10E99C001C4918781C4B0192002818BF19461B48BB
:10E9AC00FFF792FB194D019AE1E142F221218B42D2
:10E9BC007CD033D942F221318B4200F081804FF66A
:10E9CC00C0018B427FF429AF10F47F4F83B27FF4E8
:10E9DC0024AF43F46E4363F30F0CB5E700002E40F5
:10E9EC0000000020D8500020E8530020EC530020F9
:10E9FC002854002029540020D450002020520020FC
:10EA0C00F0160020382100609C21006000002020BE
:10EA1C00CC5000205DCFC6B8C0012E40B3F5106FAE
:10EA2C0066D042F221018B427FF4F7AE030C072B28
:10EA3C007FF4F3AEB24BB349F560D960B249B36021
:10EA4C00C3F80890C1E9002001221A60AF4A5A604D
:10EA5C00AF4A1A61D4F8B01141F00101C4F8B011F9
:10EA6C0002F5805102F5005259619A61D4F8B03127
:10EA7C00002BFBD1A74AF36493600123B2641360AB
:10EA8C0048F2800353604FF00113C4F8BC31D4F842
:10EA9C00B03143F48033C4F8B0314FF48033CAF84A
:10EAAC000030D4F8B031002BFBD1BAE680B238B9C3
:10EABC00994BC2F307421968984B1960984B1A701E
:10EACC00944B00229A60F2640122B3641A60802293
:10EADC005A604FF00113C4F8BC31D4F8B03143F490
:10EAEC008033C4F8B031D4F8B031002BFBD198E6A8
:10EAFC00C2F307428B4B1A708B4BC4F8C8318B4B4B
:10EB0C00C4F8CC318A4BC4F8D03100F0D9FB802248
:10EB1C002946884801F06CFC874B8022C6F8A0B0CF
:10EB2C00C6F8E0307B4BF5645A600122B3649D60FB
:10EB3C001A604FF00113C4F8BC31D4F8B03143F46F
:10EB4C008033C4F8B031CAF80050D4F8B031002B7F
:10EB5C00FBD166E66F4B0121F564196080219D6045
:10EB6C00B36459604FF00113C4F8BC31D4F8B03120
:10EB7C0043F48033C4F8B031D4F8B031002BFBD15E
:10EB8C00130C5B0643F08073C4F8543149E6654BB3
:10EB9C0001216A481B780370FFF78CFD41E683B2B4
:10EBAC0010F078007FF439AE03F07F0258F8221091
:10EBBC00624A1080180600F19E80CB0701D5012314
:10EBCC00137002215D48FFF775FD2AE610F0780FEF
:10EBDC0083B27FF422AE03F07F0213F0800F58F85B
:10EBEC00223014BF43F4803343F0010348F8223041
:10EBFC000022484BF2649A600122B3641A608022AE
:10EC0C005A604FF00113C4F8BC31D4F8B03143F45E
:10EC1C008033C4F8B031D4F8B031002BFBD100E60E
:10EC2C0003F07F0213F0800F58F8223014BF23F446
:10EC3C00803323F0010348F822300022354BF26474
:10EC4C009A600122B3641A6080225A604FF001135B
:10EC5C00C4F8BC31D4F8B03143F48033C4F8B031CB
:10EC6C00D4F8B031002BFBD1DBE50020086026493D
:10EC7C000C88486842F221018C427FF425AE80B2A8
:10EC8C0000287FF421AE2E492E4C03C9A180862882
:10EC9C004FEA11412060A1717FF416AE72B62A487A
:10ECAC00017841F008010170D2F848110D0605D425
:10ECBC0080200143C2F84401C2F8481162B6234ACD
:10ECCC005021117000E6000C2A78824228BF0246BF
:10ECDC00BEF5E06F44D11E4B1E4D18781E491F4BDC
:10ECEC000192002818BF19462846FFF7EDF90723B3
:10ECFC006B70019A3BE0C9033FF561AF61E700BF60
:10ED0C0060320020CC600020084300208000070007
:10ED1C00CC7000204032002008530020E453002027
:10ED2C0026540020275400200200CC00C80002000A
:10ED3C000200C800800000201993D57420520020D6
:10ED4C00CC500020DC5300202154002029540020FA
:10ED5C0028540020000020209C21006038210060F5
:10ED6C002946104D01922846FFF7AEF9019A25F07D
:10ED7C001F031544BFF34F8F4FF0E021C1F8703FD4
:10ED8C0020339D42FAD8BFF34F8FBFF36F8F0548E6
:10ED9C001146FFF78FFC44E50320FFF7D7FC01F089
:10EDAC00D7FF00BF000020202DE9F0471F46831E2F
:10EDBC00022B01D9BDE8F087DFF84C9015460C46C4
:10EDCC003C2209EBC01806464FEAC01A002108F194
:10EDDC000400240401F00CFBB5FA85F2012352095E
:10EDEC0044EA427449F80A40C8F83870C8F8083048
:10EDFC00002FDFD0034AB34011680B431360BDE80A
:10EE0C00F08700BFD8500020000000202DE9F0470B
:10EE1C000D46811E022901D9BDE8F087C701DFF834
:10EE2C004C909246044640373C2200211E4609EB8A
:10EE3C0007082D0408F1040001F0DAFABAFA8AF294
:10EE4C00520945EA427249F807200122C8F8386095
:10EE5C00C8F80820002EDFD0034B10341968A240EC
:10EE6C000A431A60BDE8F087D8500020000000204B
:10EE7C0012048160C36101F5405342F0800210B46A
:10EE8C000124426001F50052046001F5805401F543
:10EE9C008041C46081615DF8044BC0E90423704774
:10EEAC00831E0A46022B00D97047064B00F1100155
:10EEBC004FF0010C03EBC0100CFA01F14030FFF7DE
:10EECC0099BB00BF00000020831E0A46022B00D90C
:10EEDC0070470121024B814003EBC010FFF78ABB46
:10EEEC000000002040687047124A134BD2F82002F1
:10EEFC0020F07F40984210B584B002D200EB800025
:10EF0C0040000E4C01A90A22FFF778F901A9002351
:10EF1C00204611F8012B01333AB10A2B20F8022FAD
:10EF2C00F7D11623237004B010BD5B00DBB2237045
:10EF3C0004B010BD00441F408096980004290020A6
:10EF4C0000F0DCBA00F0ACBA00F010BB00F0CABAAA
:10EF5C0000F066BB00F03CBB0846114600F02CBB31
:10EF6C00F8B5144C4FF0E025134E4FF4003204EB7F
:10EF7C004024124F06EB40160346C5F88C2121465F
:10EF8C003A883046FFF774FF3B882344BFF34F8F1A
:10EF9C00C5F85C4F2034A342FAD8BFF34F8FBFF3B0
:10EFAC006F8F03203146FFF78FFF4FF40033C5F806
:10EFBC000C31F8BD8000202080390020FE53002049
:10EFCC00244B2DE9F0411C884368C569C3F30E43FB
:10EFDC00E41A002C24DD204920480A780078D3B2AA
:10EFEC001F4E82421F4807D010F8038036F8187065
:10EFFC00C7F50072944218D90133002226F8154047
:10F00C00082B194E88BF134626F8152098BFDAB284
:10F01C00C554164B0A701A6814441C60BDE8F08184
:10F02C002846BDE8F041FFF79BBF07EB482010498D
:10F03C0022462744084401EB4521FFF745F80B4ACB
:10F04C00284626F8187013682344BDE8F041136075
:10F05C00FFF786BFFE5300201D5400201E540020D5
:10F06C003052002050520020405200202C520020E0
:10F07C00800020201D4B1A78002A36D102F0FF03A5
:10F08C001B4A12788AB32DE9F0411A4D2A8852B3E3
:10F09C00194EC2F50068194F3278194C07EB42171C
:10F0AC0004EBC224424638462146FFF7E1FE04EB4E
:10F0BC000802BFF34F8F4FF0E023C3F8704F20349A
:10F0CC00A242FAD8BFF34F8FBFF36F8F042039469B
:10F0DC00FFF7E6FE33780133DBB2032B88BF002346
:10F0EC00337000232B80BDE8F0817047255400203D
:10F0FC00275400200054002024540020803A002083
:10F10C00801020202DE9F04F85B0CDE901100029A9
:10F11C0000F0BF800023604CDFF89881DFF898A1E5
:10F12C005E4F009301235E4A23705E4B1978B8F84A
:10F13C00003002EB4119002B40F0A7801E461D4603
:10F14C009B464846FFF7CEFE10F0800000F08C8006
:10F15C00BFF34F8F9AF8003084F800B005B93E68C1
:10F16C00002B7DD13B689B1B782B00F287804E4B8C
:10F17C001B78002B74D000F09DFA0122B8F80030F7
:10F18C0015462270002BDCD0464AC3F5006011787E
:10F19C001A4600EBC120454DC9022844019D9542F9
:10F1AC0017D20393DDE901512A46FEF78DFF039B2D
:10F1BC004FF040425B1BA8F800303D4BC3F8842055
:10F1CC00BFF34F8F009800232844237005B0BDE88F
:10F1DC00F08F364BCD180299FEF776FF00234FF4D3
:10F1EC00006229464846FFF743FEBFF34F8F05F1F7
:10F1FC00200205F50063934234BF012340234FF0F6
:10F20C00E02205EB4313C2F8705F2035AB42FAD114
:10F21C00BFF34F8FBFF36F8F04204946FFF740FEBB
:10F22C00204A13780133DBB2032B84BF00231D4A21
:10F23C001370B8F80030019AD11A009A1A4401914F
:10F24C000092029A1A4400230292194AA8F800303C
:10F25C00C2F88430BFF34F8F237000297FF462AF64
:10F26C00009805B0BDE8F08F4FF400620D4B8AF8A2
:10F27C00000019781346A8F800208AE701230098AB
:10F28C008AF8003005B0BDE8F08F1A46C3F500606F
:10F29C007FE70198E5E700BF2554002008530020C4
:10F2AC00803A002024540020275400208010202075
:10F2BC0000002E400054002023540020704700BF53
:10F2CC002D4B002180222D4870B51B7800242C4D2D
:10F2DC008B422C4E0CBF40234FF400732B80338099
:10F2EC0001F086F8284A2146284B14704FF480729E
:10F2FC0027481C8001F07CF8264A1021264B02205E
:10F30C00C2E90044C2E90244244AC3E9004414702F
:10F31C00234AC3E90244234B1C7023461460224643
:10F32C00FFF774FD2246318803201F4BFFF73CFD8D
:10F33C002346012229880420FFF768FD204601346A
:10F34C00FFF70EFE082CF9D1184B00214A22184861
:10F35C00184C0460C3F88410C3F88020D3F84821FB
:10F36C00154942F08072C3F8482121B1134A137831
:10F37C0043F00103137070BD28540020803A002024
:10F38C0002540020FE53002024540020005400207E
:10F39C008039002030520020405200201D540020A3
:10F3AC002C5200201E540020C1CD000000002E4025
:10F3BC00E853002075CE0000000000002A54002005
:10F3CC002DE9F04F4FF0E0234FF40032DFF8C8A0E6
:10F3DC0083B0C3F88C218B469AF8004000294FD09B
:10F3EC008046E4B20027DFF8B490264BABEB070263
:10F3FC0025491B78A34204F101043FD0092C234B6F
:10F40C00404628BF00241E5D39F816C00CEB46237D
:10F41C0019441F4B33F81650A5EB0C05AA421CD20D
:10F42C000CEB462C18491B4C61440192FEF74CFE28
:10F43C00216839F816505846019AA1EB0B012A4461
:10F44C00394429F8162021604FF0E0234FF40032A4
:10F45C00C3F80C2103B0BDE8F08F2A462F44FEF709
:10F46C0033FE0C49E3B230460A68A844521B0A60CA
:10F47C008AF80030FFF774FDBB45B6D83846E3E791
:10F48C000846E1E71D540020800020205052002047
:10F49C00305200202C5200201E54002040520020DC
:10F4AC000B4B0C4A12781978D3B28A420DD0013327
:10F4BC0009480A4A092B0A4928BF0023C35C31F8C2
:10F4CC00131002EB4323585C70474FF0FF3070472A
:10F4DC001D5400201E54002050520020800020207B
:10F4EC0040520020044B10B51C680CB1204610BDD6
:10F4FC0000F0E0F8204610BD2C5200202DE9F84F0A
:10F50C00144E154D33782A78934221D0DCB2DFF8B3
:10F51C005090DFF850B0DFF85080104F0134082CB9
:10F52C005FFA84FA01D90024A24619F80400DBF82A
:10F53C00003038F8102037F81010521A9B1ACBF8FC
:10F54C000030FFF70DFD86F800A02B78A342E5D123
:10F55C00BDE8F88F1E5400201D540020405200209E
:10F56C00505200202C5200203052002000B583B0A5
:10F57C0001210DF10700FFF723FF20B19DF80700D3
:10F58C0003B05DF804FB4FF0FF30F9E7094B00B511
:10F59C0083B01B788DF807003BB101210DF10700FA
:10F5AC00FFF7B0FD03B05DF804FB03F0FF0003B000
:10F5BC005DF804FB27540020044B1B7803F0FF027A
:10F5CC000BB1FFF79FBD1046704700BF27540020BA
:10F5DC002DE9F0410024DFF8448001230D4D27462E
:10F5EC000D4E88F80030337828462035A34204F1BC
:10F5FC00010405D0FFF776FC030658BF07F500673A
:10F60C00042CF0D1BFF34F8F0023384688F800301C
:10F61C00BDE8F081803A00202454002025540020BD
:10F62C002DE9F8431D4B1B7813B11D4D2A880AB9DF
:10F63C00BDE8F8831B4EC2F500691B4933784A4676
:10F64C001A4C01EB43181A4F04EBC3240123404618
:10F65C003B7021460023FFF70BFC04EB0902BFF3C0
:10F66C004F8F4FF0E023C3F8704F2034A242FAD8EA
:10F67C00BFF34F8FBFF36F8F04204146FFF710FC91
:10F68C0033780133DBB2032B88BF002333700023A4
:10F69C002B80BFF34F8F3B70BDE8F88327540020BD
:10F6AC000054002024540020803A00208010202098
:10F6BC00255400202DE9F8432D4B1E7866B12D4FB3
:10F6CC003B784BB90123F1073B7043D4B20726D4E6
:10F6DC0000233B70730701D4BDE8F883264B1A68EE
:10F6EC00002AF9D0EFF30582002AF5D1EFF310854B
:10F6FC0072B61868002834D0204C2178002930D1FB
:10F70C000122227042691A60002A2ED0916105B93B
:10F71C0062B600258368457798472570DCE7DFF8EB
:10F72C00648098F80030002BD2D00025DFF8589078
:10F73C002B4659F823400135236820461B6998470E
:10F74C0010B163699B68984798F80020EBB29A4215
:10F75C00EFD8BDE7FFF7C6FE0028B7D0AFF30080A7
:10F76C00B4E7002DB8D162B6B6E7054B1A60CEE708
:10F77C002A5400200C540020144800200754002068
:10F78C00204800200854002024480020074A506AD2
:10F79C00936A19468446506A936A9942F9D1844512
:10F7AC00F7D1DB0B43EA4040704700BF00400D40EF
:10F7BC0008B5D0E900325BB1BAB10F4BA3FB021311
:10F7CC00DB0803EB4303B2EB83030AD1012008BD32
:10F7DC00094BA3FB0213DB0803EB4303B2EB8303DC
:10F7EC0001D0D21A4260F02AF0D800F097FE1C2209
:10F7FC00034600201A6008BDABAAAAAA70B504463D
:10F80C0038B319B1B2FA82F67609A2B9206800B3FE
:10F81C006268F2B1184B194902FB03F3B1EBB30F59
:10F82C0017D3A368E3B90022012322606260A260AF
:10F83C00E260184670BD1D46049BC0E90012C3600F
:10F84C00FFF7B6FF03460028F3D06DB90123184625
:10F85C0070BD00F063FE162200230260184670BDD6
:10F86C00002100F0C5FDDEE7626831462068A56026
:10F87C0000F0BEFD0123DCE7ABAAAAAA555555152D
:10F88C0003460846194600F029BD00BF931E222BE3
:10F89C0010B50C460CD80A2A03D000F0D1FC204637
:10F8AC0010BD0028F9DA2D2301F8013B4042F4E7A2
:10F8BC0000230B70184610BD024B0146186800F06F
:10F8CC000BB800BF38260020024B0146186801F027
:10F8DC0039B900BF382600202DE9F04F01F10B0695
:10F8EC00162E83B0044624D8102900F2BA8000F0FA
:10F8FC00A3FA102618220220B54F3A44A2F10801AF
:10F90C0053688B4200F0BA805A68D96822F003021F
:10F91C001A449D68E9608D60516841F001012046F0
:10F92C00516003F1080500F08DFA284603B0BDE8DC
:10F93C00F08F36F0070600F19480B14200F291800E
:10F94C0000F07AFAB6F5FC7FC0F09A81730A00F0E9
:10F95C008F80042B00F26F81B30903F1390003F19E
:10F96C00380CC3009A4F3B44A3F108055B689D42D9
:10F97C0006D10CE0002980F22781DB689D4206D07D
:10F98C005A6822F00302911B0F29F3DD60463D6992
:10F99C00DFF850C265457CD06A6822F00302931BE5
:10F9AC000F2B00F37B81002BC7E904CC80F26C8118
:10F9BC00B2F5007F80F01A81D308796801334FEAE1
:10F9CC00521E012202FA0EF20A4357F833E0C5F830
:10F9DC0008E007EBC3010839E9607A6047F8335057
:10F9EC00CEF80C50831001219940914257D8114206
:10F9FC0006D120F003004900114200F10400FAD0B6
:10FA0C0007EBC0094D468646D5F80C80454508D114
:10FA1C001DE1002B80F22481D8F80C80454500F0C4
:10FA2C001681D8F8042022F00302931B0F2BF0DD73
:10FA3C002046D8E9025408EB060146F00106C8F846
:10FA4C000460EC60A56043F00104C7E90411C1E94E
:10FA5C0002CC4C6048F8023000F0F4F908F10805CB
:10FA6C0002E00C2323600025284603B0BDE8F08F8C
:10FA7C004FF4007340204FF03F0C73E7D3689A4269
:10FA8C0008BF02307FF440AF3D69DFF858C16545CF
:10FA9C0082D17A688310012199409142A7D9BD681F
:10FAAC006B6823F003094E4503D8A9EB06030F2B13
:10FABC007ADCDFF834B1474BDBF800201B680132ED
:10FACC00334405EB090A00F0338103F580530F33FF
:10FADC0023F47F6828F00F084146204600F00CFD07
:10FAEC00411C024600F0F380824500F2EE803A4B56
:10FAFC00196841441960084600F04E81DBF800108B
:10FB0C00019301311BBFA2EB0A010918CBF80020AD
:10FB1C00196012F0070B00F01781CBF108010A44B1
:10FB2C00CBF5805190440831A1EB0801C1F30B0ACD
:10FB3C0051462046009200F0DFFC421CDDE9002318
:10FB4C0000F04F81801A00EB0A081968BA6048F07F
:10FB5C0001005144BD425060196000F02981B9F197
:10FB6C000F0F40F227816868A9F10C0C2CF0070CE0
:10FB7C0000F0010040EA0C0068604FF0050E05EB48
:10FB8C000C00BCF10F0FC0E901EE00F2328150689D
:10FB9C001546124B1A688A4238BF1960104B1A6806
:10FBAC008A4238BF196094E0AA1943F0010346F069
:10FBBC0001066E602046BA60536000F043F90835C8
:10FBCC00284603B0BDE8F08FD9681A44A1E600BFFF
:10FBDC0028220020344B0020044B00202C4B00200A
:10FBEC00304B00203022002030260020B2F5206F50
:10FBFC004FEA522363D3142B00F2B78003F15C015C
:10FC0C00C9005B3307EB010E7958AEF1080E8E4537
:10FC1C0000F091804B6823F00303934202D989686A
:10FC2C008E45F7D1D1F80CE07A68C5E9021ECEF802
:10FC3C000850CD60D6E6142B59D9542B00F29D8078
:10FC4C00330B03F16F0003F16E0CC3008AE60EF167
:10FC5C00010E1EF0030F05F108057FF4D5AE51E03F
:10FC6C00424445465368D8F80C1043F001035360E6
:10FC7C0055F8083F2046D9608B6000F0E3F8F3E6B6
:10FC8C00F00806F1080237E62A442046536843F090
:10FC9C0001035360083500F0D5F8E5E6A9192046B4
:10FCAC0046F0010643F001046E60C7E90411C1E996
:10FCBC0002CC4C60AB5000F0C5F80835D4E6930983
:10FCCC0003F13901C90038339CE7BD425FD0BD68F0
:10FCDC00686820F003084645A8EB060302D80F2BF2
:10FCEC003FF762AF204600F0ADF80025BCE603F10B
:10FCFC005C0003F15B0CC30034E659F808394B4542
:10FD0C0040F0968010F0030F00F1FF30F5D17B68C6
:10FD1C0023EA01037B60490099423FF6C0AE19B952
:10FD2C00BDE649000EF1040E1942FAD0704667E6A2
:10FD3C0003F11008D0E69A104FF001087B6808FA1E
:10FD4C0002F21A437A6070E702EB08014942C1F3F0
:10FD5C000B0A51462046009200F0CEFB431CDDE915
:10FD6C0000237FF4EFAEDA46EFE6542B25D8130BC5
:10FD7C0003F16F01C9006E3344E7B3F5AA7F25D8B0
:10FD8C00F30B03F1780003F1770CC300EAE5294B80
:10FD9C00186840441860B1E6CAF30B0CBCF1000FB4
:10FDAC007FF4ACAEBD68C84448F001006860F0E672
:10FDBC001546EEE60123536094E7B3F5AA7F23D8EA
:10FDCC00D30B03F17801C90077331BE740F254528F
:10FDDC00934223D8B30C03F17D0003F17C0CC300D8
:10FDEC00C0E5ABF1080BD844A8EB02084FF0000AB1
:10FDFC00ABE605F108012046009300F0A3FEBD68B8
:10FE0C00009B68681968C4E640F254518B420BD8C9
:10FE1C00930C03F17D01C9007C33F3E64FF47E7340
:10FE2C007F204FF07E0C9DE54FF47E717E23E9E63A
:10FE3C007B6870E7044B0020014800F099BB00BFC1
:10FE4C00004B0020014800F095BB00BF004B002088
:10FE5C0010B4044C03460A4620685DF8044B19465E
:10FE6C0000F002B8382600202DE9F84F174600297B
:10FE7C0000F098800C4607F10B058046FFF7DCFF7D
:10FE8C00162D54F8041C5BD810252A46AF425CD8BA
:10FE9C0021F003069642A4F1080962DABC4BD3F8B0
:10FEAC0008C009EB0600844500F09780D0F804C028
:10FEBC002CF0010303445B68DB0768D42CF0030CC3
:10FECC0006EB0C03934247DACB0710D454F8083CEA
:10FEDC00A9EB030ADAF8043023F003018C44B44490
:10FEEC00944580F211817318934280F2E880394670
:10FEFC004046FFF7F1FC0746E0B154F8043C23F010
:10FF0C0001034B44A0F10802934200F0D280321F4F
:10FF1C00242A00F2F580132A00F2AC800346224614
:10FF2C00116819605168596092689A602146404680
:10FF3C0000F008FE4046FFF785FF3846BDE8F88F15
:10FF4C0025F00705002D2A46A0DA0C23C8F800304E
:10FF5C0000273846BDE8F88F1E46D0E90223D3604F
:10FF6C009A60731B0F2B22D8D9F8043003F00103CD
:10FF7C0033434E44C9F80430736843F00103736093
:10FF8C0040462746FFF75EFF3846BDE8F88FC907A5
:10FF9C00ADD454F8083CA9EB030ADAF8041021F0AC
:10FFAC000301A0E7BDE8F84F1146FFF795BCD9F85F
:10FFBC00042009EB050102F001024E4443F0010359
:10FFCC002A43C9F804204B60736843F001030831DD
:10FFDC007360404600F0B6FDD2E7DCF8040020F078
:10FFEC00030B06EB0B0C05F1100084454DDAC90729
:04FFFC003FF57DAFA1
:02000004600199
:1000000054F8081CA9EB010ADAF8041021F00301E6
:100010008B44B34458453FF76CAF5746DAF80C10A1
:1000200057F8080F321F242AC160886000F2DB8075
:10003000132A40F2D6802168CAF808106168CAF80D
:100040000C101B2A00F2DF8008340AF1100221682C
:10005000116061685160A16891600AEB0501ABEB2A
:10006000050242F0010299604A60DAF8043003F0B8
:1000700001032B434046CAF80430FFF7E9FE6EE760
:1000800023680360636843601B2A68D804F1080290
:1000900000F108034AE709EB05029A60ACEB05039F
:1000A00043F00103536054F8043C03F001032B4375
:1000B000404644F8043CFFF7CBFE27464FE750F894
:1000C000043C23F003031E4451E75746DAF80C10B2
:1000D00057F8080F321F242AC16088604CD8132AB1
:1000E00048D92168CAF808106168CAF80C101B2AA0
:1000F00056D808340AF110021E462368136063685C
:100100005360A3689360D1463C4630E7214600F037
:10011000F9F811E7D0E902135746CB60996057F818
:10012000081FDAF80C30CB60321F242A99602DD8D2
:10013000132A29D92368CAF808306368CAF80C3032
:100140001B2A42D808340AF1100322681A60626838
:100150005A60A2689A606646D1463C4607E7A368A3
:100160008360E368C360242A26D004F1100200F102
:100170001003DBE63A46BFE7214638461E46D14625
:1001800000F0C0F83C46F2E63B46DEE72146384642
:100190006646D14600F0B6F83C46E8E62822002044
:1001A000A168CAF81010E168CAF81410242A20D0F7
:1001B00010340AF118029FE7236903616169416104
:1001C00004F1180200F11803B0E6A368CAF8103071
:1001D000E368CAF81430242A21D010340AF1180335
:1001E000B3E73A4633E72146384600F08BF8164B22
:1001F00033E72269CAF818206269CAF81C2018344B
:100200000AF1200278E7A168CAF81010E168CAF87C
:100210001410242A0DD010340AF1180217E72369AC
:10022000CAF818306369CAF81C3018340AF1200380
:100230008BE72269CAF818206269CAF81C201834B2
:100240000AF1200203E700BF28220020F0B5254F65
:10025000A2F1020E164605460C460FCF8BB0EC46B7
:10026000ACE80F000FCFACE80F0097E803004CF8A4
:10027000040BBEF1220F8CF800102ED804F1FF3EC3
:1002800070464FF0000CB5FBF6F206FB1253283314
:100290006B44614613F828CC00F801CF2B469E42F0
:1002A00001F1010C1546EED9002304F80C3089B198
:1002B000A44472461EF8010F1CF8015D8EF8005030
:1002C000A4EB0E030232013B121B0B449A428CF842
:1002D0000000EEDB20460BB0F0BD00231846237073
:1002E0000BB0F0BD0807002013460A460146022065
:1002F00000F09ABB024B1844407800F008007047A9
:100300003007002088420DD98B1883420AD900EBB0
:10031000020CBAB1624613F801CD02F801CD994240
:10032000F9D170470F2A0ED8034602F1FF3C4AB1BB
:100330000CF1010C013B8C4411F8012B03F8012F47
:100340006145F9D1704740EA01039B0750D1A2F102
:10035000100370B501F1200C23F00F0501F1100E10
:1003600000F11004AC441B095EF8105C44F8105C0A
:100370005EF80C5C44F80C5C5EF8085C44F8085CC1
:100380005EF8045C44F8045C0EF1100EE64504F1DE
:100390001004E9D1013312F00C0F01EB031102F04C
:1003A0000F0400EB031327D0043C24F003064FEAAC
:1003B000940C1E441C1F8E465EF8045B44F8045FD8
:1003C000B442F9D10CF1010402F0030203EB8403FF
:1003D00001EB840102F1FF3C4AB10CF1010C013B3D
:1003E0008C4411F8012B03F8012F6145F9D170BD40
:1003F00002F1FF3C03469BE72246EBE7830730B55B
:1004000048D0541E002A3FD0CAB2034601E0013C46
:100410003AD303F8012B9D07F9D1032C2DD9CDB286
:1004200045EA05250F2C45EA054536D9A4F1100209
:1004300022F00F0C03F1200EE6444FEA121C03F1E8
:10044000100242E9045542E9025510327245F8D1D2
:100450000CF1010214F00C0F03EB021204F00F0C6C
:1004600013D0ACF1040323F003030433134442F824
:10047000045B9342FBD10CF003042CB1C9B21C44C1
:1004800003F8011B9C42FBD130BD64461346002C8F
:10049000F4D1F9E703461446BFE71A46A446E0E75D
:1004A00040EA01039B0730B501D1032A0FD88446E7
:1004B00001F1FF3E07E01EF8011F03F8011B541E67
:1004C000C1B19C4622466346002AF4D130BD0B469A
:1004D0008446194653F8045BA5F1013424EA050467
:1004E00014F0803FE4D1043A032A4CF8045B194627
:1004F000EFD8DDE79444002CE8D003F8011B6345F6
:10050000FBD130BD38B5074D0022044608462A60AD
:10051000FEF72AF8431C00D038BD2B68002BFBD017
:10052000236038BDDC500020014B1868704700BFC5
:100530003826002070B50D4E0D4D761BB61006D036
:10054000002455F8043B01349847A642F9D1094EDE
:10055000094D761B00F006FCB61006D0002455F8B5
:10056000043B01349847A642F9D170BD00200060D9
:10057000002000601420006000200060704700BF71
:10058000704700BF0000000000000000A2EB030065
:10059000704700BF02780B78012A28BF9A42F5D134
:1005A0006DE9044540EA0104CDE902676FF0000CF3
:1005B0004FEA447212B380EA010414F0070F6AD1C3
:1005C00000F0070420F0070004F0030521F0070104
:1005D0004FEAC505F0E8042314F0040FF1E80467BE
:1005E0000CFA05F462EA040266EA04060AD063EA39
:1005F0000403624667EA0407664603E0F0E8042362
:10060000F1E8046782FA4CF582EA0604A4FA8CF455
:100610006CBB83FA4CF583EA0705A5FA8CF595B90E
:1006200050E9022351E9026782FA4CF582EA060496
:10063000A4FA8CF483FA4CF583EA0705A5FA8CF545
:100640002543DBD09CB92DBAB5FA85F424F0070414
:1006500027FA04F1DDE9026723FA04F303F0FF004F
:1006600001F0FF01FDE80445A0EB0100704724BA4A
:10067000B4FA84F424F0070426FA04F1DDE90267F1
:1006800022FA04F202F0FF0001F0FF01FDE8044548
:10069000A0EB0100704714F0030F3CD110F00304ED
:1006A00028D150F8082B51F8083B82FA4CF582EA21
:1006B0000305A5FA8CF55DB950F8042C51F8043CFB
:1006C00082FA4CF582EA0305A5FA8CF5002DE8D0F4
:1006D0002DBAB5FA85F424F0070423FA04F122FABE
:1006E00004F202F0FF0001F0FF01FDE80445A0EB79
:1006F000010070474FEAC40420F0030050F8082BB3
:1007000021F0030151F8083B0CFA04F462EA0402F8
:1007100063EA0403C9E710F003041AD0A1EB040153
:1007200020F00300E40750F8042B06D00FD28B789A
:100730005FFAA2F4E41A06D12BB1CB785FFAB2F4D7
:10074000E41A00D11BB920465DF8104B704701F147
:10075000040150F8042BCC0721F0030151F8043BAD
:1007600048D824D222F07F4482FA4CF594EA13252B
:10077000A5FA8CF50AD165B951F8043B84EA020464
:10078000B4EB036F0ED150F8042BEBE74FEA1323C1
:1007900055E035F07F454DD10878FDE80445C0F1BE
:1007A000000070474FEA126203F0FF0347E002EADD
:1007B0001C4482FA4CF594EA1345A5FA8CF50AD14B
:1007C00065B951F8043B84EA0204B4EB034F0CD141
:1007D00050F8042BEBE74FEA134330E015EA1C45D1
:1007E00028D10B884FEA124229E04FEA124203EA6D
:1007F0001C4324E002F0FF0482FA4CF594EA1365EE
:10080000A5FA8CF50AD165B951F8043B84EA0204D3
:10081000B4EB032F09D150F8042BEBE74FEA136335
:100820000DE015F0FF0F05D10B684FEA122223F0FF
:100830007F4304E04FF00000FDE80445704712BA22
:100840001BBA82FA4CF482EA0304A4FA8CF5B5FAD6
:1008500085F402FA04F203FA04F34FEA1260FDE8A9
:100860000445A0EB1360704780EA0102844612F051
:10087000030F4FD111F0030F32D14DF8044D11F099
:10088000040F51F8043B0BD0A3F101329A4312F04C
:10089000803F04BF4CF8043B51F8043B16D100BF25
:1008A00051F8044BA3F101329A4312F0803FA4F1B6
:1008B00001320BD14CF8043BA24312F0803F04BF3D
:1008C00051F8043B4CF8044BEAD023460CF8013BAA
:1008D00013F0FF0F4FEA3323F8D15DF8044B704754
:1008E00011F0010F06D011F8012B0CF8012B002A92
:1008F00008BF704711F0020FBFD031F8022B12F081
:10090000FF0F16BF2CF8022B8CF8002012F47F4F3B
:10091000B3D1704711F8012B0CF8012B002AF9D143
:10092000704700BF00000000000000000000000051
:1009300000000000000000000000000000000000B7
:1009400000000000000000000000000090F800F02F
:100950006DE9024520F007016FF0000C10F007046C
:1009600091F820F040F049804FF000046FF007004C
:10097000D1E9002391F840F000F1080082FA4CF22E
:10098000A4FA8CF283FA4CF3A2FA8CF34BBBD1E9B4
:10099000022382FA4CF200F10800A4FA8CF283FAE6
:1009A0004CF3A2FA8CF3E3B9D1E9042382FA4CF2B6
:1009B00000F10800A4FA8CF283FA4CF3A2FA8CF34B
:1009C0007BB9D1E9062301F1200182FA4CF200F152
:1009D0000800A4FA8CF283FA4CF3A2FA8CF3002BF1
:1009E000C6D0002A04BF04301A4612BAB2FA82F204
:1009F000FDE8024500EBD2007047D1E9002304F086
:100A00000305C4F100004FEAC50514F0040F91F886
:100A100040F00CFA05F562EA05021CBF63EA050323
:100A200062464FF00004A9E72DE9F047DFF87CA00B
:100A30000646DAF8000098460F469146FFF79EFDFD
:100A4000184B1C6824B365681F2D24DC5EB96B1C31
:100A50000235DAF80000636044F82570FFF790FD76
:100A60000020BDE8F08704EB85010123C1F88890E0
:100A7000D4F88821AB401A43022EC4F88821C1F86B
:100A80000881E4D1D4F88C211A43C4F88C21DEE724
:100A9000054C1C60D7E7DAF80000FFF771FD4FF056
:100AA000FF30DEE7684900206C4900201C2200204E
:100AB000F8B5244F0C460646FFF7C4F9BB685D68DD
:100AC000C4F57E610F3125F003054B1923F47F63D4
:100AD00023F00F03A3F58054B4F5805F07DB0021FA
:100AE0003046FFF70FFDBB682B44984204D03046D8
:100AF000FFF7AEF90020F8BD61423046FFF702FD76
:100B000001300DD0104ABB682D1B45F001055D601A
:100B1000136830461B1B1360FFF79AF90120F8BDDC
:100B200000213046FFF7EEFCBA68831A0F2BDEDD9A
:100B300043F001035360054B03491B68C01A08606A
:100B4000D5E700BF28220020044B002030260020DB
:100B5000002961D0F8B50C460646FFF773F954F842
:100B6000042C7B4FA4F1080522F0010105EB010CD8
:100B7000B868DCF80430604523F0030300F08B8094
:100B8000D207CCF8043032D454F8082CAD1A1144F2
:100B9000AA6807F1080082426AD00CEB0304D4F87B
:100BA00004E0EC68D4601EF0010FA26000F09780B2
:100BB00041F001036B60CCF80010B1F5007F35D235
:100BC0007868CB080122490901338A40024357F86B
:100BD00033107A6007EBC302083AC5E9021247F8FE
:100BE0003350CD603046BDE8F840FFF731B90CEB2B
:100BF00003025268D00710D4194407F10800DCF84A
:100C00000830834273D0DCF80C20DA60936041F046
:100C100001036B606950D0E7704741F00103B1F503
:100C2000007F44F8043CCCF80010C9D3B1F5206F24
:100C30004FEA512348D28B0903F1390003F13802FE
:100C4000C300F818FB580838984259D05A6822F067
:100C500003028A4202D99B689842F7D1D868C5E955
:100C600002308560DD603046BDE8F840FFF7F0B83F
:100C70000CEB03025268D20763D40B44DCE9021286
:100C8000CA60916043F001026A603046EB50BDE8F3
:100C9000F840FFF7DDB80B44D10707D454F8082C0F
:100CA000AD1A1344D5E90212CA60916043F0010203
:100CB0006A60284ABD6012689A4293D8264B304633
:100CC0001968FFF7F5FE8DE7142B0AD9542B1FD8AE
:100CD0000B0B03F16F0003F16E02C300B1E719447F
:100CE0008DE703F15C0003F15B02C300A9E741F06B
:100CF0000103C7E90455C5E902006B60695071E75B
:100D000079689210012404FA02F20A437A60A6E795
:100D1000B3F5AA7F06D8CB0B03F1780003F1770275
:100D2000C3008EE740F25452934206D88B0C03F175
:100D30007D0003F17C02C30083E74FF47E737E22C3
:100D40007FE741F001036B60CCF800104AE700BF79
:100D50002822002034260020344B00205FF800F0C9
:100D6000091F00605FF800F0B11F00605FF800F03D
:0C0D700089170060000000000000000077
:040D7C00F8B500BF07
:080D80000CEBFF7F01000000F5
:100D8800000000000000000000000000000000005B
:100D9800000000000000000000000000000000004B
:100DA800000000000000000000000000000000003B
:100DB800000000000000000000000000000000002B
:100DC800000000000000000000000000000000001B
:100DD800000000000000000000000000000000000B
:100DE80000000000000000000000000000000000FB
:100DF80000000000000000000000000000000000EB
:100E080000000000000000000000000000000000DA
:100E180000000000000000000000000000000000CA
:100E280000000000000000000000000000000000BA
:100E380000000000000000000000000000000000AA
:100E4800000000000000000000000000000000009A
:100E5800000000000000000000000000000000008A
:100E6800000000000000000000000000000000007A
:100E7800000000000000000000000000000000006A
:100E8800000000000000000000000000000000005A
:100E9800000000000000000000000000000000004A
:100EA800000000000000000000000000000000003A
:100EB800000000000000000000000000000000002A
:100EC800000000000000000000000000000000001A
:100ED800000000000000000000000000000000000A
:100EE80000000000000000000000000000000000FA
:100EF80000000000000000000000000000000000EA
:100F080000000000000000000000000000000000D9
:100F180000000000000000000000000000000000C9
:100F280000000000000000000000000000000000B9
:100F380000000000000000000000000000000000A9
:100F48000000000000000000000000000000000099
:100F58000000000000000000000000000000000089
:100F68000000000000000000000000000000000079
:100F78000000000000000000000000000000000069
:100F88000000000000000000000000000000000059
:100F98000000000000000000000000000000000049
:100FA8000000000000000000000000000000000039
:100FB8000000000000000000000000000000000029
:100FC8000000000000000000000000000000000019
:100FD8000000000000000000000000000000000009
:100FE80000000000000000000000000000000000F9
:100FF80000000000000000000000000000000000E9
:1010080000000000000000000000FF27100032FF71
:1010180027100032FF27100032FF2710003200008F
:1010280000000000000000000000000000000000B8
:10103800520100000000000000000000FF2710001F
:1010480032FF27100032FF27100032FF271000322E
:101058000000000000000000000000000000000088
:10106800000000000040004000400000E73BE73B74
:10107800E73B000000000000010000000300000042
:101088000200000000000000010001010100000151
:101098004C4F4144454421005341564544210000EA
:1010A8004D6573736167652028646973706C617935
:1010B800206F6666293A20005761746368646F6719
:1010C800207472696767657265642120526573656B
:1010D8007474696E67204932432E2E2E000000007A
:1010E80044494E0046494C5445520000434C0000C8
:1010F800415300004154000043430000555342202F
:101108004F555420524F5554450000004C6F6E67A0
:1011180020707265737320656E636F646572203D1D
:101128002053617665000000454D455247454E43C2
:10113800593A20466C757368696E672062756666F1
:101148006572206F6E20696E707574200000000053
:1011580046494C54455220434820392D3136000029
:1011680046494C20434820312D38000046494C2040
:10117800434820392D3136004142430044495350F9
:101188004C4159204F4E0000444953504C4159207E
:101198004F4646004D4944492052455345540000A6
:1011A80044697361626C656400000000456E6162A9
:1011B8006C6564002D2D2D204D4944492050726FD7
:1011C80063657373696E67204C6174656E6379201B
:1011D8005265706F7274202D2D2D0000496E707548
:1011E80074200000205B4275663A00005D3A2000DA
:1011F8004176673D0000000075732C204D61783DF5
:101208000000000075732C204D696E3D0000000041
:1012180075732C204D7367733D0000004E6F20647A
:1012280061746100555342204D4944493A200000F9
:1012380075732C2053616D706C65733D0000000060
:1012480053797374656D205374617475733A200013
:1012580045585452454D45204C4F4144000000002C
:1012680048494748204C4F41440000004E6F726D7A
:10127800616C00002C20446973706C61793A20001D
:10128800506173732D7468726F7567680000000091
:101298002C20546F74616C206D7367733A200000C2
:1012A8002C20576F727374206C6174656E63793A81
:1012B80020000000757300002C205553422043681D
:1012C800616E6E656C204D61736B3A200000000002
:1012D800493243206572726F722064657465637465
:1012E80065642C20726573657474696E672057692C
:1012F80072650000555342204455504C49434154AF
:10130800450000004D554C544900000050415353CE
:10131800000000000019000041AE000000000000BD
:1013280074C00F40C0000000000000000200000070
:1013380050851F400100000034000000020000003A
:1013480050851F400000000001000000020000005E
:1013580054851F4001000000350000000200000015
:1013680054851F4000000000FF00400026001800C0
:101378007C000000A1AE0000A5AE0000A9AE0000F0
:10138800ADAE00000000000000000000A5840000D1
:10139800310100005184000035010000498400003B
:1013A8000000000000000000A584000031010000DA
:1013B800518400003501000049840000000000004D
:1013C80000000000F5B0000059CD000055CD000028
:1013D80051CD00004DCD000049CD000045CD0000A5
:1013E80041CD00000000000000000000F1AC00004A
:1013F8007DB10000D5A600002DA80000F5A60000CC
:1014080099A700001DA70000B1A8000049A8000086
:10141800D1A6000000000000000000008D010000BF
:101428009D020000290100002D01000000000000BD
:10143800000000008D0100009D020000290100004D
:101448002D01000000000000000000005101000014
:10145800710100000000000000000000A18D0000E4
:10146800CD8D0000290100009D8D0000598D0000E0
:10147800658D0000858D0000390100003D010000E8
:10148800450100004D010000303132333435363724
:1014980038396162636465666768696A6B6C6D6E2A
:1014A8006F707172737475767778797A00000000BE
:1014B800002020202020202020202828282828201C
:1014C8002020202020202020202020202020202014
:1014D800208810101010101010101010101010107C
:1014E800100404040404040404040410101010106C
:1014F8001010414141414141010101010101010136
:101508000101010101010101010101011010101087
:101518001010424242424242020202020202020207
:10152800020202020202020202020202101010105B
:101538002000000000000000000000000000000083
:101548000000000000000000000000000000000093
:101558000000000000000000000000000000000083
:101568000000000000000000000000000000000073
:101578000000000000000000000000000000000063
:101588000000000000000000000000000000000053
:101598000000000000000000000000000000000043
:1015A8000000000000000000000000000000000033
:1015B8000000000000000042C8801F40B8821F40A1
:1015C8000800000000000042C4801F40B4821F4091
:1015D8000400000000C0004224801F4014821F4005
:1015E8001000000000C0004228801F4018821F40E1
:1015F8002000000000C000422C801F401C821F40B9
:101608004000000000C0004234801F4024821F4078
:10161800000100000040004264811F4054831F40C5
:10162800000400000040004280811F4070831F407A
:1016380000000200004000427C811F406C831F4074
:10164800000001000040004268811F4058831F408D
:1016580000080000004000423C811F402C831F40CE
:10166800010000000040004244811F4034831F40B5
:10167800040000000040004240811F4030831F40AA
:10168800020000000040004248811F4038831F408C
:10169800080000000000004204811F40F4821F403F
:1016A800000004000000004208811F40F8821F402B
:1016B800000008000000004218811F4008831F40F6
:1016C800000080000000004214811F4004831F4076
:1016D800000040000000004200811F40F0821F40CF
:1016E8000000020000000042FC801F40EC821F4006
:1016F800000001000000004224811F4014831F40A5
:10170800000000040000004228811F4018831F4089
:1017180000000008000000421C811F400C831F408D
:10172800000000010000004220811F4010831F407C
:101738000000000200000042EC801F40DC821F40D5
:101748000010000000000042F0801F40E0821F40AF
:10175800002000000000004234811F4024831F4005
:10176800000000400000004238811F4028831F40CD
:10177800000000800080004294801F4084821F4047
:101788000000040000C0004290801F4080821F407B
:101798000000008000800042A8801F4098821F40FF
:1017A8000000800000800042A4801F4094821F40F7
:1017B80000004000004000426C811F405C831F40D5
:1017C8000010000000C0004230801F4020821F40EF
:1017D8008000000000400042B0811F40A0831F40ED
:1017E8000000002000400042AC811F409C831F4045
:1017F800000000100040004284811F4074831F4095
:10180800000004000040004288811F4078831F4088
:1018180000000800000000422C811F401C831F406C
:10182800000000100000004230811F4020831F404C
:1018380000000020000000420C811F40FC821F4075
:10184800000010000000004210811F4000831F406C
:101858000000200000800042C8811F40B8831F405C
:101868000080000000800042C4811F40B4831F40F4
:101878000040000000800042C0811F40B0831F402C
:101888000020000000800042BC811F40AC831F4044
:101898000010000000800042D0811F40C0831F401C
:1018A8000000020000800042CC811F40BC831F4022
:1018B8000000010000C0004274801F4064821F4085
:1018C8000000000100C0004280801F4070821F405D
:1018D8000000000800C0004284801F4074821F403E
:1018E8000000001000C000426C801F405C821F4056
:1018F8000000400000C000427C801F406C821F40F6
:101908000000000400C0004278801F4068821F4029
:101918000000000200C0004288801F4078821F40FB
:10192800000000205245424F4F540000456E746538
:1019380072696E6720626F6F746C6F616465722E76
:101948002E2E0000424F4F544C4F41444552000048
:101958005761726E696E673A20446973706C617979
:101968002075706461746520746F6F6B20000000CF
:101978005761726E696E673A204C6F6F7020746F92
:101988006F6B200075732061742000002028746834
:10199800726573683A00000075732900205B45582A
:1019A8005452454D45204C4F4144204D4F44455DD0
:1019B80000000000205B48494748204C4F41442024
:1019C8004D4F44455D0000004D494E444255524E2E
:1019D800455200004D4544555341204949000000F7
:1019E800566572207E2031322048202B00000000EE
:1019F800536574757020636F6D706C657465202D08
:101A08002077616974696E6720666F7220737461EC
:101A1800727475702073637265656E2074696D6584
:101A28006F75740021A1000009A1000089A00000C1
:101A38005F00030204040204050B0BFFFE08FE0806
:101A4800FE015302BD03F4200500E604210681E3EC
:101A5800C4252207233B45A204231076A2559225CC
:101A6800D12025C920255912012410A59E55B65408
:101A7800946C4BA244A96C1100251088628ED492F4
:101A880029799C275A12951400260D86238E16B59F
:101A98006951A2259129270621BA8400280BA31A87
:101AA800551225515B9405290CA31B451665514B0E
:101AB8009444002A07333645D2012B0A55A65518F7
:101AC8000D5218012C0732DA4CA2002D06132EC530
:101AD800002E0611E344002F0A83E254256A892266
:101AE80000300A85A2CD92F9962C00310782A3CD49
:101AF800D207320C85A2CD928525290B0701330C1C
:101B080085A2CD9285911A6AC902340E85A25D26F6
:101B18002551524A062D4C00350C85A2CD9084E102
:101B28001A6AC902360C85A2CD92894392D99205C8
:101B3800370B85A2C52066C52CAC01380C85A2CD13
:101B48009269C992D99205390C85A2CD92D9922170
:101B5800D492053A0661E344183B0982DA4C0E2513
:101B68000A003C0753A755522B3D08346AC5100E8E
:101B7800013E0853A7455629013F0B84A38D1265E2
:101B8800512D8F0040169ADEDE20A651A42452491A
:101B9800C92225AA448A96638306410E87E25D9C82
:101BA8002661929506255503420D85E3C59064DAB2
:101BB800A064B64101430C8623CE90846AC764486A
:101BC80000440D8623C6106549E82D192200450AF0
:101BD80085E3C5311CC6E220460A85A3C5311C929F
:101BE800B011470C8623CE90846A6D149341480A3D
:101BF800862346681C06D131490681E3C4414A0957
:101C080084625D6F52A2004B0D85E3452625A5A988
:101C1800122599164C0884A345D6B7214D10876321
:101C280046BA0DD952512A52244552014E0F8623E5
:101C380086B6299112498994689B004F0B8623CE5A
:101C480090843E264302500C85E3C59064DAA08454
:101C58008D005112971FCE108549988449984449A0
:101C68004D1AF400520C85E3C59064DAA0646E0145
:101C7800530C85E3CD92A9ABA6250B0054098562C8
:101C8800C520857D02550A862346E8C76448005664
:101C98000F87E245AA2659944559254CD20C57106E
:101CA800896246966995A82F6DC52CCC2200580DDF
:101CB80085E345A625B54A94D4B400590E87E24574
:101CC8009A645156099334AE015A0B85E3C52066D0
:101CD800C5AC38085B08A2DBC4D22F025C0A83E2D9
:101CE8004494456D51005D08A2DA84D22F035E0A40
:101CF80055AE55982551520B5F06169AC5016006D8
:101D080022FE4414610C6562C51A2D5112454A0021
:101D1800620C85A245583169DAA42800630A646216
:101D28008D1269A54401640A85A265C5B499142574
:101D3800650B64628D120D5B942800660A842295F7
:101D4800124D592700670C859A8D6933294A982CBA
:101D580000680A85A2455831696E01690781A24465
:101D6800320C6A09A2994C96F4A2006B0C84624565
:101D7800565212292949016C0681A2C4416D0E6789
:101D880022C6A244911449911449056E0965A245D9
:101D980062D2DC026F0A65A2CD92B9250B00700CE5
:101DA800859A4562D2B44951C210710A859A8D69E3
:101DB80033294A587209632245B2444D00730B64B3
:101DC800628D1225A2942800740A83224D942C5106
:101DD80093007508646245E42919760C65A245A646
:101DE80025A5240B2300770E672246144995A6A43F
:101DF80096844904780A65A24596D42A352D790E29
:101E080085594D94444929C9B430D2007A0A64628C
:101E1800C590456D43007B0AA3DA541255B2A82D2C
:101E28007C07A1DBC443007D0BA3DA4416D592A836
:101E380025027E0726EE8D640100000004FFFF00E6
:101E4800000000005F00030204050305060F11FFF0
:101E5800FC0CFC0CFC01D7040B059C200500184B5E
:101E68002107C10C4BBC082208448A4D444E01236B
:101E780017B808D345611446D13044C5288CA261EF
:101E8800888A511865002418F7EAD28583124552CA
:101E98002485492AAB491849915419C43803251691
:101EA800CC08DDAC51D64FE99483399683D11A65B5
:101EB800FD942E002616CA08D7E9511AB646B99ECF
:101EC8004459254AB3542B65630027084288470CB8
:101ED8004901280C03CB4C255125EAB7A816290D32
:101EE80003CB4C64512DEA97A812012A0A55784D64
:101EF800552A53520B2B12990855E6488EE4483858
:101F08001C7324477224042C0842EAC85414002D78
:101F18000714484B0C012E06210C49082F0CC40845
:101F2800CB95B2A6AC94D5003010C70A536DA52C3A
:101F3800497D4DB228CB26003109C30E535596A8CA
:101F48003F3210C70A536D95548DD3A298C6F1300D
:101F5800043310C70A536D9554ADEDB9AA26593606
:101F6800013413C80853AA499A845118659DC26858
:101F780018D4BC043511C70A530D529CC643568F5A
:101F88006335C9B2093612C70A530D51A8CAC9A484
:101F980025A96B92651300370FC808531CF4B81EA7
:101FA800E7715ECE53003812C70A536D95544DB28F
:101FB8006CABA4D624CB26003911C70A536D95D42F
:101FC80035C9A42556C56888003A07910C49A80266
:101FD8003B0AB2EAC8D4C12451003C0E9908D5ABDB
:101FE800CE39A4433AA443023D0A4828551C74D26A
:101FF80030083E0F990A55E8900EE9900EC5AA3BA5
:10200800003F0EC70A536D95548DD3E61CAE0140B0
:1020180023EDEAE20EB928E648140E491469911630
:10202800465298496126855112994A9396C3AA3C0B
:1020380088004117CA0857EA881EC5511CA561DBEC
:10204800304871142739A223014215C90A57DCD236
:10205800284EE2248D86218A93DC39198608431894
:10206800CA0A590EA118E5498EE4500EE5508EE5CE
:10207800501E89E910014417CA0A591C53294FF206
:10208800244774444774444FF224958611450CC87C
:102098000A57BCB70FF7EEC320460CC70A551CE415
:1020A800E661907B064717CA0A5BAE9A9427399275
:1020B8004339140E3B524F62494BC229480CC90A96
:1020C80059E4DE8783EE7B004906C10A497C4A0B46
:1020D800C608D1F6AB684C86044B15C80A57C46AC3
:1020E800124659294C44296B8CD2244DE2004C0AE3
:1020F800C70A53C4FDE761084D1DCB0A5BE4D03E17
:10210800E44B9A2869A2A489944552164959A425F2
:1021180099966462014E15C90A59E4B3922AA91422
:102128006A999689919AA889BC074F17CB0A5BCE02
:102138009A96477992433AA4433A94E4519E994730
:1021480000500EC80C579CD224B626C394F70E51E3
:102158001ADBFA5ACE9A96477992433AA4433A94AC
:10216800E4511865E6250713005217C90C59DCD24B
:10217800284EE2248D862D8DE2244EE2244EF20074
:102188005316C90A570D5A9AE47A92433AB4434906
:10219800AE27693648005417C908553CE6488EE40E
:1021A800488EE4488EE4488EE4488E8400550CC975
:1021B8000A59E4FE7B926683045616CA0857E488D7
:1021C8008E94A3388AB3B0358AA338CA75440457A5
:1021D80020CD0A5FA4A99AAA952CC9A22CC9A22C21
:1021E800C92A591226591226599296D338CD005821
:1021F80016C80A57C4491885591446A9AC466194AB
:10220800855198C4015916C90A57E4491AA5593184
:102218004B9378CF911CC9911C09015A0FC908D555
:102228000C839EEB75BDAED787035B0AF3DA4A0CC5
:1022380051FFA7015C0CC4084B6461D69815B30222
:102248005D0AF3D84A4CFD9F86005E0E7758D1A5EB
:10225800499864A52C49D5005F0619D8523C6008F6
:1022680033A84D445A006112980AD30C529AC7D227
:102278009054933409A52111620FC70A53C42D93B2
:1022880096A45EB7249900630D970A516D95546E14
:102298004DB26C02640EC70A53372DB5D56B9249FF
:1022A8004B00650F970A536D95541DCE69926513BF
:1022B80000660CC40A4B29593424593F016711D7C9
:1022C800CA522DB5D56B92494BAC8AD11001680C16
:1022D800C70A53C42D4322AA7E0D6908C10A47289C
:1022E800C3016A0A03C74855A3FED3026B12C70885
:1022F80051C48D4916D592708CB25298A4016C06BF
:10230800C10A477C6D139B0C5D24D3A21943311479
:102318004331144331140B6E0B970A53244322AAFA
:102328007E0D6F0D970A536D95D46B9265130070EF
:1023380010D7CA52249396A45EB72499E266007116
:102348000ED7CA522DB5D56B92494BDC01720A944F
:102358000A4B244394F50D730E960AD10C4928CEE6
:10236800F228264302740BB40ACB64D190647D141E
:10237800750B970A53A4FEA80C49007611970851CB
:10238800A46A9245599455C2245C330077159B087A
:102398005984A158C94AD1D412654963D29AC559FA
:1023A800067810970851A449166595B49295B224F9
:1023B8000D7912C7D850A46A924559254CC2354E9A
:1023C800E350057A0B960A515CC3D6B03A0C7B0CE5
:1023D80003CB4C25512F59D4B7007C0701CB48FCBF
:1023E800107D0C03CB4C64516F49D497087E0828A4
:1023F8004AD56CDA0200000004FFFF00000000006C
:102408001815A115C819FF001815A015C019FF0047
:102418001815AE15D5168015A8163F15D316001534
:1024280040158D16141520160015A115C815DA16B5
:1024380012158116CF15D916F115DB1640152E1574
:10244800A415A619FF0000001815AF19FF00000019
:102458001815AE19FF0000000001140A6464323236
:1024680000127A000004289610080000800040003E
:1024780000010000442600201200000000060000B1
:10248800002200600A000000000200009C21006099
:1024980062000000000700003821006062000000B0
:1024A800EE0300009028002012000000000004EE57
:1024B8006828002028000000000300003421006084
:1024C80000000000010309041C2100600000000056
:1024D800020309040421006000000000030309044A
:1024E8000429002000000000000000000000000097
:1024F800000000000000000000000000384B002031
:10250800A04B0020084C0020000000000000000044
:1025180000000000000000000000000000000000B3
:1025280000000000000000000000000000000000A3
:102538000000000000000000000000000000000093
:102548000000000000000000000000000000000083
:102558000000000000000000000000000000000073
:102568000000000000000000000000000000000063
:102578000000000000000000000000000000000053
:102588000000000000000000000000000000000043
:1025980001000000000000000E33CDAB34126DE6E0
:1025A800ECDE05000B000000000000000000000049
:1025B8000000000000000000000000000000000013
:1025C8000000000000000000000000000000000003
:1025D80000000000000000000000000000000000F3
:1025E80000000000000000000000000000000000E3
:1025F80000000000000000000000000000000000D3
:1026080000000000000000000000000000000000C2
:1026180000000000000000000029DE07007B9A1778
:102628004406002000000000E8030000000000004D
:102638006C06002000000000E80300000000000015
:102648000080194094050020000000002C4500205F
:102658002C430020000000000000000040000000A3
:1026680040000000400000004000000000000000A2
:102678000000000000000000000000000000000052
:102688000000000000000000000000000000000042
:102698006C06002000000000E803000000000000B5
:1026A8000000194090200020000000006C45002028
:1026B8006C4300200000000000000000280000001B
:1026C800400000002800000040000000000000005A
:1026D80000000000000000000000000000000000F2
:1026E80000000000000000000000000000000000E2
:1026F8006C06002000000000E80300000000000055
:1027080000801840D01F00200000000094450020E1
:10271800AC4300200000000000000000280000007A
:1027280040000000280000004000000000000000F9
:102738000000000000000000000000000000000091
:102748000000000000000000000000000000000081
:102758006C06002000000000E803000000000000F4
:1027680000C018403020002000000000BC450020B8
:10277800EC430020000000000000000028000000DA
:102788004000000028000000400000000000000099
:102798000000000000000000000000000000000031
:1027A8000000000000000000000000000000000021
:1027B8006C06002000000000E80300000000000094
:1027C80000001A40B021002000000000E44500206D
:1027D8002C44002000000000000000002800000039
:1027E8004000000028000000400000000000000039
:1027F80000000000000000000000000000000000D1
:1028080000000000000000000000000000000000C0
:102818006C06002000000000E80300000000000033
:1028280000401840701F0020000000000C460020E7
:102838006C44002000000000000000002800000098
:1028480040000000280000004000000000000000D8
:102858000000000000000000000000000000000070
:102868000000000000000000000000000000000060
:102878006C06002000000000E803000000000000D3
:1028880000C01940502100200000000034460020FC
:10289800AC440020000000000000000028000000F8
:1028A8004000000028000000400000000000000078
:1028B8000000000000000000000000000000000010
:1028C8000000000000000000000000000000000000
:1028D8006C06002000000000E80300000000000073
:1028E80000401940F0200020000000005C46002055
:1028F800EC44002000000000000000002800000058
:102908004000000028000000400000000000000017
:1029180000000000000000000000000000000000AF
:10292800000000000000000000000000000000009F
:10293800DC06002000000000E803000000000000A2
:1029480000003F40B42000600000000000000000CC
:10295800000000000000000000000000000000006F
:10296800000000000000000000000000000000005F
:10297800000000000000000000000000000000004F
:10298800000000000000000000000000000000003F
:10299800000000000000000000000000000000002F
:1029A800000000000000000000000000000000001F
:1029B800000000000000000000000000000000000F
:1029C80000000000000000000000000000000000FF
:1029D80000000000000000000000000000000000EF
:1029E80000000000000000000000000000000000DF
:1029F80000000000000000000000000000000000CF
:102A080000000000000000000000000000000000BE
:102A180000000000000000000000000000000000AE
:102A2800000000000000000000000000000000009E
:102A3800000000000000000000000000000000008E
:102A4800000000000000000000000000000000007E
:102A5800000000000000000000000000000000006E
:102A6800000000000000000000000000000000005E
:102A7800DC06002000000000E80300000000000061
:102A880000803F406420006000000000000000005B
:102A9800000000000000000000000000000000002E
:102AA800000000000000000000000000000000001E
:102AB800000000000000000000000000000000000E
:102AC80000000000000000000000000000000000FE
:102AD80000000000000000000000000000000000EE
:102AE80000000000000000000000000000000000DE
:102AF80000000000000000000000000000000000CE
:102B080000000000000000000000000000000000BD
:102B180000000000000000000000000000000000AD
:102B2800000000000000000000000000000000009D
:102B3800000000000000000000000000000000008D
:102B4800000000000000000000000000000000007D
:102B5800000000000000000000000000000000006D
:102B6800000000000000000000000000000000005D
:102B7800000000000000000000000000000000004D
:102B8800000000000000000000000000000000003D
:102B9800000000000000000000000000000000002D
:102BA800000000000000000000000000000000001D
:102BB800DC06002000000000E80300000000000020
:102BC80000C03F401420006000000000000000002A
:102BD80000000000000000000000000000000000ED
:102BE80000000000000000000000000000000000DD
:102BF80000000000000000000000000000000000CD
:102C080000000000000000000000000000000000BC
:102C180000000000000000000000000000000000AC
:102C2800000000000000000000000000000000009C
:102C3800000000000000000000000000000000008C
:102C4800000000000000000000000000000000007C
:102C5800000000000000000000000000000000006C
:102C6800000000000000000000000000000000005C
:102C7800000000000000000000000000000000004C
:102C8800000000000000000000000000000000003C
:102C9800000000000000000000000000000000002C
:102CA800000000000000000000000000000000001C
:102CB800000000000000000000000000000000000C
:102CC80000000000000000000000000000000000FC
:102CD80000000000000000000000000000000000EC
:102CE80000000000000000000000000000000000DC
:102CF800051400007DAE0000000000007CC00F40FD
:102D0800000000031900000002000000000000009D
:102D180000000000FF000000FF00000000000000AD
:102D28000000000018000000020000000000000081
:102D380000000000FF000000FF000000000000008D
:102D480000000000FF004000260018007700000087
:102D58000215000059AE00000000000068C00F40D6
:102D6800000000300F000000020000002C851F400A
:102D780001000000FF000000FF000000000000004C
:102D8800000000000E0000000200000030851F4017
:102D980001000000FF000000FF000000000000002C
:102DA8000000000013024000260018007800000010
:102DB8000316000065AE00000000000068C00F4068
:102DC80000300000100000000200000038851F409D
:102DD80000000000FF000000FF00000000000000ED
:102DE8000000000011000000020000003C851F40A8
:102DF80000000000FF000000FF00000000000000CD
:102E080000000000FF0040002600180079000000C4
:102E1800011700004DAE0000000000006CC00F401C
:102E280000000003070000000200000040851F406A
:102E380002000000FF000000FF000000000000008A
:102E480000000000080000000200000044851F4048
:102E580002000000FF000000FF000000000000006A
:102E680000000000FF004000260018007A00000063
:102E78000718000095AE00000000000074C00F4065
:102E88000C000000220000000100000048851F40DF
:102E980001000000300000000200000048851F40CB
:102EA8000000000023000000010000004C851F40C6
:102EB80001000000FF000000FF000000000000000B
:102EC8000000000032024000260018007B000000CD
:102ED800061A000089AE0000000000007CC00F4008
:102EE8000000000C1C0000000200000058851F4074
:102EF80001000000FF000000FF00000000000000CB
:102F0800000000001D000000020000005C851F405A
:102F180001000000FF000000FF00000000000000AA
:102F280000000000FF004000260018007D0000009F
:102F3800041B000071AE00000000000080C00F40BC
:102F480000C00000150000000200000060851F405E
:102F5800010000002E0000000200000060851F40F4
:102F680000000000140000000200000064851F40FB
:102F7800010000002F0000000200000064851F40CF
:102F8800000000002B024000260018007E00000010
:102F9800FFFFFFFF19FCFFFF01000000FC4A0020B3
:102FA8008030202000000000000000000000000029
:102FB8002822002028220020302200203022002051
:102FC8003822002038220020402200204022002001
:102FD80048220020482200205022002050220020B1
:102FE8005822002058220020602200206022002061
:102FF8006822002068220020702200207022002011
:1030080078220020782200208022002080220020C0
:103018008822002088220020902200209022002070
:103028009822002098220020A0220020A022002020
:10303800A8220020A8220020B0220020B0220020D0
:10304800B8220020B8220020C0220020C022002080
:10305800C8220020C8220020D0220020D022002030
:10306800D8220020D8220020E0220020E0220020E0
:10307800E8220020E8220020F0220020F022002090
:10308800F8220020F822002000230020002300203E
:1030980008230020082300201023002010230020EC
:1030A800182300201823002020230020202300209C
:1030B800282300202823002030230020302300204C
:1030C80038230020382300204023002040230020FC
:1030D80048230020482300205023002050230020AC
:1030E800582300205823002060230020602300205C
:1030F800682300206823002070230020702300200C
:1031080078230020782300208023002080230020BB
:10311800882300208823002090230020902300206B
:103128009823002098230020A0230020A02300201B
:10313800A8230020A8230020B0230020B0230020CB
:10314800B8230020B8230020C0230020C02300207B
:10315800C8230020C8230020D0230020D02300202B
:10316800D8230020D8230020E0230020E0230020DB
:10317800E8230020E8230020F0230020F02300208B
:10318800F8230020F8230020002400200024002039
:1031980008240020082400201024002010240020E7
:1031A8001824002018240020202400202024002097
:1031B8002824002028240020302400203024002047
:1031C80038240020382400204024002040240020F7
:1031D80048240020482400205024002050240020A7
:1031E8005824002058240020602400206024002057
:1031F8006824002068240020702400207024002007
:1032080078240020782400208024002080240020B6
:103218008824002088240020902400209024002066
:103228009824002098240020A0240020A024002016
:10323800A8240020A8240020B0240020B0240020C6
:10324800B8240020B8240020C0240020C024002076
:10325800C8240020C8240020D0240020D024002026
:10326800D8240020D8240020E0240020E0240020D6
:10327800E8240020E8240020F0240020F024002086
:10328800F8240020F8240020002500200025002034
:1032980008250020082500201025002010250020E2
:1032A8001825002018250020202500202025002092
:1032B8002825002028250020302500203025002042
:1032C80038250020382500204025002040250020F2
:1032D80048250020482500205025002050250020A2
:1032E8005825002058250020602500206025002052
:1032F8006825002068250020702500207025002002
:1033080078250020782500208025002080250020B1
:103318008825002088250020902500209025002061
:103328009825002098250020A0250020A025002011
:10333800A8250020A8250020B0250020B0250020C1
:10334800B8250020B8250020C0250020C025002071
:10335800C8250020C8250020D0250020D025002021
:10336800D8250020D8250020E0250020E0250020D1
:10337800E8250020E8250020F0250020F025002081
:10338800F8250020F825002000260020002600202F
:1033980008260020082600201026002010260020DD
:1033A800182600201826002020260020202600208D
:1033B800FFFFFFFF00000200781700200101010055
:1033C8000101010012010002EF020140C01683044E
:1033D80080020102030100000000000080000000DC
:1033E8000101010101010101B1BD0000B1BD0000F1
:1033F800B1BD0000B1BD0000B1BD0000B1BD00000D
:10340800B1BD0000B1BD0000B1BD0000B1BD0000FC
:10341800B1BD0000B1BD0000B1BD0000B1BD0000EC
:10342800B1BD0000B1BD0000B1BD0000B1BD0000DC
:10343800B1BD0000B1BD0000B1BD0000B1BD0000CC
:10344800B1BD0000B1BD0000B1BD0000B1BD0000BC
:10345800B1BD0000B1BD0000B1BD0000B1BD0000AC
:10346800B1BD0000B1BD0000B1BD0000B1BD00009C
:10347800B1BD0000B1BD0000B1BD0000B1BD00008C
:10348800B1BD0000B1BD0000B1BD0000B1BD00007C
:10349800B1BD0000B1BD0000B1BD0000B1BD00006C
:1034A800B1BD0000B1BD0000B1BD0000B1BD00005C
:1034B800B1BD0000B1BD0000B1BD0000B1BD00004C
:1034C800B1BD0000B1BD0000B1BD0000B1BD00003C
:1034D800B1BD0000B1BD0000B1BD0000B1BD00002C
:1034E800B1BD0000B1BD0000B1BD0000B1BD00001C
:1034F800B1BD0000B1BD0000B1BD0000B1BD00000C
:10350800B1BD0000B1BD0000B1BD0000B1BD0000FB
:10351800B1BD0000B1BD0000B1BD0000B1BD0000EB
:10352800B1BD0000B1BD0000B1BD0000B1BD0000DB
:10353800B1BD0000B1BD0000B1BD0000B1BD0000CB
:10354800B1BD0000B1BD0000B1BD0000B1BD0000BB
:10355800B1BD0000B1BD0000B1BD0000B1BD0000AB
:10356800B1BD0000B1BD0000B1BD0000B1BD00009B
:10357800B1BD0000B1BD0000B1BD0000B1BD00008B
:10358800B1BD0000B1BD0000B1BD0000B1BD00007B
:10359800B1BD0000B1BD0000B1BD0000B1BD00006B
:1035A800B1BD0000B1BD0000B1BD0000B1BD00005B
:1035B800B1BD0000B1BD0000B1BD0000B1BD00004B
:1035C800B1BD0000B1BD0000B1BD0000B1BD00003B
:1035D800B1BD0000B1BD0000B1BD0000B1BD00002B
:1035E800B1BD0000B1BD00002800000000010400CA
:1035F8000100000000000000020157494E555342E7
:1036080000000000000000000000000000000000B2
:1036180012034D00530046005400310030003000C2
:10362800F800000001010100B01800201C51002022
:103638000000000000000000101900206051002068
:10364800010000000000000070190020A4510020B3
:1036580002000000000000001C5100206051002002
:10366800A4510020B0180020101900207019002063
:10367800D0190020301A0020901A0020F01A0020DB
:10368800501B00200C030000000000000000000098
:10369800000000000000000000000101010100001E
:1036A8000000000000000000000000000000000012
:1036B8000000000000000000000000000000000002
:1036C80000000000000000000000000000000000F2
:1036D80000000000000000000000000000000000E2
:1036E80000000000000000000000000000000000D2
:1036F80000000000000000000000000000000000C2
:1037080000000000000000000000000000000000B1
:1037180000000000000000000000000000000000A1
:103728000000000000000000000000000000000091
:103738000000000000000000000000000000000081
:103748000000000000000000000000000000000071
:103758000000000000000000000000000000000061
:103768000000000000000000000000000000000051
:103778000000000000000000000000000000000041
:103788000000000000000000000000000000000031
:103798000000000000000000000000000000000021
:1037A8000000000000000000000000000000000011
:1037B8000000000000000000000000000000000001
:1037C80000000000000000000000000000000000F1
:1037D80000000000000000000000000000000000E1
:1037E80000000000000000000000000000000000D1
:1037F80000000000000000000000000000000000C1
:1038080000000000000000000000000000000000B0
:1038180000000000000000000000000000000000A0
:103828000000000000000000000000000000000090
:103838000000000000000000000000000000000080
:103848000000000000000000000000000000000070
:103858000000000000000000000000000000000060
:103868000000000000000000000000000000000050
:103878000000000000000000000000000000000040
:103888000000000000000000000000000000000030
:103898000000000000000000000000000000000020
:1038A8000000000000000000000000000000000010
:1038B8000000000000000000000000000000000000
:1038C80000000000000000000000000000000000F0
:1038D80000000000000000000000000000000000E0
:1038E80000000000000000000000000000000000D0
:1038F80000000000000000000000000000000000C0
:1039080000000000000000000000000000000000AF
:10391800000000000000000000000000000000009F
:10392800000000000000000000000000000000008F
:10393800000000000000000000000000000000007F
:10394800000000000000000000000000000000006F
:10395800000000000000000000000000000000005F
:10396800000000000000000000000000000000004F
:10397800000000000000000000000000000000003F
:10398800000000000000000000000000000000002F
:10399800000000000000000000000000000000001F
:1039A800000000000000000000000000000000000F
:1039B80000000000000000000000000000000000FF
:1039C80000000000000000000000000000000000EF
:1039D80000000000000000000000000000000000DF
:1039E80000000000000000000000000000000000CF
:1039F80000000000000000000000000000000000BF
:103A080000000000000000000000000000000000AE
:103A1800000000000000000000000000000000009E
:103A2800000000000000000000000000000000008E
:103A3800000000000000000000000000000000007E
:103A4800000000000000000000000000000000006E
:103A5800000000000000000000000000000000005E
:103A6800000000000000000000000000000000004E
:103A7800000000000000000000000000000000003E
:103A8800000000000000000000000000000000002E
:103A9800000000000000000000000000000000001E
:103AA800000000000000000000000000000000000E
:103AB80000000000000000000000000000000000FE
:103AC80000000000000000000000000000000000EE
:103AD80000000000000000000000000000000000DE
:103AE80000000000000000000000000000000000CE
:103AF80000000000000000000000000000000000BE
:103B080000000000000000000000000000000000AD
:103B1800000000000000000000000000000000009D
:103B2800000000000000000000000000000000008D
:103B3800000000000000000000000000000000007D
:103B4800000000000000000000000000000000006D
:103B5800000000000000000000000000000000005D
:103B6800000000000000000000000000000000004D
:103B7800000000000000000000000000000000003D
:103B8800000000000000000000000000000000002D
:103B9800000000000000000000000000000000001D
:103BA800000000000000000000000000000000000D
:103BB80000000000000000000000000000000000FD
:103BC80000000000000000000000000000000000ED
:103BD80000000000000000000000000000000000DD
:103BE80000000000000000000000000000000000CD
:103BF80000000000000000000000000000000000BD
:103C080000000000000000000000000000000000AC
:103C1800000000000000000000000000000000009C
:103C2800000000000000000000000000000000008C
:103C3800000000000000000000000000000000007C
:103C4800FFFFFFFFFFFFFFFFFFFFFFFFFFFFFFFF7C
:103C5800FFFFFFFFFFFFFFFFFFFFFFFFFFFFFFFF6C
:103C6800FFFFFFFFFFFFFFFFFFFFFFFFFFFFFFFF5C
:103C7800FFFFFFFFFFFFFFFFFFFFFFFFFFFFFFFF4C
:103C8800FFFFFFFFFFFFFFFFFFFFFFFFFFFFFFFF3C
:103C9800FFFFFFFFFFFFFFFFFFFFFFFFFFFFFFFF2C
:103CA800FFFFFFFFFFFFFFFFFFFFFFFFFFFFFFFF1C
:103CB800FFFFFFFFFFFFFFFFFFFFFFFFFFFFFFFF0C
:103CC800FFFFFFFFFFFFFFFFFFFFFFFFFFFFFFFFFC
:103CD800FFFFFFFFFFFFFFFFFFFFFFFFFFFFFFFFEC
:103CE800FFFFFFFFFFFFFFFFFFFFFFFFFFFFFFFFDC
:103CF800FFFFFFFFFFFFFFFFFFFFFFFFFFFFFFFFCC
:103D0800FFFFFFFFFFFFFFFFFFFFFFFFFFFFFFFFBB
:103D1800FFFFFFFFFFFFFFFFFFFFFFFFFFFFFFFFAB
:103D2800FFFFFFFFFFFFFFFFFFFFFFFFFFFFFFFF9B
:103D3800FFFFFFFFFFFFFFFFFFFFFFFFFFFFFFFF8B
:103D4800FFFFFFFFFFFFFFFFFFFFFFFFFFFFFFFF7B
:103D5800FFFFFFFFFFFFFFFFFFFFFFFFFFFFFFFF6B
:103D6800FFFFFFFFFFFFFFFFFFFFFFFFFFFFFFFF5B
:103D7800FFFFFFFFFFFFFFFFFFFFFFFFFFFFFFFF4B
:103D8800FFFFFFFFFFFFFFFFFFFFFFFFFFFFFFFF3B
:103D9800FFFFFFFFFFFFFFFFFFFFFFFFFFFFFFFF2B
:103DA800FFFFFFFFFFFFFFFFFFFFFFFFFFFFFFFF1B
:103DB800FFFFFFFFFFFFFFFFFFFFFFFFFFFFFFFF0B
:103DC800FFFFFFFFFFFFFFFFFFFFFFFFFFFFFFFFFB
:103DD800FFFFFFFFFFFFFFFFFFFFFFFFFFFFFFFFEB
:103DE800FFFFFFFFFFFFFFFFFFFFFFFFFFFFFFFFDB
:103DF800FFFFFFFFFFFFFFFFFFFFFFFFFFFFFFFFCB
:103E0800FFFFFFFFFFFFFFFFFFFFFFFFFFFFFFFFBA
:103E1800FFFFFFFFFFFFFFFFFFFFFFFFFFFFFFFFAA
:103E2800FFFFFFFFFFFFFFFFFFFFFFFFFFFFFFFF9A
:103E3800FFFFFFFFFFFFFFFFFFFFFFFFFFFFFFFF8A
:103E4800FFFFFFFFFFFFFFFFFFFFFFFFFFFFFFFF7A
:103E5800FFFFFFFFFFFFFFFFFFFFFFFFFFFFFFFF6A
:103E6800FFFFFFFFFFFFFFFFFFFFFFFFFFFFFFFF5A
:103E7800FFFFFFFFFFFFFFFFFFFFFFFFFFFFFFFF4A
:103E8800FFFFFFFFFFFFFFFFFFFFFFFFFFFFFFFF3A
:103E9800FFFFFFFFFFFFFFFFFFFFFFFFFFFFFFFF2A
:103EA800FFFFFFFFFFFFFFFFFFFFFFFFFFFFFFFF1A
:103EB800FFFFFFFFFFFFFFFFFFFFFFFFFFFFFFFF0A
:103EC800FFFFFFFFFFFFFFFFFFFFFFFFFFFFFFFFFA
:103ED800FFFFFFFFFFFFFFFFFFFFFFFFFFFFFFFFEA
:103EE800FFFFFFFFFFFFFFFFFFFFFFFFFFFFFFFFDA
:103EF800FFFFFFFFFFFFFFFFFFFFFFFFFFFFFFFFCA
:103F0800FFFFFFFFFFFFFFFFFFFFFFFFFFFFFFFFB9
:103F1800FFFFFFFFFFFFFFFFFFFFFFFFFFFFFFFFA9
:103F2800FFFFFFFFFFFFFFFFFFFFFFFFFFFFFFFF99
:103F3800FFFFFFFFFFFFFFFFFFFFFFFFFFFFFFFF89
:103F4800FFFFFFFFFFFFFFFFFFFFFFFFFFFFFFFF79
:103F5800FFFFFFFFFFFFFFFFFFFFFFFFFFFFFFFF69
:103F6800FFFFFFFFFFFFFFFFFFFFFFFFFFFFFFFF59
:103F7800FFFFFFFFFFFFFFFFFFFFFFFFFFFFFFFF49
:103F8800FFFFFFFFFFFFFFFFFFFFFFFFFFFFFFFF39
:103F9800FFFFFFFFFFFFFFFFFFFFFFFFFFFFFFFF29
:103FA800FFFFFFFFFFFFFFFFFFFFFFFFFFFFFFFF19
:103FB800FFFFFFFFFFFFFFFFFFFFFFFFFFFFFFFF09
:103FC800FFFFFFFFFFFFFFFFFFFFFFFFFFFFFFFFF9
:103FD800FFFFFFFFFFFFFFFFFFFFFFFFFFFFFFFFE9
:103FE800FFFFFFFFFFFFFFFFFFFFFFFFFFFFFFFFD9
:103FF800FFFFFFFFFFFFFFFF0000000000000000C1
:1040080000000000000000000000000000000000A8
:104018000000000000000000000000000000000098
:104028000000000000000000000000000000000088
:104038000000000000000000000000000000000078
:104048000000000000000000000000000000000068
:104058000000000000000000000000000000000058
:104068000000000000000000000000000000000048
:104078000000000000000000000000000000000038
:104088000000000000000000000000000000000028
:104098000000000000000000000000000000000018
:1040A8000000000000000000000000000000000008
:1040B80000000000000000000000000000000000F8
:1040C80000000000000000000000000000000000E8
:1040D80000000000000000000000000000000000D8
:1040E80000000000000000000000000000000000C8
:1040F80000000000000000000000000000000000B8
:1041080000000000000000000000000000000000A7
:104118000000000000000000000000000000000097
:104128000000000000000000000000000000000087
:104138000000000000000000000000000000000077
:104148000000000000000000000000000000000067
:104158000000000000000000000000000000000057
:104168000000000000000000000000000000000047
:104178000000000000000000000000000000000037
:104188000000000000000000000000000000000027
:104198000000000000000000000000000000000017
:1041A8000000000000000000000000000000000007
:1041B80000000000000000000000000000000000F7
:1041C80000000000000000000000000000000000E7
:1041D80000000000000000000000000000000000D7
:1041E80000000000000000000000000000000000C7
:1041F80000000000000000000000000000000000B7
:1042080000000000000000000000000000000000A6
:104218000000000000000000000000000000000096
:104228000000000000000000000000000000000086
:104238000000000000000000000000000000000076
:104248000000000000000000000000000000000066
:104258000000000000000000000000000000000056
:104268000000000000000000000000000000000046
:104278000000000000000000000000000000000036
:104288000000000000000000000000000000000026
:104298000000000000000000000000000000000016
:1042A8000000000000000000000000000000000006
:1042B80000000000000000000000000000000000F6
:1042C80000000000000000000000000000000000E6
:1042D80000000000000000000000000000000000D6
:1042E80000000000000000000000000000000000C6
:1042F80000000000000000000000000000000000B6
:1043080000000000000000000000000000000000A5
:104318000000000000000000000000000000000095
:104328000000000000000000000000000000000085
:104338000000000000000000000000000000000075
:104348000000000000000000000000000000000065
:104358000000000000000000000000000000000055
:104368000000000000000000000000000000000045
:104378000000000000000000000000000000000035
:104388000000000000000000000000000000000025
:104398000000000000000000000000000000000015
:1043A8000000000000000000000000000000000005
:1043B80000000000000000000000000000000000F5
:1043C80000000000000000000000000000000000E5
:1043D80000000000000000000000000000000000D5
:1043E80000000000000000000000000000000000C5
:1043F80000000000000000000000000000000000B5
:1044080000000000000000000000000000000000A4
:104418000000000000000000000000000000000094
:104428000000000000000000000000000000000084
:104438000000000000000000000000000000000074
:104448000000000000000000000000000000000064
:104458000000000000000000000000000000000054
:104468000000000000000000000000000000000044
:104478000000000000000000000000000000000034
:104488000000000000000000000000000000000024
:104498000000000000000000000000000000000014
:1044A8000000000000000000000000000000000004
:1044B80000000000000000000000000000000000F4
:1044C80000000000000000000000000000000000E4
:1044D80000000000000000000000000000000000D4
:1044E80000000000000000000000000000000000C4
:1044F80000000000000000000000000000000000B4
:1045080000000000000000000000000000000000A3
:104518000000000000000000000000000000000093
:104528000000000000000000000000000000000083
:104538000000000000000000000000000000000073
:104548000000000000000000000000000000000063
:104558000000000000000000000000000000000053
:104568000000000000000000000000000000000043
:104578000000000000000000000000000000000033
:104588000000000000000000000000000000000023
:104598000000000000000000000000000000000013
:1045A8000000000000000000000000000000000003
:1045B80000000000000000000000000000000000F3
:1045C80000000000000000000000000000000000E3
:1045D80000000000000000000000000000000000D3
:1045E80000000000000000000000000000000000C3
:1045F80000000000000000000000000000000000B3
:1046080000000000000000000000000000000000A2
:104618000000000000000000000000000000000092
:104628000000000000000000000000000000000082
:104638000000000000000000000000000000000072
:104648000000000000000000000000000000000062
:104658000000000000000000000000000000000052
:104668000000000000000000000000000000000042
:104678000000000000000000000000000000000032
:104688000000000000000000000000000000000022
:104698000000000000000000000000000000000012
:1046A8000000000000000000000000000000000002
:1046B80000000000000000000000000000000000F2
:1046C80000000000000000000000000000000000E2
:1046D80000000000000000000000000000000000D2
:1046E80000000000000000000000000000000000C2
:1046F80000000000000000000000000000000000B2
:1047080000000000000000000000000000000000A1
:104718000000000000000000000000000000000091
:104728000000000000000000000000000000000081
:104738000000000000000000000000000000000071
:104748000000000000000000000000000000000061
:104758000000000000000000000000000000000051
:104768000000000000000000000000000000000041
:104778000000000000000000000000000000000031
:104788000000000000000000000000000000000021
:104798000000000000000000000000000000000011
:1047A8000000000000000000000000000000000001
:1047B80000000000000000000000000000000000F1
:1047C80000000000000000000000000000000000E1
:1047D80000000000000000000000000000000000D1
:1047E80000000000000000000000000000000000C1
:1047F80000000000000000000000000000000000B1
:1048080000000000000000000000000000000000A0
:104818000000000000000000000000000000000090
:104828000000000000000000000000000000000080
:104838000000000000000000000000000000000070
:104848000000000000000000000000000000000060
:104858000000000000000000000000000000000050
:104868000000000000000000000000000000000040
:104878000000000000000000000000000000000030
:104888000000000000000000000000000000000020
:104898000000000000000000000000000000000010
:1048A8000000000000000000000000000000000000
:1048B80000000000000000000000000000000000F0
:1048C80000000000000000000000000000000000E0
:1048D80000000000000000000000000000000000D0
:1048E80000000000000000000000000000000000C0
:1048F80000000000000000000000000000000000B0
:10490800000000000000000000000000000000009F
:10491800000000000000000000000000000000008F
:10492800000000000000000000000000000000007F
:10493800000000000000000000000000000000006F
:10494800000000000000000000000000000000005F
:10495800000000000000000000000000000000004F
:10496800000000000000000000000000000000003F
:10497800000000000000000000000000000000002F
:10498800000000000000000000000000000000001F
:10499800000000000000000000000000000000000F
:1049A80000000000000000000000000000000000FF
:1049B80000000000000000000000000000000000EF
:1049C80000000000000000000000000000000000DF
:1049D80000000000000000000000000000000000CF
:1049E80000000000000000000000000000000000BF
:1049F80000000000000000000000000000000000AF
:104A0800000000000000000000000000000000009E
:104A1800000000000000000000000000000000008E
:104A2800000000000000000000000000000000007E
:104A3800000000000000000000000000000000006E
:104A4800000000000000000000000000000000005E
:104A5800000000000000000000000000000000004E
:104A6800000000000000000000000000000000003E
:104A7800000000000000000000000000000000002E
:104A8800000000000000000000000000000000001E
:104A9800000000000000000000000000000000000E
:104AA80000000000000000000000000000000000FE
:104AB80000000000000000000000000000000000EE
:104AC80000000000000000000000000000000000DE
:104AD80000000000000000000000000000000000CE
:104AE80000000000000000000000000000000000BE
:104AF80000000000000000000000000000000000AE
:104B0800000000000000000000000000000000009D
:104B1800000000000000000000000000000000008D
:104B2800000000000000000000000000000000007D
:104B3800000000000000000000000000000000006D
:104B4800000000000000000000000000000000005D
:104B5800000000000000000000000000000000004D
:104B6800000000000000000000000000000000003D
:104B7800000000000000000000000000000000002D
:104B8800000000000000000000000000000000001D
:104B9800000000000000000000000000000000000D
:104BA80000000000000000000000000000000000FD
:104BB80000000000000000000000000000000000ED
:104BC80000000000000000000000000000000000DD
:104BD80000000000000000000000000000000000CD
:104BE80000000000000000000000000000000000BD
:084BF8000000000000000000B5
:040000056000100087
:00000001FF
